[2026-09-18T18:49:01.013] [DEBUG] debug-file - env: nodejsVersion=v18.20.1
[2026-09-18T18:49:01.125] [DEBUG] debug-file - Hvigor init with startParameters:{
  hvigorfileTypeCheck: false,
  parallelExecution: true,
  incrementalExecution: true,
  printStackTrace: false,
  daemon: false,
  analyze: 0,
  logLevel: Level { level: 20000, levelStr: 'INFO', colour: 'green' },
  optimizationStrategy: 'memory',
  hotCompile: undefined,
  hotReloadBuild: undefined,
  customizedParam: undefined
}
[2026-09-18T18:49:01.576] [DEBUG] debug-file - hvigorfile, require result:  { default: { system: [Function: appTasks], plugins: [] } }
[2026-09-18T18:49:01.654] [DEBUG] debug-file - App plugin register hook start...
[2026-09-18T18:49:01.655] [DEBUG] debug-file - Start initialize project's product build option map with build mode debug.
[2026-09-18T18:49:01.656] [DEBUG] debug-file - Obtain build option for product 'default'in this build.
[2026-09-18T18:49:01.658] [DEBUG] debug-file - Start recording SDK configuration permission data.
[2026-09-18T18:49:01.677] [DEBUG] debug-file - Project task initialization takes 4 ms 
[2026-09-18T18:49:01.681] [DEBUG] debug-file - failed to load cangjie to dynamically generate schemas: Error: Cannot find module '@ohos/cangjie-build-support/index'
Require stack:
- /Users/abhi/.hvigor/project_caches/0947245c615fa1be5fb4a847626f95c7/workspace/node_modules/.pnpm/@ohos+hvigor-ohos-plugin@6.24.2/node_modules/@ohos/hvigor-ohos-plugin/src/plugin/hooks/cangjie-register.js
- /Users/abhi/.hvigor/project_caches/0947245c615fa1be5fb4a847626f95c7/workspace/node_modules/.pnpm/@ohos+hvigor-ohos-plugin@6.24.2/node_modules/@ohos/hvigor-ohos-plugin/src/plugin/strategy/stage-init-strategy.js
- /Users/abhi/.hvigor/project_caches/0947245c615fa1be5fb4a847626f95c7/workspace/node_modules/.pnpm/@ohos+hvigor-ohos-plugin@6.24.2/node_modules/@ohos/hvigor-ohos-plugin/src/plugin/builder/abstract-plugin-builder.js
- /Users/abhi/.hvigor/project_caches/0947245c615fa1be5fb4a847626f95c7/workspace/node_modules/.pnpm/@ohos+hvigor-ohos-plugin@6.24.2/node_modules/@ohos/hvigor-ohos-plugin/src/plugin/builder/app-plugin-builder.js
- /Users/abhi/.hvigor/project_caches/0947245c615fa1be5fb4a847626f95c7/workspace/node_modules/.pnpm/@ohos+hvigor-ohos-plugin@6.24.2/node_modules/@ohos/hvigor-ohos-plugin/src/plugin/factory/plugin-factory.js
- /Users/abhi/.hvigor/project_caches/0947245c615fa1be5fb4a847626f95c7/workspace/node_modules/.pnpm/@ohos+hvigor-ohos-plugin@6.24.2/node_modules/@ohos/hvigor-ohos-plugin/index.js
- /Users/abhi/Desktop/HarmonyOS Ports/OpenTwit-Web/hvigorfile.ts
- /Users/abhi/Developer/command-line-tools/hvigor/hvigor/src/base/internal/lifecycle/configuration.js
- /Users/abhi/Developer/command-line-tools/hvigor/hvigor/src/base/boot/index.js
- /Users/abhi/Developer/command-line-tools/hvigor/hvigor/src/cli/main/cli.js
- /Users/abhi/Developer/command-line-tools/hvigor/hvigor/bin/hvigor.js
[2026-09-18T18:49:01.685] [DEBUG] debug-file - Start initialize module-target build option map, moduleName=entry, buildMode=debug
[2026-09-18T18:49:01.688] [DEBUG] debug-file - project has submodules:entry
[2026-09-18T18:49:01.689] [DEBUG] debug-file - start to load updatedOhPackageInfo to the disk
[2026-09-18T18:49:01.690] [DEBUG] debug-file - Start to initialize dependency information.
[2026-09-18T18:49:01.694] [DEBUG] debug-file - Since there is no instance or instance is terminated, create a new worker pool.
[2026-09-18T18:49:01.694] [DEBUG] debug-file - Create  resident worker with id: 0.
[2026-09-18T18:49:01.697] [DEBUG] debug-file - Executing task :entry:default@PreBuild
[2026-09-18T18:49:01.709] [DEBUG] debug-file - Executing task :entry:default@GeneratePkgContextInfo
[2026-09-18T18:49:01.714] [DEBUG] debug-file - Executing task :entry:default@ProcessIntegratedHsp
[2026-09-18T18:49:01.714] [DEBUG] debug-file - Executing task :entry:default@BuildNativeWithCmake
[2026-09-18T18:49:01.706] [DEBUG] debug-file - Executing task :entry:default@CreateBuildProfile
[2026-09-18T18:49:01.703] [DEBUG] debug-file - Executing task :entry:default@GenerateMetadata
[2026-09-18T18:49:01.708] [DEBUG] debug-file - Executing task :entry:default@PreCheckSyscap
[2026-09-18T18:49:01.715] [DEBUG] debug-file - Executing task :entry:default@MakePackInfo
[2026-09-18T18:49:01.577] [DEBUG] debug-file - Starting plugin build process
[2026-09-18T18:49:01.724] [DEBUG] debug-file - Executing task :entry:default@ProcessShareConfig
[2026-09-18T18:49:01.724] [DEBUG] debug-file - Executing task :entry:default@ProcessStartupConfig
[2026-09-18T18:49:01.715] [DEBUG] debug-file - Executing task :entry:default@SyscapTransform
[2026-09-18T18:49:01.723] [DEBUG] debug-file - Executing task :entry:default@ProcessRouterMap
[2026-09-18T18:49:01.722] [DEBUG] debug-file - Executing task :entry:default@ProcessProfile
[2026-09-18T18:49:01.726] [DEBUG] debug-file - Executing task :entry:default@BuildNativeWithNinja
[2026-09-18T18:49:01.731] [DEBUG] debug-file - Executing task :entry:default@CompileResource
[2026-09-18T18:49:01.727] [DEBUG] debug-file - Executing task :entry:default@ProcessResource
[2026-09-18T18:49:01.728] [DEBUG] debug-file - Executing task :entry:default@GenerateLoaderJson
[2026-09-18T18:49:01.730] [DEBUG] debug-file - Executing task :entry:default@ProcessLibs
[2026-09-18T18:49:01.733] [DEBUG] debug-file - Executing task :entry:default@DoNativeStrip
[2026-09-18T18:49:01.740] [DEBUG] debug-file - Executing task :entry:default@BuildJS
[2026-09-18T18:49:01.741] [DEBUG] debug-file - Executing task :entry:default@CacheNativeLibs
[2026-09-18T18:49:01.733] [DEBUG] debug-file - Executing task :entry:default@CompileArkTS
[2026-09-18T18:49:01.013] [DEBUG] debug-file - env: hvigor-config.json5 content = {
  modelVersion: '5.0.0',
  hvigorVersion: '6.24.2',
  dependencies: { '@ohos/hvigor-ohos-plugin': '6.24.2' }
}
[2026-09-18T18:49:01.126] [DEBUG] debug-file - Cache service initialization finished in 2 ms 
[2026-09-18T18:49:01.576] [DEBUG] debug-file - hvigorfile, binding system plugins [Function: appTasks]
[2026-09-18T18:49:01.654] [DEBUG] debug-file - App plugin register hook end...
[2026-09-18T18:49:01.655] [DEBUG] debug-file - Picking option from product 'default' with build mode 'debug'.
[2026-09-18T18:49:01.656] [DEBUG] debug-file - /Users/abhi/Desktop/HarmonyOS Ports/OpenTwit-Web/build/cache/default/remote_hsp/remoteHspCache.json not exists.
[2026-09-18T18:49:01.673] [DEBUG] debug-file - Sdk init in 17 ms 
[2026-09-18T18:49:01.677] [DEBUG] debug-file - hvigorfile, begin to bind custom plugins...
[2026-09-18T18:49:01.686] [DEBUG] debug-file - Target 'default' config initialized
[2026-09-18T18:49:01.689] [DEBUG] debug-file - load to the disk finished
[2026-09-18T18:49:01.691] [DEBUG] debug-file - Module entry Collected Dependency: 
[2026-09-18T18:49:01.694] [DEBUG] debug-file - Worker pool is initialized with config:  {
  minPoolNum: 2,
  maxPoolNum: undefined,
  maxCoreSize: undefined,
  cacheCapacity: undefined,
  cacheTtl: undefined
}
[2026-09-18T18:49:01.695] [DEBUG] debug-file - Create  resident worker with id: 1.
[2026-09-18T18:49:01.697] [WARN] debug-file - The project has not explicitly set the 'targetSdkVersion' version at build-profile.json5. It is recommended to configure it. Reference: https://developer.huawei.com/consumer/en/doc/harmonyos-guides/ide-hvigor-build-profile-app#section45865492619
[2026-09-18T18:49:01.711] [DEBUG] debug-file - Task 'entry:default@GeneratePkgContextInfo' cost while wrapping incremental declarations: 1 ms 
[2026-09-18T18:49:01.714] [DEBUG] debug-file - entry:default@ProcessIntegratedHsp is not up-to-date, since the output file '/Users/abhi/Desktop/HarmonyOS Ports/OpenTwit-Web/build/cache/default/integrated_hsp/integratedHspCache.json' does not exist.
[2026-09-18T18:49:01.714] [DEBUG] debug-file - entry : default@BuildNativeWithCmake cost memory 0.01372528076171875
[2026-09-18T18:49:01.706] [DEBUG] debug-file - Task 'entry:default@CreateBuildProfile' cost while wrapping incremental declarations: 1 ms 
[2026-09-18T18:49:01.703] [DEBUG] debug-file - Task 'entry:default@GenerateMetadata' cost while wrapping incremental declarations: 1 ms 
[2026-09-18T18:49:01.708] [DEBUG] debug-file - entry : default@PreCheckSyscap cost memory 0.01557159423828125
[2026-09-18T18:49:01.715] [DEBUG] debug-file - Incremental task entry:default@MakePackInfo pre-execution cost: 1 ms .
[2026-09-18T18:49:01.577] [DEBUG] debug-file - App plugin prepare start...
[2026-09-18T18:49:01.724] [DEBUG] debug-file - Incremental task entry:default@ProcessShareConfig pre-execution cost: 1 ms .
[2026-09-18T18:49:01.725] [DEBUG] debug-file - Task 'entry:default@ProcessStartupConfig' cost while wrapping incremental declarations: 1 ms 
[2026-09-18T18:49:01.726] [DEBUG] debug-file - entry : default@BuildNativeWithNinja cost memory 0.0186309814453125
[2026-09-18T18:49:01.732] [DEBUG] debug-file - Incremental task entry:default@CompileResource pre-execution cost: 2 ms .
[2026-09-18T18:49:01.727] [DEBUG] debug-file - Task 'entry:default@ProcessResource' cost while wrapping incremental declarations: 1 ms 
[2026-09-18T18:49:01.728] [DEBUG] debug-file - Task 'entry:default@GenerateLoaderJson' cost while wrapping incremental declarations: 1 ms 
[2026-09-18T18:49:01.730] [DEBUG] debug-file - Incremental task entry:default@ProcessLibs pre-execution cost: 1 ms .
[2026-09-18T18:49:01.733] [DEBUG] debug-file - File: '/Users/abhi/Desktop/HarmonyOS Ports/OpenTwit-Web/entry/build/default/intermediates/binxo/default' from 'doBinxoNativeLibs' is not exists, just ignore.
[2026-09-18T18:49:01.740] [DEBUG] debug-file - Task 'entry:default@BuildJS' cost while wrapping incremental declarations: 1 ms 
[2026-09-18T18:49:01.741] [DEBUG] debug-file - File: '/Users/abhi/Desktop/HarmonyOS Ports/OpenTwit-Web/entry/build/default/intermediates/binxo/default' from 'cacheBinxoNativeLibs' is not exists, just ignore.
[2026-09-18T18:49:01.734] [DEBUG] debug-file - obfuscationOptions: undefined
[2026-09-18T18:49:01.715] [DEBUG] debug-file - File: '/Users/abhi/Desktop/HarmonyOS Ports/OpenTwit-Web/entry/src/main/syscap.json' from 'sysCapJsonPath' is not exists, just ignore.
[2026-09-18T18:49:01.723] [DEBUG] debug-file - Incremental task entry:default@ProcessRouterMap pre-execution cost: 1 ms .
[2026-09-18T18:49:01.722] [DEBUG] debug-file - Task 'entry:default@ProcessProfile' cost while wrapping incremental declarations: 1 ms 
[2026-09-18T18:49:01.014] [DEBUG] debug-file - env: daemon=false
[2026-09-18T18:49:01.127] [DEBUG] debug-file - hvigorfile, resolving /Users/abhi/Desktop/HarmonyOS Ports/OpenTwit-Web/hvigorfile.ts
[2026-09-18T18:49:01.654] [DEBUG] debug-file - Plugin build process completed
[2026-09-18T18:49:01.655] [DEBUG] debug-file - Product 'default' build option initialized
[2026-09-18T18:49:01.677] [DEBUG] debug-file - hvigorfile, no custom plugins were found in /Users/abhi/Desktop/HarmonyOS Ports/OpenTwit-Web/hvigorfile.ts
[2026-09-18T18:49:01.686] [DEBUG] debug-file - Module 'entry' target 'default' build option initialized
[2026-09-18T18:49:01.691] [DEBUG] debug-file - Module entry's total dependency: 0
[2026-09-18T18:49:01.699] [DEBUG] debug-file - Task 'entry:default@PreBuild' cost while wrapping incremental declarations: 1 ms 
[2026-09-18T18:49:01.714] [DEBUG] debug-file - Incremental task entry:default@ProcessIntegratedHsp pre-execution cost: 1 ms .
[2026-09-18T18:49:01.714] [DEBUG] debug-file - runTaskFromQueue task cost before running: 592 ms 
[2026-09-18T18:49:01.707] [DEBUG] debug-file - Incremental task entry:default@CreateBuildProfile pre-execution cost: 1 ms .
[2026-09-18T18:49:01.703] [DEBUG] debug-file - Incremental task entry:default@GenerateMetadata pre-execution cost: 1 ms .
[2026-09-18T18:49:01.712] [DEBUG] debug-file - entry : default@GeneratePkgContextInfo cost memory 0.46318817138671875
[2026-09-18T18:49:01.689] [DEBUG] debug-file - Start to initialize dependency information.
[2026-09-18T18:49:01.708] [DEBUG] debug-file - runTaskFromQueue task cost before running: 586 ms 
[2026-09-18T18:49:01.715] [DEBUG] debug-file - entry : default@MakePackInfo cost memory 0.0943450927734375
[2026-09-18T18:49:01.577] [DEBUG] debug-file - App plugin prepare end...
[2026-09-18T18:49:01.724] [DEBUG] debug-file - entry : default@ProcessShareConfig cost memory 0.0897674560546875
[2026-09-18T18:49:01.726] [DEBUG] debug-file - runTaskFromQueue task cost before running: 604 ms 
[2026-09-18T18:49:01.725] [DEBUG] debug-file - entry:default@ProcessStartupConfig is not up-to-date, since the output file '/Users/abhi/Desktop/HarmonyOS Ports/OpenTwit-Web/entry/build/default/intermediates/startup/default/startup_config.json' does not exist.
[2026-09-18T18:49:01.727] [DEBUG] debug-file - Incremental task entry:default@ProcessResource pre-execution cost: 1 ms .
[2026-09-18T18:49:01.732] [DEBUG] debug-file - entry : default@CompileResource cost memory 0.337738037109375
[2026-09-18T18:49:01.729] [DEBUG] debug-file - Incremental task entry:default@GenerateLoaderJson pre-execution cost: 1 ms .
[2026-09-18T18:49:01.730] [DEBUG] debug-file - entry : default@ProcessLibs cost memory 0.08153533935546875
[2026-09-18T18:49:01.741] [DEBUG] debug-file - entry : default@BuildJS cost memory 0.11215972900390625
[2026-09-18T18:49:01.741] [DEBUG] debug-file - Task 'entry:default@CacheNativeLibs' cost while wrapping incremental declarations: 1 ms 
[2026-09-18T18:49:01.733] [DEBUG] debug-file - Task 'entry:default@DoNativeStrip' cost while wrapping incremental declarations: 1 ms 
[2026-09-18T18:49:01.734] [DEBUG] debug-file - Task 'entry:default@CompileArkTS' cost while wrapping incremental declarations: 1 ms 
[2026-09-18T18:49:01.716] [DEBUG] debug-file - Task 'entry:default@SyscapTransform' cost while wrapping incremental declarations: 1 ms 
[2026-09-18T18:49:01.723] [DEBUG] debug-file - entry : default@ProcessRouterMap cost memory 0.11053466796875
[2026-09-18T18:49:01.722] [DEBUG] debug-file - Incremental task entry:default@ProcessProfile pre-execution cost: 1 ms .
[2026-09-18T18:49:01.014] [DEBUG] debug-file - no-daemon, use the parent process.execArgv --max-old-space-size=8192,--max-semi-space-size=16,--expose-gc
[2026-09-18T18:49:01.655] [DEBUG] debug-file - End initialize project's product build option map with build mode 'debug'.
[2026-09-18T18:49:01.677] [DEBUG] debug-file - hvigorfile, resolve finished /Users/abhi/Desktop/HarmonyOS Ports/OpenTwit-Web/hvigorfile.ts
[2026-09-18T18:49:01.686] [DEBUG] debug-file - End initialize module-target build option map, moduleName=entry
[2026-09-18T18:49:01.692] [DEBUG] debug-file - Configuration phase cost:566 ms 
[2026-09-18T18:49:01.701] [DEBUG] debug-file - Incremental task entry:default@PreBuild pre-execution cost: 2 ms .
[2026-09-18T18:49:01.714] [DEBUG] debug-file - entry : default@ProcessIntegratedHsp cost memory 0.04705810546875
[2026-09-18T18:49:01.714] [INFO] debug-file - Finished :entry:default@BuildNativeWithCmake... after 1 ms 
[2026-09-18T18:49:01.707] [DEBUG] debug-file - entry : default@CreateBuildProfile cost memory 0.091644287109375
[2026-09-18T18:49:01.703] [DEBUG] debug-file - entry : default@GenerateMetadata cost memory 0.2796630859375
[2026-09-18T18:49:01.712] [DEBUG] debug-file - runTaskFromQueue task cost before running: 590 ms 
[2026-09-18T18:49:01.690] [DEBUG] debug-file - Module OpenTwit-Web Collected Dependency: 
[2026-09-18T18:49:01.708] [INFO] debug-file - Finished :entry:default@PreCheckSyscap... after 1 ms 
[2026-09-18T18:49:01.715] [INFO] debug-file - UP-TO-DATE :entry:default@MakePackInfo...  
[2026-09-18T18:49:01.577] [DEBUG] debug-file - App plugin creating...
[2026-09-18T18:49:01.724] [INFO] debug-file - UP-TO-DATE :entry:default@ProcessShareConfig...  
[2026-09-18T18:49:01.726] [INFO] debug-file - Finished :entry:default@BuildNativeWithNinja... after 1 ms 
[2026-09-18T18:49:01.727] [DEBUG] debug-file - entry : default@ProcessResource cost memory 0.12151336669921875
[2026-09-18T18:49:01.731] [INFO] debug-file - UP-TO-DATE :entry:default@ProcessLibs...  
[2026-09-18T18:49:01.741] [DEBUG] debug-file - runTaskFromQueue task cost before running: 619 ms 
[2026-09-18T18:49:01.742] [DEBUG] debug-file - Incremental task entry:default@CacheNativeLibs pre-execution cost: 1 ms .
[2026-09-18T18:49:01.733] [DEBUG] debug-file - Incremental task entry:default@DoNativeStrip pre-execution cost: 1 ms .
[2026-09-18T18:49:01.738] [DEBUG] debug-file - build config:
[2026-09-18T18:49:01.721] [DEBUG] debug-file - Incremental task entry:default@SyscapTransform pre-execution cost: 6 ms .
[2026-09-18T18:49:01.723] [INFO] debug-file - UP-TO-DATE :entry:default@ProcessRouterMap...  
[2026-09-18T18:49:01.725] [DEBUG] debug-file - Incremental task entry:default@ProcessStartupConfig pre-execution cost: 1 ms .
[2026-09-18T18:49:01.729] [DEBUG] debug-file - entry : default@GenerateLoaderJson cost memory 0.27463531494140625
[2026-09-18T18:49:01.732] [INFO] debug-file - UP-TO-DATE :entry:default@CompileResource...  
[2026-09-18T18:49:01.686] [DEBUG] debug-file - Start initialize module-target build option map, moduleName=entry, buildMode=release
[2026-09-18T18:49:01.693] [DEBUG] debug-file - Configuration task cost before running: 571 ms 
[2026-09-18T18:49:01.701] [DEBUG] debug-file - entry : default@PreBuild cost memory 0.614654541015625
[2026-09-18T18:49:01.714] [DEBUG] debug-file - runTaskFromQueue task cost before running: 592 ms 
[2026-09-18T18:49:01.707] [INFO] debug-file - UP-TO-DATE :entry:default@CreateBuildProfile...  
[2026-09-18T18:49:01.703] [INFO] debug-file - UP-TO-DATE :entry:default@GenerateMetadata...  
[2026-09-18T18:49:01.712] [INFO] debug-file - Finished :entry:default@GeneratePkgContextInfo... after 3 ms 
[2026-09-18T18:49:01.690] [DEBUG] debug-file - Module OpenTwit-Web's total dependency: 0
[2026-09-18T18:49:01.677] [DEBUG] debug-file - hvigorfile, resolving /Users/abhi/Desktop/HarmonyOS Ports/OpenTwit-Web/entry/hvigorfile.ts
[2026-09-18T18:49:01.726] [DEBUG] debug-file - restool module names: entry; moduleName=entry, taskName=default@ProcessResource
[2026-09-18T18:49:01.727] [INFO] debug-file - UP-TO-DATE :entry:default@ProcessResource...  
[2026-09-18T18:49:01.731] [DEBUG] debug-file - restool module names: entry; moduleName=entry, taskName=default@CompileResource
[2026-09-18T18:49:01.741] [INFO] debug-file - Finished :entry:default@BuildJS... after 1 ms 
[2026-09-18T18:49:01.733] [DEBUG] debug-file - entry : default@DoNativeStrip cost memory 0.0692901611328125
[2026-09-18T18:49:01.738] [DEBUG] debug-file - {
  moduleType: 'entry',
  perf: 0,
  targetName: '.default',
  packageManagerType: 'ohpm',
  localPropertiesPath: '/Users/abhi/Desktop/HarmonyOS Ports/OpenTwit-Web/local.properties',
  isPreview: false,
  isOhosTest: false,
  isLocalTest: false,
  buildMode: 'Debug',
  hotReloadBuild: undefined,
  watchMode: 'false',
  aceProfilePath: '/Users/abhi/Desktop/HarmonyOS Ports/OpenTwit-Web/entry/build/default/intermediates/res/default/resources/base/profile',
  etsLoaderPath: '/Users/abhi/Developer/command-line-tools/sdk/default/openharmony/ets/build-tools/ets-loader',
  modulePath: '/Users/abhi/Desktop/HarmonyOS Ports/OpenTwit-Web/entry',
  testFrameworkPar: {
    testMode: undefined,
    coveragePathFilter: undefined,
    coverageMode: undefined
  },
  needCoverageInsert: false,
  debugLine: false,
  projectTopDir: '/Users/abhi/Desktop/HarmonyOS Ports/OpenTwit-Web',
  compileSdkVersion: 24,
  compatibleSdkVersion: 24,
  originCompatibleSdkVersion: 24,
  compatibleSdkVersionStage: undefined,
  bundleName: 'c***t',
  etsLoaderVersion: '6.1.1.125',
  etsLoaderReleaseType: 'Release',
  aotCompileMode: 'type',
  apPath: '/Users/abhi/Desktop/HarmonyOS Ports/OpenTwit-Web/entry/modules.ap',
  entryModuleName: 'entry',
  entryModuleVersion: '1.0.0',
  entryPackageName: 'entry',
  allModuleNameHash: 'a660c64699cc15ae89ec0a8db121631e43f9cac40a33c65ab3bb5b24a32a70f0',
  externalApiPaths: [],
  compilerTypes: [],
  isCrossplatform: false,
  hvigorPluginFile: undefined,
  compilePluginPath: undefined,
  buildGeneratedProfilePath: '/Users/abhi/Desktop/HarmonyOS Ports/OpenTwit-Web/entry/build/default/generated/profile/default',
  bundleType: 'app',
  arkTSVersion: undefined,
  apiVersion: 24,
  needCompleteSourcesMap: false,
  isFaMode: false,
  buildDir: '/Users/abhi/Desktop/HarmonyOS Ports/OpenTwit-Web/entry/build',
  deviceTypes: [ 'default', 'tablet' ],
  pkgContextInfo: undefined,
  ohPackagePathMap: {},
  dependencyAliasMap: {},
  permission: { requestPermissions: [ [Object] ], definePermissions: undefined },
  useGetCurrentBundleName: false,
  projectArkOption: undefined,
  sourceMapDir: undefined,
  branchElimination: false,
  transformLib: undefined,
  tsImportSendable: false,
  resolveConflictMode: true,
  depName2RootPath: {},
  depName2DepInfo: {},
  depName2OhExports: {},
  rootPathSet: [ '/Users/abhi/Desktop/HarmonyOS Ports/OpenTwit-Web' ],
  useNativeResolver: true,
  shouldEmitJs: true,
  useTscResolve: false,
  singleFileEmit: false,
  userProjectConfig: {
    autoLazyImport: false,
    allowEmptyBundleName: false,
    reExportCheckMode: 'noCheck',
    executionMode: 'memory',
    usePathPlaceholder: false,
    writeRollupCache: true,
    isExpandImportEnabled: false,
    expandImportExclude: '',
    lazyImportExclude: '',
    lazyImportInclude: '',
    ignoreCrossplatformCheck: false,
    isHarDeduplicateEnabled: false,
    skipOhModulesLint: false,
    enableStrictCheckOHModule: false,
    disableSendableCheckRules: [],
    useDeclarationFileSignature: false,
    customizedOptions: undefined,
    integratedHsp: false,
    isPreloadSoEnabled: false
  },
  executionMode: 'memory',
  arkCompileCachePath: '/Users/abhi/Desktop/HarmonyOS Ports/OpenTwit-Web/entry/build/default/cache/default/default@CompileArkTS/esmodule',
  autoLazyFilter: undefined,
  isHarDeduplicateEnabled: false,
  intermediateHarDuplicateDirPath: '/Users/abhi/Desktop/HarmonyOS Ports/OpenTwit-Web/entry/build/default/intermediates/har_duplicate/default',
  autoLazyImport: false,
  allowEmptyBundleName: false,
  reExportCheckMode: 'noCheck',
  usePathPlaceholder: false,
  writeRollupCache: true,
  isExpandImportEnabled: false,
  expandImportExclude: '',
  lazyImportExclude: '',
  lazyImportInclude: '',
  ignoreCrossplatformCheck: false,
  skipOhModulesLint: false,
  enableStrictCheckOHModule: false,
  disableSendableCheckRules: [],
  useDeclarationFileSignature: false,
  customizedOptions: undefined,
  integratedHsp: false,
  isPreloadSoEnabled: false,
  strictMode: undefined,
  useNormalizedOHMUrl: false,
  caseSensitiveCheck: false,
  strictCheckerOnly: false,
  aceModuleJsonPath: '/Users/abhi/Desktop/HarmonyOS Ports/OpenTwit-Web/entry/build/default/intermediates/res/default/ark_module.json',
  appResource: '/Users/abhi/Desktop/HarmonyOS Ports/OpenTwit-Web/entry/build/default/intermediates/res/default/ResourceTable.txt',
  rawFileResource: '/Users/abhi/Desktop/HarmonyOS Ports/OpenTwit-Web/entry/build/default/intermediates/res/default/resources/rawfile',
  resourceTableHash: 'e521852b22f692b4860e55e47a7fbf6a07d9ec406b2a872c778e7d216b2e68f7',
  runtimeOS: 'OpenHarmony',
  sdkInfo: 'true:24:6.1.1.125:Release',
  aceModuleRoot: '/Users/abhi/Desktop/HarmonyOS Ports/OpenTwit-Web/entry/src/main/ets',
  compileMode: 'esmodule',
  aceSuperVisualPath: '/Users/abhi/Desktop/HarmonyOS Ports/OpenTwit-Web/entry/src/main/supervisual',
  aceBuildJson: '/Users/abhi/Desktop/HarmonyOS Ports/OpenTwit-Web/entry/build/default/intermediates/loader/default/loader.json',
  cachePath: '/Users/abhi/Desktop/HarmonyOS Ports/OpenTwit-Web/entry/build/default/cache/default/default@CompileArkTS/esmodule/debug',
  aceModuleBuild: '/Users/abhi/Desktop/HarmonyOS Ports/OpenTwit-Web/entry/build/default/intermediates/loader_out/default/ets',
  supportChunks: true,
  declaredFilesPath: undefined,
  shouldCollectDirectImportees: false,
  isByteCodeHarOptimize: false,
  expandImportPath: undefined,
  resourceTableTs: '/Users/abhi/Desktop/HarmonyOS Ports/OpenTwit-Web/entry/build/default/generated/r/default/ResourceTable.ts',
  moduleMetaInfoFiles: [
    {
      filePath: '/Users/abhi/Desktop/HarmonyOS Ports/OpenTwit-Web/entry/build/default/generated/r/default/ResourceTable.ts',
      ohmurl: 'com.example.opentwit/entry/build/generated/r/ResourceTable'
    }
  ],
  pkgNameToPkgBriefInfo: {
    entry: {
      pkgRoot: '/Users/abhi/Desktop/HarmonyOS Ports/OpenTwit-Web/entry',
      originalSourceRoots: undefined,
      sourceRoots: [Array],
      pkgName: 'entry'
    }
  },
  projectModel: {
    '/Users/abhi/Desktop/HarmonyOS Ports/OpenTwit-Web/entry/src/main': {
      moduleName: 'entry',
      modulePkgPath: '/Users/abhi/Desktop/HarmonyOS Ports/OpenTwit-Web/entry',
      belongProjectPath: '/Users/abhi/Desktop/HarmonyOS Ports/OpenTwit-Web'
    },
    '/Users/abhi/Desktop/HarmonyOS Ports/OpenTwit-Web/entry': {
      moduleName: 'entry',
      modulePkgPath: '/Users/abhi/Desktop/HarmonyOS Ports/OpenTwit-Web/entry',
      belongProjectPath: '/Users/abhi/Desktop/HarmonyOS Ports/OpenTwit-Web'
    },
    '/Users/abhi/Desktop/HarmonyOS Ports/OpenTwit-Web': {
      moduleName: 'OpenTwit-Web',
      modulePkgPath: '/Users/abhi/Desktop/HarmonyOS Ports/OpenTwit-Web',
      belongProjectPath: '/Users/abhi/Desktop/HarmonyOS Ports/OpenTwit-Web'
    }
  },
  pkgJsonFileHash: '609e42aafe57c1140ce946bba289e7e1f03709e595812d94d07acc55c62a42dd',
  allModulePaths: [ '/Users/abhi/Desktop/HarmonyOS Ports/OpenTwit-Web/entry' ],
  routerMap: {},
  obfuscationOptions: undefined,
  byteCodeHarToDependencyKeys: undefined,
  compileBlockPkg: [],
  mockParams: {
    decorator: '@MockSetup',
    packageName: '@ohos/hamock',
    etsSourceRootPath: 'src/main/ets',
    mockConfigPath: undefined,
    mockConfigKey2ModuleInfo: {},
    source2ModuleIdMap: {}
  },
  copyCodeResourceEnable: true,
  copyCodeResourceExcludes: [],
  copyCodeResourceIncludes: undefined,
  uiTransformOptimization: false,
  sdkPath: '/Users/abhi/.ohos/sdk-remap',
  needPreloadSoFileSet: {},
  preloadSoFilePath: '/Users/abhi/Desktop/HarmonyOS Ports/OpenTwit-Web/entry/build/default/intermediates/preload/default/preload.json',
  useSourceHash: false,
  localModuleParamMap: {},
  otherPaths: {
    'entry/*': [ '../*', '../../../build/default/generated/profile/default/*' ]
  },
  collectImportersConfig: undefined
}
[2026-09-18T18:49:01.721] [DEBUG] debug-file - entry : default@SyscapTransform cost memory 0.14072418212890625
[2026-09-18T18:49:01.725] [DEBUG] debug-file - entry : default@ProcessStartupConfig cost memory 0.07428741455078125
[2026-09-18T18:49:01.730] [INFO] debug-file - UP-TO-DATE :entry:default@GenerateLoaderJson...  
[2026-09-18T18:49:01.722] [DEBUG] debug-file - entry : default@ProcessProfile cost memory 0.112335205078125
[2026-09-18T18:49:01.701] [INFO] debug-file - UP-TO-DATE :entry:default@PreBuild...  
[2026-09-18T18:49:01.714] [INFO] debug-file - Finished :entry:default@ProcessIntegratedHsp... after 1 ms 
[2026-09-18T18:49:01.703] [DEBUG] debug-file - Executing task :entry:default@ConfigureCmake
[2026-09-18T18:49:01.712] [DEBUG] debug-file - Executing task :entry:default@GeneratePkgSdkInfo
[2026-09-18T18:49:01.686] [DEBUG] debug-file - Target 'default' config initialized
[2026-09-18T18:49:01.733] [INFO] debug-file - UP-TO-DATE :entry:default@DoNativeStrip...  
[2026-09-18T18:49:01.738] [DEBUG] debug-file - default@CompileArkTS work[0] is submitted.
[2026-09-18T18:49:01.721] [INFO] debug-file - UP-TO-DATE :entry:default@SyscapTransform...  
[2026-09-18T18:49:01.725] [DEBUG] debug-file - runTaskFromQueue task cost before running: 603 ms 
[2026-09-18T18:49:01.722] [INFO] debug-file - UP-TO-DATE :entry:default@ProcessProfile...  
[2026-09-18T18:49:01.701] [DEBUG] debug-file - Executing task :entry:default@CreateModuleInfo
[2026-09-18T18:49:01.680] [DEBUG] debug-file - hvigorfile, require result:  { default: { system: [Function: hapTasks], plugins: [] } }
[2026-09-18T18:49:01.742] [DEBUG] debug-file - entry : default@CacheNativeLibs cost memory 0.0850830078125
[2026-09-18T18:49:01.703] [DEBUG] debug-file - entry : default@ConfigureCmake cost memory 0.0120849609375
[2026-09-18T18:49:01.712] [DEBUG] debug-file - Task 'entry:default@GeneratePkgSdkInfo' cost while wrapping incremental declarations: 1 ms 
[2026-09-18T18:49:01.686] [DEBUG] debug-file - Module 'entry' target 'default' build option initialized
[2026-09-18T18:49:01.739] [DEBUG] debug-file - default@CompileArkTS work[0] is pushed to ready queue.
[2026-09-18T18:49:01.725] [INFO] debug-file - Finished :entry:default@ProcessStartupConfig... after 1 ms 
[2026-09-18T18:49:01.702] [DEBUG] debug-file - Task 'entry:default@CreateModuleInfo' cost while wrapping incremental declarations: 1 ms 
[2026-09-18T18:49:01.680] [DEBUG] debug-file - hvigorfile, binding system plugins [Function: hapTasks]
[2026-09-18T18:49:01.742] [INFO] debug-file - UP-TO-DATE :entry:default@CacheNativeLibs...  
[2026-09-18T18:49:01.703] [DEBUG] debug-file - runTaskFromQueue task cost before running: 582 ms 
[2026-09-18T18:49:01.713] [DEBUG] debug-file - Incremental task entry:default@GeneratePkgSdkInfo pre-execution cost: 1 ms .
[2026-09-18T18:49:01.686] [DEBUG] debug-file - End initialize module-target build option map, moduleName=entry
[2026-09-18T18:49:01.739] [DEBUG] debug-file - A work dispatched to worker[9] failed because unable to get work from ready queue.
[2026-09-18T18:49:01.702] [DEBUG] debug-file - entry : default@CreateModuleInfo cost memory 0.0360107421875
[2026-09-18T18:49:01.680] [DEBUG] debug-file - Starting plugin build process
[2026-09-18T18:49:01.703] [INFO] debug-file - Finished :entry:default@ConfigureCmake... after 1 ms 
[2026-09-18T18:49:01.713] [DEBUG] debug-file - entry : default@GeneratePkgSdkInfo cost memory 0.1026153564453125
[2026-09-18T18:49:01.686] [DEBUG] debug-file - Start initialize module-target build option map, moduleName=entry, buildMode=debug
[2026-09-18T18:49:01.739] [DEBUG] debug-file - A work dispatched to worker[8] failed because unable to get work from ready queue.
[2026-09-18T18:49:01.702] [DEBUG] debug-file - runTaskFromQueue task cost before running: 580 ms 
[2026-09-18T18:49:01.680] [DEBUG] debug-file - Hap plugin creating...
[2026-09-18T18:49:01.704] [DEBUG] debug-file - Executing task :entry:default@MergeProfile
[2026-09-18T18:49:01.713] [INFO] debug-file - UP-TO-DATE :entry:default@GeneratePkgSdkInfo...  
[2026-09-18T18:49:01.686] [DEBUG] debug-file - Target 'default' config initialized
[2026-09-18T18:49:01.739] [DEBUG] debug-file - A work dispatched to worker[7] failed because unable to get work from ready queue.
[2026-09-18T18:49:01.702] [INFO] debug-file - Finished :entry:default@CreateModuleInfo... after 1 ms 
[2026-09-18T18:49:01.704] [DEBUG] debug-file - Task 'entry:default@MergeProfile' cost while wrapping incremental declarations: 1 ms 
[2026-09-18T18:49:01.686] [DEBUG] debug-file - Module 'entry' target 'default' build option initialized
[2026-09-18T18:49:01.739] [DEBUG] debug-file - A work dispatched to worker[6] failed because unable to get work from ready queue.
[2026-09-18T18:49:01.705] [DEBUG] debug-file - Incremental task entry:default@MergeProfile pre-execution cost: 1 ms .
[2026-09-18T18:49:01.686] [DEBUG] debug-file - End initialize module-target build option map, moduleName=entry
[2026-09-18T18:49:01.739] [DEBUG] debug-file - A work dispatched to worker[5] failed because unable to get work from ready queue.
[2026-09-18T18:49:01.705] [DEBUG] debug-file - entry : default@MergeProfile cost memory 0.35915374755859375
[2026-09-18T18:49:01.686] [DEBUG] debug-file - Obtain build option for module 'entry' target 'default'in this build.
[2026-09-18T18:49:01.739] [DEBUG] debug-file - Create  resident worker with id: 4.
[2026-09-18T18:49:01.705] [INFO] debug-file - UP-TO-DATE :entry:default@MergeProfile...  
[2026-09-18T18:49:01.688] [DEBUG] debug-file - Module entry task initialization takes 2 ms 
[2026-09-18T18:49:01.739] [DEBUG] debug-file - default@CompileArkTS work[0] has been dispatched to worker[4].
[2026-09-18T18:49:01.688] [DEBUG] debug-file - Hap plugin register hook start...
[2026-09-18T18:49:01.739] [DEBUG] debug-file - default@CompileArkTS work[0] is dispatched.
[2026-09-18T18:49:01.688] [DEBUG] debug-file - Hap plugin register hook end...
[2026-09-18T18:49:01.739] [DEBUG] debug-file - CopyResources startTime: 11948231129708
[2026-09-18T18:49:01.688] [DEBUG] debug-file - Plugin build process completed
[2026-09-18T18:49:01.739] [DEBUG] debug-file - default@CompileArkTS work[1] is submitted.
[2026-09-18T18:49:01.688] [DEBUG] debug-file - hvigorfile, begin to bind custom plugins...
[2026-09-18T18:49:01.739] [DEBUG] debug-file - default@CompileArkTS work[1] is pushed to ready queue.
[2026-09-18T18:49:01.688] [DEBUG] debug-file - hvigorfile, no custom plugins were found in /Users/abhi/Desktop/HarmonyOS Ports/OpenTwit-Web/entry/hvigorfile.ts
[2026-09-18T18:49:01.739] [DEBUG] debug-file - A work dispatched to worker[9] failed because unable to get work from ready queue.
[2026-09-18T18:49:01.688] [DEBUG] debug-file - hvigorfile, resolve finished /Users/abhi/Desktop/HarmonyOS Ports/OpenTwit-Web/entry/hvigorfile.ts
[2026-09-18T18:49:01.739] [DEBUG] debug-file - Create  resident worker with id: 8.
[2026-09-18T18:49:01.739] [DEBUG] debug-file - default@CompileArkTS work[1] has been dispatched to worker[8].
[2026-09-18T18:49:01.739] [DEBUG] debug-file - default@CompileArkTS work[1] is dispatched.
[2026-09-18T18:49:01.739] [DEBUG] debug-file - entry : default@CompileArkTS cost memory 1.6822586059570312
[2026-09-18T18:49:01.973] [DEBUG] debug-file - worker[8] has one work done.
[2026-09-18T18:49:01.973] [DEBUG] debug-file - CopyResources is end, endTime: 11948465216708
[2026-09-18T18:49:01.973] [DEBUG] debug-file - default@CompileArkTS work[1] done.
[2026-09-18T18:49:01.973] [DEBUG] debug-file - A work dispatched to worker[8] failed because unable to get work from ready queue.
[2026-09-18T18:49:04.133] [DEBUG] debug-file - worker[4] has one work error.
[2026-09-18T18:49:04.133] [DEBUG] debug-file - Ark compile task finished.finished time is 11950625034666
[2026-09-18T18:49:04.133] [DEBUG] debug-file - default@CompileArkTS work[0] failed.
[2026-09-18T18:49:04.133] [ERROR] debug-file - Failed :entry:default@CompileArkTS... 
[2026-09-18T18:49:04.133] [WARN] debug-file - 
[33m1 WARN: [33m[33mArkTS:WARN: For details about ArkTS syntax errors, see FAQs[39m[39m
[33m2 WARN: [33m[33mArkTS:WARN File: /Users/abhi/Desktop/HarmonyOS Ports/OpenTwit-Web/entry/src/main/ets/common/TokenStore.ets:9:18
 Function may throw exceptions. Special handling is required.
[39m[39m
[33m3 WARN: [33m[33mArkTS:WARN File: /Users/abhi/Desktop/HarmonyOS Ports/OpenTwit-Web/entry/src/main/ets/common/TokenStore.ets:14:11
 Function may throw exceptions. Special handling is required.
[39m[39m
[33m4 WARN: [33m[33mArkTS:WARN File: /Users/abhi/Desktop/HarmonyOS Ports/OpenTwit-Web/entry/src/main/ets/common/TokenStore.ets:15:11
 Function may throw exceptions. Special handling is required.
[39m[39m
[33m5 WARN: [33m[33mArkTS:WARN File: /Users/abhi/Desktop/HarmonyOS Ports/OpenTwit-Web/entry/src/main/ets/common/TokenStore.ets:20:18
 Function may throw exceptions. Special handling is required.
[39m[39m
[33m6 WARN: [33m[33mArkTS:WARN File: /Users/abhi/Desktop/HarmonyOS Ports/OpenTwit-Web/entry/src/main/ets/common/TokenStore.ets:25:11
 Function may throw exceptions. Special handling is required.
[39m[39m
[33m7 WARN: [33m[33mArkTS:WARN File: /Users/abhi/Desktop/HarmonyOS Ports/OpenTwit-Web/entry/src/main/ets/common/TokenStore.ets:26:11
 Function may throw exceptions. Special handling is required.
[39m[39m
[33m8 WARN: [33m[33mArkTS:WARN File: /Users/abhi/Desktop/HarmonyOS Ports/OpenTwit-Web/entry/src/main/ets/common/TokenStore.ets:31:18
 Function may throw exceptions. Special handling is required.
[39m[39m
[33m9 WARN: [33m[33mArkTS:WARN File: /Users/abhi/Desktop/HarmonyOS Ports/OpenTwit-Web/entry/src/main/ets/pages/Home.ets:21:58
 'getContext' has been deprecated.
[39m[39m
[33m10 WARN: [33m[33mArkTS:WARN File: /Users/abhi/Desktop/HarmonyOS Ports/OpenTwit-Web/entry/src/main/ets/pages/Home.ets:26:56
 'getContext' has been deprecated.
[39m[39m
[33m11 WARN: [33m[33mArkTS:WARN File: /Users/abhi/Desktop/HarmonyOS Ports/OpenTwit-Web/entry/src/main/ets/pages/Profile.ets:37:18
 'pushUrl' has been deprecated.
[39m[39m
[33m12 WARN: [33m[33mArkTS:WARN File: /Users/abhi/Desktop/HarmonyOS Ports/OpenTwit-Web/entry/src/main/ets/pages/Login.ets:19:46
 'getContext' has been deprecated.
[39m[39m
[33m13 WARN: [33m[33mArkTS:WARN File: /Users/abhi/Desktop/HarmonyOS Ports/OpenTwit-Web/entry/src/main/ets/pages/Login.ets:23:18
 'pushUrl' has been deprecated.
[39m[39m
[33m14 WARN: [33mArkTS:WARN File: /Users/abhi/Desktop/HarmonyOS Ports/OpenTwit-Web/entry/src/main/ets/pages/Login.ets:4:1
 It's not a recommended way to export struct with '@Entry' decorator, which may cause ACE Engine error in component preview mode.[39m[39m
[2026-09-18T18:49:04.133] [DEBUG] debug-file - hvigor build process will be closed with an error.
[2026-09-18T18:49:04.142] [DEBUG] debug-file - ERROR: stacktrace = Error: ArkTS Compiler Error
[31m1 ERROR: [31m10605008 ArkTS Compiler Error
Error Message: Use explicit types instead of "any", "unknown" (arkts-no-any-unknown) At File: /Users/abhi/Desktop/HarmonyOS Ports/OpenTwit-Web/entry/src/main/ets/services/WebTimeline.ets:56:16
[39m
[39m
[31m2 ERROR: [31m10605093 ArkTS Compiler Error
Error Message: Using "this" inside stand-alone functions is not supported (arkts-no-standalone-this) At File: /Users/abhi/Desktop/HarmonyOS Ports/OpenTwit-Web/entry/src/main/ets/viewmodels/WebCache.ets:9:5
[39m
[39m
[31m3 ERROR: [31m10605093 ArkTS Compiler Error
Error Message: Using "this" inside stand-alone functions is not supported (arkts-no-standalone-this) At File: /Users/abhi/Desktop/HarmonyOS Ports/OpenTwit-Web/entry/src/main/ets/viewmodels/WebCache.ets:13:9
[39m
[39m
[31m4 ERROR: [31m10605093 ArkTS Compiler Error
Error Message: Using "this" inside stand-alone functions is not supported (arkts-no-standalone-this) At File: /Users/abhi/Desktop/HarmonyOS Ports/OpenTwit-Web/entry/src/main/ets/viewmodels/WebCache.ets:19:5
[39m
[39m
[31mCOMPILE RESULT:FAIL {ERROR:5 WARN:14}[39m
    at runArkPack (/Users/abhi/.hvigor/project_caches/0947245c615fa1be5fb4a847626f95c7/workspace/node_modules/.pnpm/@ohos+hvigor-ohos-plugin@6.24.2/node_modules/@ohos/hvigor-ohos-plugin/node_modules/@ohos/hvigor-arkts-compose/dist/src/arkts-pack.js:1:5076)
ArkTSCompilerError: ArkTS Compiler Error
    at throwArkTsCompilerError (/Users/abhi/.hvigor/project_caches/0947245c615fa1be5fb4a847626f95c7/workspace/node_modules/.pnpm/@ohos+hvigor-ohos-plugin@6.24.2/node_modules/@ohos/hvigor-ohos-plugin/node_modules/@ohos/hvigor-arkts-compose/dist/src/data/compose-error.js:1:423)
    at throwErrorIfHasErrorInfo (/Users/abhi/.hvigor/project_caches/0947245c615fa1be5fb4a847626f95c7/workspace/node_modules/.pnpm/@ohos+hvigor-ohos-plugin@6.24.2/node_modules/@ohos/hvigor-ohos-plugin/node_modules/@ohos/hvigor-arkts-compose/dist/src/plugins/common-plugin.js:1:4923)
    at Object.handler (/Users/abhi/.hvigor/project_caches/0947245c615fa1be5fb4a847626f95c7/workspace/node_modules/.pnpm/@ohos+hvigor-ohos-plugin@6.24.2/node_modules/@ohos/hvigor-ohos-plugin/node_modules/@ohos/hvigor-arkts-compose/dist/src/plugins/common-plugin.js:1:3018)
    at /Users/abhi/.hvigor/project_caches/0947245c615fa1be5fb4a847626f95c7/workspace/node_modules/.pnpm/@ohos+hvigor-ohos-plugin@6.24.2/node_modules/@ohos/hvigor-ohos-plugin/node_modules/@ohos/hvigor-arkts-base/node_modules/rollup/dist/shared/rollup.js:27864:40
[2026-09-18T18:49:04.142] [ERROR] debug-file - Error: ArkTS Compiler Error
[31m1 ERROR: [31m10605008 ArkTS Compiler Error
Error Message: Use explicit types instead of "any", "unknown" (arkts-no-any-unknown) At File: /Users/abhi/Desktop/HarmonyOS Ports/OpenTwit-Web/entry/src/main/ets/services/WebTimeline.ets:56:16
[39m
[39m
[31m2 ERROR: [31m10605093 ArkTS Compiler Error
Error Message: Using "this" inside stand-alone functions is not supported (arkts-no-standalone-this) At File: /Users/abhi/Desktop/HarmonyOS Ports/OpenTwit-Web/entry/src/main/ets/viewmodels/WebCache.ets:9:5
[39m
[39m
[31m3 ERROR: [31m10605093 ArkTS Compiler Error
Error Message: Using "this" inside stand-alone functions is not supported (arkts-no-standalone-this) At File: /Users/abhi/Desktop/HarmonyOS Ports/OpenTwit-Web/entry/src/main/ets/viewmodels/WebCache.ets:13:9
[39m
[39m
[31m4 ERROR: [31m10605093 ArkTS Compiler Error
Error Message: Using "this" inside stand-alone functions is not supported (arkts-no-standalone-this) At File: /Users/abhi/Desktop/HarmonyOS Ports/OpenTwit-Web/entry/src/main/ets/viewmodels/WebCache.ets:19:5
[39m
[39m
[31mCOMPILE RESULT:FAIL {ERROR:5 WARN:14}[39m
    at runArkPack (/Users/abhi/.hvigor/project_caches/0947245c615fa1be5fb4a847626f95c7/workspace/node_modules/.pnpm/@ohos+hvigor-ohos-plugin@6.24.2/node_modules/@ohos/hvigor-ohos-plugin/node_modules/@ohos/hvigor-arkts-compose/dist/src/arkts-pack.js:1:5076)
ArkTSCompilerError: ArkTS Compiler Error
    at throwArkTsCompilerError (/Users/abhi/.hvigor/project_caches/0947245c615fa1be5fb4a847626f95c7/workspace/node_modules/.pnpm/@ohos+hvigor-ohos-plugin@6.24.2/node_modules/@ohos/hvigor-ohos-plugin/node_modules/@ohos/hvigor-arkts-compose/dist/src/data/compose-error.js:1:423)
    at throwErrorIfHasErrorInfo (/Users/abhi/.hvigor/project_caches/0947245c615fa1be5fb4a847626f95c7/workspace/node_modules/.pnpm/@ohos+hvigor-ohos-plugin@6.24.2/node_modules/@ohos/hvigor-ohos-plugin/node_modules/@ohos/hvigor-arkts-compose/dist/src/plugins/common-plugin.js:1:4923)
    at Object.handler (/Users/abhi/.hvigor/project_caches/0947245c615fa1be5fb4a847626f95c7/workspace/node_modules/.pnpm/@ohos+hvigor-ohos-plugin@6.24.2/node_modules/@ohos/hvigor-ohos-plugin/node_modules/@ohos/hvigor-arkts-compose/dist/src/plugins/common-plugin.js:1:3018)
    at /Users/abhi/.hvigor/project_caches/0947245c615fa1be5fb4a847626f95c7/workspace/node_modules/.pnpm/@ohos+hvigor-ohos-plugin@6.24.2/node_modules/@ohos/hvigor-ohos-plugin/node_modules/@ohos/hvigor-arkts-base/node_modules/rollup/dist/shared/rollup.js:27864:40
[2026-09-18T18:49:04.142] [ERROR] debug-file - BUILD FAILED in 3 s 20 ms 
[2026-09-18T18:49:04.142] [DEBUG] debug-file - There is no need to refresh cache, since the incremental task entry:default@PreBuild is up-to-date.
[2026-09-18T18:49:04.142] [DEBUG] debug-file - Update task entry:default@CreateModuleInfo output file:/Users/abhi/Desktop/HarmonyOS Ports/OpenTwit-Web/entry/build/default/generated/profile/default/ModuleInfo.ts cache.
[2026-09-18T18:49:04.143] [DEBUG] debug-file - Incremental task entry:default@CreateModuleInfo post-execution cost:1 ms .
[2026-09-18T18:49:04.143] [DEBUG] debug-file - There is no need to refresh cache, since the incremental task entry:default@GenerateMetadata is up-to-date.
[2026-09-18T18:49:04.143] [DEBUG] debug-file - There is no need to refresh cache, since the incremental task entry:default@MergeProfile is up-to-date.
[2026-09-18T18:49:04.143] [DEBUG] debug-file - There is no need to refresh cache, since the incremental task entry:default@CreateBuildProfile is up-to-date.
[2026-09-18T18:49:04.143] [DEBUG] debug-file - Update task entry:default@GeneratePkgContextInfo output file:/Users/abhi/Desktop/HarmonyOS Ports/OpenTwit-Web/entry/build/default/intermediates/loader/default/pkgContextInfo.json cache.
[2026-09-18T18:49:04.143] [DEBUG] debug-file - Incremental task entry:default@GeneratePkgContextInfo post-execution cost:1 ms .
[2026-09-18T18:49:04.143] [DEBUG] debug-file - There is no need to refresh cache, since the incremental task entry:default@GeneratePkgSdkInfo is up-to-date.
[2026-09-18T18:49:04.143] [DEBUG] debug-file - Update task entry:default@ProcessIntegratedHsp output file:/Users/abhi/Desktop/HarmonyOS Ports/OpenTwit-Web/build/cache/default/integrated_hsp/integratedHspCache.json cache.
[2026-09-18T18:49:04.143] [DEBUG] debug-file - Incremental task entry:default@ProcessIntegratedHsp post-execution cost:1 ms .
[2026-09-18T18:49:04.143] [DEBUG] debug-file - There is no need to refresh cache, since the incremental task entry:default@MakePackInfo is up-to-date.
[2026-09-18T18:49:04.143] [DEBUG] debug-file - There is no need to refresh cache, since the incremental task entry:default@SyscapTransform is up-to-date.
[2026-09-18T18:49:04.143] [DEBUG] debug-file - There is no need to refresh cache, since the incremental task entry:default@ProcessProfile is up-to-date.
[2026-09-18T18:49:04.143] [DEBUG] debug-file - There is no need to refresh cache, since the incremental task entry:default@ProcessRouterMap is up-to-date.
[2026-09-18T18:49:04.143] [DEBUG] debug-file - There is no need to refresh cache, since the incremental task entry:default@ProcessShareConfig is up-to-date.
[2026-09-18T18:49:04.143] [DEBUG] debug-file - Update task entry:default@ProcessStartupConfig output file:/Users/abhi/Desktop/HarmonyOS Ports/OpenTwit-Web/entry/build/default/intermediates/startup/default/startup_config.json cache.
[2026-09-18T18:49:04.143] [DEBUG] debug-file - Incremental task entry:default@ProcessStartupConfig post-execution cost:1 ms .
[2026-09-18T18:49:04.143] [DEBUG] debug-file - There is no need to refresh cache, since the incremental task entry:default@ProcessResource is up-to-date.
[2026-09-18T18:49:04.143] [DEBUG] debug-file - There is no need to refresh cache, since the incremental task entry:default@GenerateLoaderJson is up-to-date.
[2026-09-18T18:49:04.143] [DEBUG] debug-file - There is no need to refresh cache, since the incremental task entry:default@ProcessLibs is up-to-date.
[2026-09-18T18:49:04.143] [DEBUG] debug-file - There is no need to refresh cache, since the incremental task entry:default@CompileResource is up-to-date.
[2026-09-18T18:49:04.143] [DEBUG] debug-file - There is no need to refresh cache, since the incremental task entry:default@DoNativeStrip is up-to-date.
[2026-09-18T18:49:04.143] [DEBUG] debug-file - Update task entry:default@CompileArkTS input file:/Users/abhi/Desktop/HarmonyOS Ports/OpenTwit-Web/entry/build/default/intermediates/loader/default cache by regenerate.
[2026-09-18T18:49:04.143] [DEBUG] debug-file - Update task entry:default@CompileArkTS input file:/Users/abhi/Desktop/HarmonyOS Ports/OpenTwit-Web/entry/build/default/intermediates/res/default/ResourceTable.txt cache by regenerate.
[2026-09-18T18:49:04.143] [DEBUG] debug-file - Update task entry:default@CompileArkTS input file:/Users/abhi/Desktop/HarmonyOS Ports/OpenTwit-Web/entry/build/default/intermediates/res/default/ark_module.json cache by regenerate.
[2026-09-18T18:49:04.143] [DEBUG] debug-file - Update task entry:default@CompileArkTS input file:/Users/abhi/Desktop/HarmonyOS Ports/OpenTwit-Web/entry/build/default/intermediates/res/default/resources/base/profile cache by regenerate.
[2026-09-18T18:49:04.143] [DEBUG] debug-file - Update task entry:default@CompileArkTS input file:/Users/abhi/Desktop/HarmonyOS Ports/OpenTwit-Web/entry/src/main/ets cache by regenerate.
[2026-09-18T18:49:04.144] [DEBUG] debug-file - Update task entry:default@CompileArkTS input file:/Users/abhi/Desktop/HarmonyOS Ports/OpenTwit-Web/entry/build/default/generated/profile/default/BuildProfile.ets cache by regenerate.
[2026-09-18T18:49:04.144] [DEBUG] debug-file - Update task entry:default@CompileArkTS output file:/Users/abhi/Desktop/HarmonyOS Ports/OpenTwit-Web/entry/build/default/intermediates/loader_out/default/ets cache.
[2026-09-18T18:49:04.144] [DEBUG] debug-file - Incremental task entry:default@CompileArkTS post-execution cost:1 ms .
[2026-09-18T18:49:04.144] [DEBUG] debug-file - Update task entry:default@BuildJS input file:/Users/abhi/Desktop/HarmonyOS Ports/OpenTwit-Web/entry/build/default/intermediates/loader/default cache by regenerate.
[2026-09-18T18:49:04.144] [DEBUG] debug-file - Update task entry:default@BuildJS input file:/Users/abhi/Desktop/HarmonyOS Ports/OpenTwit-Web/entry/build/default/intermediates/res/default/ResourceTable.txt cache by regenerate.
[2026-09-18T18:49:04.144] [DEBUG] debug-file - Update task entry:default@BuildJS input file:/Users/abhi/Desktop/HarmonyOS Ports/OpenTwit-Web/entry/build/default/intermediates/res/default/ark_module.json cache by regenerate.
[2026-09-18T18:49:04.144] [DEBUG] debug-file - Update task entry:default@BuildJS input file:/Users/abhi/Desktop/HarmonyOS Ports/OpenTwit-Web/entry/build/default/intermediates/res/default/resources/base/profile cache by regenerate.
[2026-09-18T18:49:04.144] [DEBUG] debug-file - Update task entry:default@BuildJS output file:/Users/abhi/Desktop/HarmonyOS Ports/OpenTwit-Web/entry/build/default/intermediates/loader_out/default/js cache.
[2026-09-18T18:49:04.144] [DEBUG] debug-file - Incremental task entry:default@BuildJS post-execution cost:1 ms .
[2026-09-18T18:49:04.144] [DEBUG] debug-file - There is no need to refresh cache, since the incremental task entry:default@CacheNativeLibs is up-to-date.
[2026-09-18T18:49:04.149] [DEBUG] debug-file - Current worker pool is stopped or closed.
[2026-09-18T18:49:04.149] [DEBUG] debug-file - Clear worker 0.
[2026-09-18T18:49:04.149] [DEBUG] debug-file - Worker 0 has been cleared.
[2026-09-18T18:49:04.149] [DEBUG] debug-file - Current idle worker size: 3.
[2026-09-18T18:49:04.149] [DEBUG] debug-file - Current busy worker size: 0.
[2026-09-18T18:49:04.149] [DEBUG] debug-file - Clear worker 1.
[2026-09-18T18:49:04.149] [DEBUG] debug-file - Worker 1 has been cleared.
[2026-09-18T18:49:04.149] [DEBUG] debug-file - Current idle worker size: 2.
[2026-09-18T18:49:04.149] [DEBUG] debug-file - Current busy worker size: 0.
[2026-09-18T18:49:04.149] [DEBUG] debug-file - Clear worker 8.
[2026-09-18T18:49:04.149] [DEBUG] debug-file - Worker 8 has been cleared.
[2026-09-18T18:49:04.149] [DEBUG] debug-file - Current idle worker size: 1.
[2026-09-18T18:49:04.149] [DEBUG] debug-file - Current busy worker size: 0.
[2026-09-18T18:49:04.149] [DEBUG] debug-file - Clear worker 4.
[2026-09-18T18:49:04.149] [DEBUG] debug-file - Worker 4 has been cleared.
[2026-09-18T18:49:04.149] [DEBUG] debug-file - Current idle worker size: 0.
[2026-09-18T18:49:04.149] [DEBUG] debug-file - Current busy worker size: 0.
[2026-09-18T18:49:04.149] [DEBUG] debug-file - hvigor build process will be closed.
[2026-09-18T18:49:04.150] [DEBUG] debug-file - Current worker pool is terminated.
[2026-09-18T18:49:04.151] [DEBUG] debug-file - worker[0] exits with exit code 1.
[2026-09-18T18:49:04.151] [DEBUG] debug-file - worker[1] exits with exit code 1.
[2026-09-18T18:49:04.151] [DEBUG] debug-file - worker[8] exits with exit code 1.
[2026-09-18T18:49:04.157] [DEBUG] debug-file - worker[4] exits with exit code 1.
[2026-09-18T18:49:34.609] [DEBUG] debug-file - env: nodejsVersion=v18.20.1
[2026-09-18T18:49:34.721] [DEBUG] debug-file - Hvigor init with startParameters:{
  hvigorfileTypeCheck: false,
  parallelExecution: true,
  incrementalExecution: true,
  printStackTrace: false,
  daemon: false,
  analyze: 0,
  logLevel: Level { level: 20000, levelStr: 'INFO', colour: 'green' },
  optimizationStrategy: 'memory',
  hotCompile: undefined,
  hotReloadBuild: undefined,
  customizedParam: undefined
}
[2026-09-18T18:49:35.175] [DEBUG] debug-file - hvigorfile, require result:  { default: { system: [Function: appTasks], plugins: [] } }
[2026-09-18T18:49:35.175] [DEBUG] debug-file - Starting plugin build process
[2026-09-18T18:49:35.253] [DEBUG] debug-file - Start initialize project's product build option map with build mode debug.
[2026-09-18T18:49:35.252] [DEBUG] debug-file - App plugin register hook start...
[2026-09-18T18:49:35.254] [DEBUG] debug-file - Obtain build option for product 'default'in this build.
[2026-09-18T18:49:35.257] [DEBUG] debug-file - Start recording SDK configuration permission data.
[2026-09-18T18:49:35.277] [DEBUG] debug-file - Project task initialization takes 4 ms 
[2026-09-18T18:49:35.280] [DEBUG] debug-file - failed to load cangjie to dynamically generate schemas: Error: Cannot find module '@ohos/cangjie-build-support/index'
Require stack:
- /Users/abhi/.hvigor/project_caches/0947245c615fa1be5fb4a847626f95c7/workspace/node_modules/.pnpm/@ohos+hvigor-ohos-plugin@6.24.2/node_modules/@ohos/hvigor-ohos-plugin/src/plugin/hooks/cangjie-register.js
- /Users/abhi/.hvigor/project_caches/0947245c615fa1be5fb4a847626f95c7/workspace/node_modules/.pnpm/@ohos+hvigor-ohos-plugin@6.24.2/node_modules/@ohos/hvigor-ohos-plugin/src/plugin/strategy/stage-init-strategy.js
- /Users/abhi/.hvigor/project_caches/0947245c615fa1be5fb4a847626f95c7/workspace/node_modules/.pnpm/@ohos+hvigor-ohos-plugin@6.24.2/node_modules/@ohos/hvigor-ohos-plugin/src/plugin/builder/abstract-plugin-builder.js
- /Users/abhi/.hvigor/project_caches/0947245c615fa1be5fb4a847626f95c7/workspace/node_modules/.pnpm/@ohos+hvigor-ohos-plugin@6.24.2/node_modules/@ohos/hvigor-ohos-plugin/src/plugin/builder/app-plugin-builder.js
- /Users/abhi/.hvigor/project_caches/0947245c615fa1be5fb4a847626f95c7/workspace/node_modules/.pnpm/@ohos+hvigor-ohos-plugin@6.24.2/node_modules/@ohos/hvigor-ohos-plugin/src/plugin/factory/plugin-factory.js
- /Users/abhi/.hvigor/project_caches/0947245c615fa1be5fb4a847626f95c7/workspace/node_modules/.pnpm/@ohos+hvigor-ohos-plugin@6.24.2/node_modules/@ohos/hvigor-ohos-plugin/index.js
- /Users/abhi/Desktop/HarmonyOS Ports/OpenTwit-Web/hvigorfile.ts
- /Users/abhi/Developer/command-line-tools/hvigor/hvigor/src/base/internal/lifecycle/configuration.js
- /Users/abhi/Developer/command-line-tools/hvigor/hvigor/src/base/boot/index.js
- /Users/abhi/Developer/command-line-tools/hvigor/hvigor/src/cli/main/cli.js
- /Users/abhi/Developer/command-line-tools/hvigor/hvigor/bin/hvigor.js
[2026-09-18T18:49:35.289] [DEBUG] debug-file - start to load updatedOhPackageInfo to the disk
[2026-09-18T18:49:35.288] [DEBUG] debug-file - project has submodules:entry
[2026-09-18T18:49:35.291] [DEBUG] debug-file - Start to initialize dependency information.
[2026-09-18T18:49:35.294] [DEBUG] debug-file - Since there is no instance or instance is terminated, create a new worker pool.
[2026-09-18T18:49:35.294] [DEBUG] debug-file - Create  resident worker with id: 0.
[2026-09-18T18:49:35.297] [DEBUG] debug-file - Executing task :entry:default@PreBuild
[2026-09-18T18:49:35.285] [DEBUG] debug-file - Start initialize module-target build option map, moduleName=entry, buildMode=debug
[2026-09-18T18:49:35.303] [DEBUG] debug-file - Executing task :entry:default@GenerateMetadata
[2026-09-18T18:49:35.305] [DEBUG] debug-file - Executing task :entry:default@CreateBuildProfile
[2026-09-18T18:49:35.306] [DEBUG] debug-file - Executing task :entry:default@GeneratePkgContextInfo
[2026-09-18T18:49:35.312] [DEBUG] debug-file - Executing task :entry:default@ProcessIntegratedHsp
[2026-09-18T18:49:35.306] [DEBUG] debug-file - Executing task :entry:default@PreCheckSyscap
[2026-09-18T18:49:35.313] [DEBUG] debug-file - Executing task :entry:default@BuildNativeWithCmake
[2026-09-18T18:49:35.313] [DEBUG] debug-file - Executing task :entry:default@MakePackInfo
[2026-09-18T18:49:35.314] [DEBUG] debug-file - Executing task :entry:default@SyscapTransform
[2026-09-18T18:49:35.322] [DEBUG] debug-file - Executing task :entry:default@ProcessShareConfig
[2026-09-18T18:49:35.322] [DEBUG] debug-file - Executing task :entry:default@ProcessRouterMap
[2026-09-18T18:49:35.320] [DEBUG] debug-file - Executing task :entry:default@ProcessProfile
[2026-09-18T18:49:35.324] [DEBUG] debug-file - Executing task :entry:default@BuildNativeWithNinja
[2026-09-18T18:49:35.326] [DEBUG] debug-file - Executing task :entry:default@ProcessResource
[2026-09-18T18:49:35.323] [DEBUG] debug-file - Executing task :entry:default@ProcessStartupConfig
[2026-09-18T18:49:35.328] [DEBUG] debug-file - Executing task :entry:default@GenerateLoaderJson
[2026-09-18T18:49:35.330] [DEBUG] debug-file - Executing task :entry:default@ProcessLibs
[2026-09-18T18:49:35.331] [DEBUG] debug-file - Executing task :entry:default@CompileResource
[2026-09-18T18:49:35.333] [DEBUG] debug-file - Executing task :entry:default@CompileArkTS
[2026-09-18T18:49:35.333] [DEBUG] debug-file - Executing task :entry:default@DoNativeStrip
[2026-09-18T18:49:35.340] [DEBUG] debug-file - Executing task :entry:default@BuildJS
[2026-09-18T18:49:35.342] [DEBUG] debug-file - Executing task :entry:default@CacheNativeLibs
[2026-09-18T18:49:34.609] [DEBUG] debug-file - env: hvigor-config.json5 content = {
  modelVersion: '5.0.0',
  hvigorVersion: '6.24.2',
  dependencies: { '@ohos/hvigor-ohos-plugin': '6.24.2' }
}
[2026-09-18T18:49:34.723] [DEBUG] debug-file - Cache service initialization finished in 2 ms 
[2026-09-18T18:49:35.175] [DEBUG] debug-file - hvigorfile, binding system plugins [Function: appTasks]
[2026-09-18T18:49:35.175] [DEBUG] debug-file - App plugin prepare start...
[2026-09-18T18:49:35.253] [DEBUG] debug-file - Picking option from product 'default' with build mode 'debug'.
[2026-09-18T18:49:35.252] [DEBUG] debug-file - App plugin register hook end...
[2026-09-18T18:49:35.255] [DEBUG] debug-file - /Users/abhi/Desktop/HarmonyOS Ports/OpenTwit-Web/build/cache/default/remote_hsp/remoteHspCache.json not exists.
[2026-09-18T18:49:35.273] [DEBUG] debug-file - Sdk init in 18 ms 
[2026-09-18T18:49:35.277] [DEBUG] debug-file - hvigorfile, begin to bind custom plugins...
[2026-09-18T18:49:35.289] [DEBUG] debug-file - load to the disk finished
[2026-09-18T18:49:35.291] [DEBUG] debug-file - Module entry Collected Dependency: 
[2026-09-18T18:49:35.294] [DEBUG] debug-file - Worker pool is initialized with config:  {
  minPoolNum: 2,
  maxPoolNum: undefined,
  maxCoreSize: undefined,
  cacheCapacity: undefined,
  cacheTtl: undefined
}
[2026-09-18T18:49:35.295] [DEBUG] debug-file - Create  resident worker with id: 1.
[2026-09-18T18:49:35.298] [WARN] debug-file - The project has not explicitly set the 'targetSdkVersion' version at build-profile.json5. It is recommended to configure it. Reference: https://developer.huawei.com/consumer/en/doc/harmonyos-guides/ide-hvigor-build-profile-app#section45865492619
[2026-09-18T18:49:35.285] [DEBUG] debug-file - Target 'default' config initialized
[2026-09-18T18:49:35.303] [DEBUG] debug-file - Task 'entry:default@GenerateMetadata' cost while wrapping incremental declarations: 1 ms 
[2026-09-18T18:49:35.305] [DEBUG] debug-file - Task 'entry:default@CreateBuildProfile' cost while wrapping incremental declarations: 1 ms 
[2026-09-18T18:49:35.309] [DEBUG] debug-file - Task 'entry:default@GeneratePkgContextInfo' cost while wrapping incremental declarations: 1 ms 
[2026-09-18T18:49:35.312] [DEBUG] debug-file - entry:default@ProcessIntegratedHsp is not up-to-date, since the output file '/Users/abhi/Desktop/HarmonyOS Ports/OpenTwit-Web/build/cache/default/integrated_hsp/integratedHspCache.json' does not exist.
[2026-09-18T18:49:35.306] [DEBUG] debug-file - entry : default@PreCheckSyscap cost memory 0.01552581787109375
[2026-09-18T18:49:35.313] [DEBUG] debug-file - entry : default@BuildNativeWithCmake cost memory 0.013702392578125
[2026-09-18T18:49:35.313] [DEBUG] debug-file - Incremental task entry:default@MakePackInfo pre-execution cost: 1 ms .
[2026-09-18T18:49:35.314] [DEBUG] debug-file - File: '/Users/abhi/Desktop/HarmonyOS Ports/OpenTwit-Web/entry/src/main/syscap.json' from 'sysCapJsonPath' is not exists, just ignore.
[2026-09-18T18:49:35.323] [DEBUG] debug-file - Incremental task entry:default@ProcessShareConfig pre-execution cost: 1 ms .
[2026-09-18T18:49:35.322] [DEBUG] debug-file - Incremental task entry:default@ProcessRouterMap pre-execution cost: 1 ms .
[2026-09-18T18:49:35.320] [DEBUG] debug-file - Task 'entry:default@ProcessProfile' cost while wrapping incremental declarations: 1 ms 
[2026-09-18T18:49:35.324] [DEBUG] debug-file - entry : default@BuildNativeWithNinja cost memory 0.018585205078125
[2026-09-18T18:49:35.326] [DEBUG] debug-file - Task 'entry:default@ProcessResource' cost while wrapping incremental declarations: 1 ms 
[2026-09-18T18:49:35.323] [DEBUG] debug-file - Task 'entry:default@ProcessStartupConfig' cost while wrapping incremental declarations: 1 ms 
[2026-09-18T18:49:35.328] [DEBUG] debug-file - Task 'entry:default@GenerateLoaderJson' cost while wrapping incremental declarations: 1 ms 
[2026-09-18T18:49:35.330] [DEBUG] debug-file - Incremental task entry:default@ProcessLibs pre-execution cost: 1 ms .
[2026-09-18T18:49:35.332] [DEBUG] debug-file - Incremental task entry:default@CompileResource pre-execution cost: 2 ms .
[2026-09-18T18:49:35.334] [DEBUG] debug-file - obfuscationOptions: undefined
[2026-09-18T18:49:35.333] [DEBUG] debug-file - File: '/Users/abhi/Desktop/HarmonyOS Ports/OpenTwit-Web/entry/build/default/intermediates/binxo/default' from 'doBinxoNativeLibs' is not exists, just ignore.
[2026-09-18T18:49:35.340] [DEBUG] debug-file - Task 'entry:default@BuildJS' cost while wrapping incremental declarations: 1 ms 
[2026-09-18T18:49:35.342] [DEBUG] debug-file - File: '/Users/abhi/Desktop/HarmonyOS Ports/OpenTwit-Web/entry/build/default/intermediates/binxo/default' from 'cacheBinxoNativeLibs' is not exists, just ignore.
[2026-09-18T18:49:34.610] [DEBUG] debug-file - env: daemon=false
[2026-09-18T18:49:34.723] [DEBUG] debug-file - hvigorfile, resolving /Users/abhi/Desktop/HarmonyOS Ports/OpenTwit-Web/hvigorfile.ts
[2026-09-18T18:49:35.175] [DEBUG] debug-file - App plugin prepare end...
[2026-09-18T18:49:35.253] [DEBUG] debug-file - Product 'default' build option initialized
[2026-09-18T18:49:35.252] [DEBUG] debug-file - Plugin build process completed
[2026-09-18T18:49:35.277] [DEBUG] debug-file - hvigorfile, no custom plugins were found in /Users/abhi/Desktop/HarmonyOS Ports/OpenTwit-Web/hvigorfile.ts
[2026-09-18T18:49:35.289] [DEBUG] debug-file - Start to initialize dependency information.
[2026-09-18T18:49:35.291] [DEBUG] debug-file - Module entry's total dependency: 0
[2026-09-18T18:49:35.285] [DEBUG] debug-file - Module 'entry' target 'default' build option initialized
[2026-09-18T18:49:35.310] [DEBUG] debug-file - entry : default@GeneratePkgContextInfo cost memory 0.70892333984375
[2026-09-18T18:49:35.312] [DEBUG] debug-file - Incremental task entry:default@ProcessIntegratedHsp pre-execution cost: 1 ms .
[2026-09-18T18:49:35.299] [DEBUG] debug-file - Task 'entry:default@PreBuild' cost while wrapping incremental declarations: 1 ms 
[2026-09-18T18:49:35.306] [DEBUG] debug-file - Incremental task entry:default@CreateBuildProfile pre-execution cost: 1 ms .
[2026-09-18T18:49:35.306] [DEBUG] debug-file - runTaskFromQueue task cost before running: 588 ms 
[2026-09-18T18:49:35.303] [DEBUG] debug-file - Incremental task entry:default@GenerateMetadata pre-execution cost: 1 ms .
[2026-09-18T18:49:35.313] [DEBUG] debug-file - entry : default@MakePackInfo cost memory 0.09429931640625
[2026-09-18T18:49:35.314] [DEBUG] debug-file - Task 'entry:default@SyscapTransform' cost while wrapping incremental declarations: 1 ms 
[2026-09-18T18:49:35.323] [DEBUG] debug-file - entry : default@ProcessShareConfig cost memory 0.0897064208984375
[2026-09-18T18:49:35.322] [DEBUG] debug-file - entry : default@ProcessRouterMap cost memory 0.1417388916015625
[2026-09-18T18:49:35.321] [DEBUG] debug-file - Incremental task entry:default@ProcessProfile pre-execution cost: 1 ms .
[2026-09-18T18:49:35.313] [DEBUG] debug-file - runTaskFromQueue task cost before running: 595 ms 
[2026-09-18T18:49:35.324] [DEBUG] debug-file - runTaskFromQueue task cost before running: 606 ms 
[2026-09-18T18:49:35.326] [DEBUG] debug-file - Incremental task entry:default@ProcessResource pre-execution cost: 1 ms .
[2026-09-18T18:49:35.323] [DEBUG] debug-file - entry:default@ProcessStartupConfig is not up-to-date, since the output file '/Users/abhi/Desktop/HarmonyOS Ports/OpenTwit-Web/entry/build/default/intermediates/startup/default/startup_config.json' does not exist.
[2026-09-18T18:49:35.329] [DEBUG] debug-file - Incremental task entry:default@GenerateLoaderJson pre-execution cost: 1 ms .
[2026-09-18T18:49:35.330] [DEBUG] debug-file - entry : default@ProcessLibs cost memory 0.0814666748046875
[2026-09-18T18:49:35.332] [DEBUG] debug-file - entry : default@CompileResource cost memory 0.3376922607421875
[2026-09-18T18:49:35.334] [DEBUG] debug-file - Task 'entry:default@CompileArkTS' cost while wrapping incremental declarations: 1 ms 
[2026-09-18T18:49:35.333] [DEBUG] debug-file - Task 'entry:default@DoNativeStrip' cost while wrapping incremental declarations: 1 ms 
[2026-09-18T18:49:35.341] [DEBUG] debug-file - entry : default@BuildJS cost memory 0.112091064453125
[2026-09-18T18:49:35.342] [DEBUG] debug-file - Task 'entry:default@CacheNativeLibs' cost while wrapping incremental declarations: 1 ms 
[2026-09-18T18:49:34.610] [DEBUG] debug-file - no-daemon, use the parent process.execArgv --max-old-space-size=8192,--max-semi-space-size=16,--expose-gc
[2026-09-18T18:49:35.175] [DEBUG] debug-file - App plugin creating...
[2026-09-18T18:49:35.253] [DEBUG] debug-file - End initialize project's product build option map with build mode 'debug'.
[2026-09-18T18:49:35.277] [DEBUG] debug-file - hvigorfile, resolve finished /Users/abhi/Desktop/HarmonyOS Ports/OpenTwit-Web/hvigorfile.ts
[2026-09-18T18:49:35.290] [DEBUG] debug-file - Module OpenTwit-Web Collected Dependency: 
[2026-09-18T18:49:35.292] [DEBUG] debug-file - Configuration phase cost:570 ms 
[2026-09-18T18:49:35.285] [DEBUG] debug-file - End initialize module-target build option map, moduleName=entry
[2026-09-18T18:49:35.301] [DEBUG] debug-file - Incremental task entry:default@PreBuild pre-execution cost: 2 ms .
[2026-09-18T18:49:35.306] [DEBUG] debug-file - entry : default@CreateBuildProfile cost memory 0.09152984619140625
[2026-09-18T18:49:35.306] [INFO] debug-file - Finished :entry:default@PreCheckSyscap... after 1 ms 
[2026-09-18T18:49:35.312] [DEBUG] debug-file - entry : default@ProcessIntegratedHsp cost memory 0.046966552734375
[2026-09-18T18:49:35.313] [INFO] debug-file - UP-TO-DATE :entry:default@MakePackInfo...  
[2026-09-18T18:49:35.310] [DEBUG] debug-file - runTaskFromQueue task cost before running: 592 ms 
[2026-09-18T18:49:35.323] [INFO] debug-file - UP-TO-DATE :entry:default@ProcessShareConfig...  
[2026-09-18T18:49:35.322] [INFO] debug-file - UP-TO-DATE :entry:default@ProcessRouterMap...  
[2026-09-18T18:49:35.321] [DEBUG] debug-file - entry : default@ProcessProfile cost memory 0.11200714111328125
[2026-09-18T18:49:35.303] [DEBUG] debug-file - entry : default@GenerateMetadata cost memory 0.27960205078125
[2026-09-18T18:49:35.324] [INFO] debug-file - Finished :entry:default@BuildNativeWithNinja... after 1 ms 
[2026-09-18T18:49:35.319] [DEBUG] debug-file - Incremental task entry:default@SyscapTransform pre-execution cost: 5 ms .
[2026-09-18T18:49:35.323] [DEBUG] debug-file - Incremental task entry:default@ProcessStartupConfig pre-execution cost: 1 ms .
[2026-09-18T18:49:35.329] [DEBUG] debug-file - entry : default@GenerateLoaderJson cost memory 0.274505615234375
[2026-09-18T18:49:35.326] [DEBUG] debug-file - entry : default@ProcessResource cost memory 0.3359527587890625
[2026-09-18T18:49:35.332] [INFO] debug-file - UP-TO-DATE :entry:default@CompileResource...  
[2026-09-18T18:49:35.338] [DEBUG] debug-file - build config:
[2026-09-18T18:49:35.333] [DEBUG] debug-file - Incremental task entry:default@DoNativeStrip pre-execution cost: 1 ms .
[2026-09-18T18:49:35.313] [INFO] debug-file - Finished :entry:default@BuildNativeWithCmake... after 1 ms 
[2026-09-18T18:49:35.341] [DEBUG] debug-file - runTaskFromQueue task cost before running: 623 ms 
[2026-09-18T18:49:35.330] [INFO] debug-file - UP-TO-DATE :entry:default@ProcessLibs...  
[2026-09-18T18:49:35.343] [DEBUG] debug-file - Incremental task entry:default@CacheNativeLibs pre-execution cost: 1 ms .
[2026-09-18T18:49:35.277] [DEBUG] debug-file - hvigorfile, resolving /Users/abhi/Desktop/HarmonyOS Ports/OpenTwit-Web/entry/hvigorfile.ts
[2026-09-18T18:49:35.290] [DEBUG] debug-file - Module OpenTwit-Web's total dependency: 0
[2026-09-18T18:49:35.293] [DEBUG] debug-file - Configuration task cost before running: 575 ms 
[2026-09-18T18:49:35.285] [DEBUG] debug-file - Start initialize module-target build option map, moduleName=entry, buildMode=release
[2026-09-18T18:49:35.301] [DEBUG] debug-file - entry : default@PreBuild cost memory 0.8292770385742188
[2026-09-18T18:49:35.306] [INFO] debug-file - UP-TO-DATE :entry:default@CreateBuildProfile...  
[2026-09-18T18:49:35.312] [DEBUG] debug-file - runTaskFromQueue task cost before running: 594 ms 
[2026-09-18T18:49:35.310] [INFO] debug-file - Finished :entry:default@GeneratePkgContextInfo... after 4 ms 
[2026-09-18T18:49:35.321] [INFO] debug-file - UP-TO-DATE :entry:default@ProcessProfile...  
[2026-09-18T18:49:35.325] [DEBUG] debug-file - restool module names: entry; moduleName=entry, taskName=default@ProcessResource
[2026-09-18T18:49:35.319] [DEBUG] debug-file - entry : default@SyscapTransform cost memory 0.1093597412109375
[2026-09-18T18:49:35.329] [INFO] debug-file - UP-TO-DATE :entry:default@GenerateLoaderJson...  
[2026-09-18T18:49:35.327] [INFO] debug-file - UP-TO-DATE :entry:default@ProcessResource...  
[2026-09-18T18:49:35.323] [DEBUG] debug-file - entry : default@ProcessStartupConfig cost memory 0.07389068603515625
[2026-09-18T18:49:35.338] [DEBUG] debug-file - {
  moduleType: 'entry',
  perf: 0,
  targetName: '.default',
  packageManagerType: 'ohpm',
  localPropertiesPath: '/Users/abhi/Desktop/HarmonyOS Ports/OpenTwit-Web/local.properties',
  isPreview: false,
  isOhosTest: false,
  isLocalTest: false,
  buildMode: 'Debug',
  hotReloadBuild: undefined,
  watchMode: 'false',
  aceProfilePath: '/Users/abhi/Desktop/HarmonyOS Ports/OpenTwit-Web/entry/build/default/intermediates/res/default/resources/base/profile',
  etsLoaderPath: '/Users/abhi/Developer/command-line-tools/sdk/default/openharmony/ets/build-tools/ets-loader',
  modulePath: '/Users/abhi/Desktop/HarmonyOS Ports/OpenTwit-Web/entry',
  testFrameworkPar: {
    testMode: undefined,
    coveragePathFilter: undefined,
    coverageMode: undefined
  },
  needCoverageInsert: false,
  debugLine: false,
  projectTopDir: '/Users/abhi/Desktop/HarmonyOS Ports/OpenTwit-Web',
  compileSdkVersion: 24,
  compatibleSdkVersion: 24,
  originCompatibleSdkVersion: 24,
  compatibleSdkVersionStage: undefined,
  bundleName: 'c***t',
  etsLoaderVersion: '6.1.1.125',
  etsLoaderReleaseType: 'Release',
  aotCompileMode: 'type',
  apPath: '/Users/abhi/Desktop/HarmonyOS Ports/OpenTwit-Web/entry/modules.ap',
  entryModuleName: 'entry',
  entryModuleVersion: '1.0.0',
  entryPackageName: 'entry',
  allModuleNameHash: 'a660c64699cc15ae89ec0a8db121631e43f9cac40a33c65ab3bb5b24a32a70f0',
  externalApiPaths: [],
  compilerTypes: [],
  isCrossplatform: false,
  hvigorPluginFile: undefined,
  compilePluginPath: undefined,
  buildGeneratedProfilePath: '/Users/abhi/Desktop/HarmonyOS Ports/OpenTwit-Web/entry/build/default/generated/profile/default',
  bundleType: 'app',
  arkTSVersion: undefined,
  apiVersion: 24,
  needCompleteSourcesMap: false,
  isFaMode: false,
  buildDir: '/Users/abhi/Desktop/HarmonyOS Ports/OpenTwit-Web/entry/build',
  deviceTypes: [ 'default', 'tablet' ],
  pkgContextInfo: undefined,
  ohPackagePathMap: {},
  dependencyAliasMap: {},
  permission: { requestPermissions: [ [Object] ], definePermissions: undefined },
  useGetCurrentBundleName: false,
  projectArkOption: undefined,
  sourceMapDir: undefined,
  branchElimination: false,
  transformLib: undefined,
  tsImportSendable: false,
  resolveConflictMode: true,
  depName2RootPath: {},
  depName2DepInfo: {},
  depName2OhExports: {},
  rootPathSet: [ '/Users/abhi/Desktop/HarmonyOS Ports/OpenTwit-Web' ],
  useNativeResolver: true,
  shouldEmitJs: true,
  useTscResolve: false,
  singleFileEmit: false,
  userProjectConfig: {
    autoLazyImport: false,
    allowEmptyBundleName: false,
    reExportCheckMode: 'noCheck',
    executionMode: 'memory',
    usePathPlaceholder: false,
    writeRollupCache: true,
    isExpandImportEnabled: false,
    expandImportExclude: '',
    lazyImportExclude: '',
    lazyImportInclude: '',
    ignoreCrossplatformCheck: false,
    isHarDeduplicateEnabled: false,
    skipOhModulesLint: false,
    enableStrictCheckOHModule: false,
    disableSendableCheckRules: [],
    useDeclarationFileSignature: false,
    customizedOptions: undefined,
    integratedHsp: false,
    isPreloadSoEnabled: false
  },
  executionMode: 'memory',
  arkCompileCachePath: '/Users/abhi/Desktop/HarmonyOS Ports/OpenTwit-Web/entry/build/default/cache/default/default@CompileArkTS/esmodule',
  autoLazyFilter: undefined,
  isHarDeduplicateEnabled: false,
  intermediateHarDuplicateDirPath: '/Users/abhi/Desktop/HarmonyOS Ports/OpenTwit-Web/entry/build/default/intermediates/har_duplicate/default',
  autoLazyImport: false,
  allowEmptyBundleName: false,
  reExportCheckMode: 'noCheck',
  usePathPlaceholder: false,
  writeRollupCache: true,
  isExpandImportEnabled: false,
  expandImportExclude: '',
  lazyImportExclude: '',
  lazyImportInclude: '',
  ignoreCrossplatformCheck: false,
  skipOhModulesLint: false,
  enableStrictCheckOHModule: false,
  disableSendableCheckRules: [],
  useDeclarationFileSignature: false,
  customizedOptions: undefined,
  integratedHsp: false,
  isPreloadSoEnabled: false,
  strictMode: undefined,
  useNormalizedOHMUrl: false,
  caseSensitiveCheck: false,
  strictCheckerOnly: false,
  aceModuleJsonPath: '/Users/abhi/Desktop/HarmonyOS Ports/OpenTwit-Web/entry/build/default/intermediates/res/default/ark_module.json',
  appResource: '/Users/abhi/Desktop/HarmonyOS Ports/OpenTwit-Web/entry/build/default/intermediates/res/default/ResourceTable.txt',
  rawFileResource: '/Users/abhi/Desktop/HarmonyOS Ports/OpenTwit-Web/entry/build/default/intermediates/res/default/resources/rawfile',
  resourceTableHash: 'e521852b22f692b4860e55e47a7fbf6a07d9ec406b2a872c778e7d216b2e68f7',
  runtimeOS: 'OpenHarmony',
  sdkInfo: 'true:24:6.1.1.125:Release',
  aceModuleRoot: '/Users/abhi/Desktop/HarmonyOS Ports/OpenTwit-Web/entry/src/main/ets',
  compileMode: 'esmodule',
  aceSuperVisualPath: '/Users/abhi/Desktop/HarmonyOS Ports/OpenTwit-Web/entry/src/main/supervisual',
  aceBuildJson: '/Users/abhi/Desktop/HarmonyOS Ports/OpenTwit-Web/entry/build/default/intermediates/loader/default/loader.json',
  cachePath: '/Users/abhi/Desktop/HarmonyOS Ports/OpenTwit-Web/entry/build/default/cache/default/default@CompileArkTS/esmodule/debug',
  aceModuleBuild: '/Users/abhi/Desktop/HarmonyOS Ports/OpenTwit-Web/entry/build/default/intermediates/loader_out/default/ets',
  supportChunks: true,
  declaredFilesPath: undefined,
  shouldCollectDirectImportees: false,
  isByteCodeHarOptimize: false,
  expandImportPath: undefined,
  resourceTableTs: '/Users/abhi/Desktop/HarmonyOS Ports/OpenTwit-Web/entry/build/default/generated/r/default/ResourceTable.ts',
  moduleMetaInfoFiles: [
    {
      filePath: '/Users/abhi/Desktop/HarmonyOS Ports/OpenTwit-Web/entry/build/default/generated/r/default/ResourceTable.ts',
      ohmurl: 'com.example.opentwit/entry/build/generated/r/ResourceTable'
    }
  ],
  pkgNameToPkgBriefInfo: {
    entry: {
      pkgRoot: '/Users/abhi/Desktop/HarmonyOS Ports/OpenTwit-Web/entry',
      originalSourceRoots: undefined,
      sourceRoots: [Array],
      pkgName: 'entry'
    }
  },
  projectModel: {
    '/Users/abhi/Desktop/HarmonyOS Ports/OpenTwit-Web/entry/src/main': {
      moduleName: 'entry',
      modulePkgPath: '/Users/abhi/Desktop/HarmonyOS Ports/OpenTwit-Web/entry',
      belongProjectPath: '/Users/abhi/Desktop/HarmonyOS Ports/OpenTwit-Web'
    },
    '/Users/abhi/Desktop/HarmonyOS Ports/OpenTwit-Web/entry': {
      moduleName: 'entry',
      modulePkgPath: '/Users/abhi/Desktop/HarmonyOS Ports/OpenTwit-Web/entry',
      belongProjectPath: '/Users/abhi/Desktop/HarmonyOS Ports/OpenTwit-Web'
    },
    '/Users/abhi/Desktop/HarmonyOS Ports/OpenTwit-Web': {
      moduleName: 'OpenTwit-Web',
      modulePkgPath: '/Users/abhi/Desktop/HarmonyOS Ports/OpenTwit-Web',
      belongProjectPath: '/Users/abhi/Desktop/HarmonyOS Ports/OpenTwit-Web'
    }
  },
  pkgJsonFileHash: '609e42aafe57c1140ce946bba289e7e1f03709e595812d94d07acc55c62a42dd',
  allModulePaths: [ '/Users/abhi/Desktop/HarmonyOS Ports/OpenTwit-Web/entry' ],
  routerMap: {},
  obfuscationOptions: undefined,
  byteCodeHarToDependencyKeys: undefined,
  compileBlockPkg: [],
  mockParams: {
    decorator: '@MockSetup',
    packageName: '@ohos/hamock',
    etsSourceRootPath: 'src/main/ets',
    mockConfigPath: undefined,
    mockConfigKey2ModuleInfo: {},
    source2ModuleIdMap: {}
  },
  copyCodeResourceEnable: true,
  copyCodeResourceExcludes: [],
  copyCodeResourceIncludes: undefined,
  uiTransformOptimization: false,
  sdkPath: '/Users/abhi/.ohos/sdk-remap',
  needPreloadSoFileSet: {},
  preloadSoFilePath: '/Users/abhi/Desktop/HarmonyOS Ports/OpenTwit-Web/entry/build/default/intermediates/preload/default/preload.json',
  useSourceHash: false,
  localModuleParamMap: {},
  otherPaths: {
    'entry/*': [ '../*', '../../../build/default/generated/profile/default/*' ]
  },
  collectImportersConfig: undefined
}
[2026-09-18T18:49:35.333] [DEBUG] debug-file - entry : default@DoNativeStrip cost memory 0.06919097900390625
[2026-09-18T18:49:35.341] [INFO] debug-file - Finished :entry:default@BuildJS... after 1 ms 
[2026-09-18T18:49:35.331] [DEBUG] debug-file - restool module names: entry; moduleName=entry, taskName=default@CompileResource
[2026-09-18T18:49:35.343] [DEBUG] debug-file - entry : default@CacheNativeLibs cost memory 0.08496856689453125
[2026-09-18T18:49:35.280] [DEBUG] debug-file - hvigorfile, require result:  { default: { system: [Function: hapTasks], plugins: [] } }
[2026-09-18T18:49:35.285] [DEBUG] debug-file - Target 'default' config initialized
[2026-09-18T18:49:35.312] [INFO] debug-file - Finished :entry:default@ProcessIntegratedHsp... after 1 ms 
[2026-09-18T18:49:35.310] [DEBUG] debug-file - Executing task :entry:default@GeneratePkgSdkInfo
[2026-09-18T18:49:35.301] [INFO] debug-file - UP-TO-DATE :entry:default@PreBuild...  
[2026-09-18T18:49:35.319] [INFO] debug-file - UP-TO-DATE :entry:default@SyscapTransform...  
[2026-09-18T18:49:35.323] [DEBUG] debug-file - runTaskFromQueue task cost before running: 605 ms 
[2026-09-18T18:49:35.339] [DEBUG] debug-file - default@CompileArkTS work[0] is submitted.
[2026-09-18T18:49:35.333] [INFO] debug-file - UP-TO-DATE :entry:default@DoNativeStrip...  
[2026-09-18T18:49:35.303] [INFO] debug-file - UP-TO-DATE :entry:default@GenerateMetadata...  
[2026-09-18T18:49:35.343] [INFO] debug-file - UP-TO-DATE :entry:default@CacheNativeLibs...  
[2026-09-18T18:49:35.280] [DEBUG] debug-file - hvigorfile, binding system plugins [Function: hapTasks]
[2026-09-18T18:49:35.285] [DEBUG] debug-file - Module 'entry' target 'default' build option initialized
[2026-09-18T18:49:35.311] [DEBUG] debug-file - Task 'entry:default@GeneratePkgSdkInfo' cost while wrapping incremental declarations: 1 ms 
[2026-09-18T18:49:35.302] [DEBUG] debug-file - Executing task :entry:default@CreateModuleInfo
[2026-09-18T18:49:35.324] [INFO] debug-file - Finished :entry:default@ProcessStartupConfig... after 1 ms 
[2026-09-18T18:49:35.339] [DEBUG] debug-file - default@CompileArkTS work[0] is pushed to ready queue.
[2026-09-18T18:49:35.304] [DEBUG] debug-file - Executing task :entry:default@ConfigureCmake
[2026-09-18T18:49:35.280] [DEBUG] debug-file - Starting plugin build process
[2026-09-18T18:49:35.285] [DEBUG] debug-file - End initialize module-target build option map, moduleName=entry
[2026-09-18T18:49:35.311] [DEBUG] debug-file - Incremental task entry:default@GeneratePkgSdkInfo pre-execution cost: 1 ms .
[2026-09-18T18:49:35.302] [DEBUG] debug-file - Task 'entry:default@CreateModuleInfo' cost while wrapping incremental declarations: 1 ms 
[2026-09-18T18:49:35.339] [DEBUG] debug-file - A work dispatched to worker[9] failed because unable to get work from ready queue.
[2026-09-18T18:49:35.304] [DEBUG] debug-file - entry : default@ConfigureCmake cost memory 0.01206207275390625
[2026-09-18T18:49:35.280] [DEBUG] debug-file - Hap plugin creating...
[2026-09-18T18:49:35.285] [DEBUG] debug-file - Start initialize module-target build option map, moduleName=entry, buildMode=debug
[2026-09-18T18:49:35.311] [DEBUG] debug-file - entry : default@GeneratePkgSdkInfo cost memory 0.1024932861328125
[2026-09-18T18:49:35.302] [DEBUG] debug-file - entry : default@CreateModuleInfo cost memory 0.03597259521484375
[2026-09-18T18:49:35.339] [DEBUG] debug-file - A work dispatched to worker[8] failed because unable to get work from ready queue.
[2026-09-18T18:49:35.304] [DEBUG] debug-file - runTaskFromQueue task cost before running: 586 ms 
[2026-09-18T18:49:35.285] [DEBUG] debug-file - Target 'default' config initialized
[2026-09-18T18:49:35.311] [INFO] debug-file - UP-TO-DATE :entry:default@GeneratePkgSdkInfo...  
[2026-09-18T18:49:35.302] [DEBUG] debug-file - runTaskFromQueue task cost before running: 584 ms 
[2026-09-18T18:49:35.339] [DEBUG] debug-file - A work dispatched to worker[7] failed because unable to get work from ready queue.
[2026-09-18T18:49:35.304] [INFO] debug-file - Finished :entry:default@ConfigureCmake... after 1 ms 
[2026-09-18T18:49:35.285] [DEBUG] debug-file - Module 'entry' target 'default' build option initialized
[2026-09-18T18:49:35.302] [INFO] debug-file - Finished :entry:default@CreateModuleInfo... after 1 ms 
[2026-09-18T18:49:35.339] [DEBUG] debug-file - A work dispatched to worker[6] failed because unable to get work from ready queue.
[2026-09-18T18:49:35.304] [DEBUG] debug-file - Executing task :entry:default@MergeProfile
[2026-09-18T18:49:35.285] [DEBUG] debug-file - End initialize module-target build option map, moduleName=entry
[2026-09-18T18:49:35.339] [DEBUG] debug-file - A work dispatched to worker[5] failed because unable to get work from ready queue.
[2026-09-18T18:49:35.304] [DEBUG] debug-file - Task 'entry:default@MergeProfile' cost while wrapping incremental declarations: 1 ms 
[2026-09-18T18:49:35.285] [DEBUG] debug-file - Obtain build option for module 'entry' target 'default'in this build.
[2026-09-18T18:49:35.339] [DEBUG] debug-file - Create  resident worker with id: 4.
[2026-09-18T18:49:35.287] [DEBUG] debug-file - Module entry task initialization takes 2 ms 
[2026-09-18T18:49:35.305] [DEBUG] debug-file - Incremental task entry:default@MergeProfile pre-execution cost: 1 ms .
[2026-09-18T18:49:35.339] [DEBUG] debug-file - default@CompileArkTS work[0] has been dispatched to worker[4].
[2026-09-18T18:49:35.305] [DEBUG] debug-file - entry : default@MergeProfile cost memory 0.1124114990234375
[2026-09-18T18:49:35.287] [DEBUG] debug-file - Hap plugin register hook start...
[2026-09-18T18:49:35.339] [DEBUG] debug-file - default@CompileArkTS work[0] is dispatched.
[2026-09-18T18:49:35.287] [DEBUG] debug-file - Hap plugin register hook end...
[2026-09-18T18:49:35.305] [INFO] debug-file - UP-TO-DATE :entry:default@MergeProfile...  
[2026-09-18T18:49:35.339] [DEBUG] debug-file - CopyResources startTime: 11981830855708
[2026-09-18T18:49:35.287] [DEBUG] debug-file - Plugin build process completed
[2026-09-18T18:49:35.339] [DEBUG] debug-file - default@CompileArkTS work[1] is submitted.
[2026-09-18T18:49:35.288] [DEBUG] debug-file - hvigorfile, begin to bind custom plugins...
[2026-09-18T18:49:35.339] [DEBUG] debug-file - default@CompileArkTS work[1] is pushed to ready queue.
[2026-09-18T18:49:35.288] [DEBUG] debug-file - hvigorfile, no custom plugins were found in /Users/abhi/Desktop/HarmonyOS Ports/OpenTwit-Web/entry/hvigorfile.ts
[2026-09-18T18:49:35.339] [DEBUG] debug-file - A work dispatched to worker[9] failed because unable to get work from ready queue.
[2026-09-18T18:49:35.288] [DEBUG] debug-file - hvigorfile, resolve finished /Users/abhi/Desktop/HarmonyOS Ports/OpenTwit-Web/entry/hvigorfile.ts
[2026-09-18T18:49:35.339] [DEBUG] debug-file - Create  resident worker with id: 8.
[2026-09-18T18:49:35.340] [DEBUG] debug-file - default@CompileArkTS work[1] has been dispatched to worker[8].
[2026-09-18T18:49:35.340] [DEBUG] debug-file - default@CompileArkTS work[1] is dispatched.
[2026-09-18T18:49:35.340] [DEBUG] debug-file - entry : default@CompileArkTS cost memory 1.67877197265625
[2026-09-18T18:49:35.582] [DEBUG] debug-file - worker[8] has one work done.
[2026-09-18T18:49:35.582] [DEBUG] debug-file - CopyResources is end, endTime: 11982073772333
[2026-09-18T18:49:35.582] [DEBUG] debug-file - default@CompileArkTS work[1] done.
[2026-09-18T18:49:35.583] [DEBUG] debug-file - A work dispatched to worker[8] failed because unable to get work from ready queue.
[2026-09-18T18:49:37.786] [DEBUG] debug-file - worker[4] has one work error.
[2026-09-18T18:49:37.786] [DEBUG] debug-file - Ark compile task finished.finished time is 11984277423583
[2026-09-18T18:49:37.786] [DEBUG] debug-file - default@CompileArkTS work[0] failed.
[2026-09-18T18:49:37.787] [ERROR] debug-file - Failed :entry:default@CompileArkTS... 
[2026-09-18T18:49:37.787] [WARN] debug-file - 
[33m1 WARN: [33m[33mArkTS:WARN File: /Users/abhi/Desktop/HarmonyOS Ports/OpenTwit-Web/entry/src/main/ets/common/TokenStore.ets:9:18
 Function may throw exceptions. Special handling is required.
[39m[39m
[33m2 WARN: [33m[33mArkTS:WARN File: /Users/abhi/Desktop/HarmonyOS Ports/OpenTwit-Web/entry/src/main/ets/common/TokenStore.ets:14:11
 Function may throw exceptions. Special handling is required.
[39m[39m
[33m3 WARN: [33m[33mArkTS:WARN File: /Users/abhi/Desktop/HarmonyOS Ports/OpenTwit-Web/entry/src/main/ets/common/TokenStore.ets:15:11
 Function may throw exceptions. Special handling is required.
[39m[39m
[33m4 WARN: [33m[33mArkTS:WARN File: /Users/abhi/Desktop/HarmonyOS Ports/OpenTwit-Web/entry/src/main/ets/common/TokenStore.ets:20:18
 Function may throw exceptions. Special handling is required.
[39m[39m
[33m5 WARN: [33m[33mArkTS:WARN File: /Users/abhi/Desktop/HarmonyOS Ports/OpenTwit-Web/entry/src/main/ets/common/TokenStore.ets:25:11
 Function may throw exceptions. Special handling is required.
[39m[39m
[33m6 WARN: [33m[33mArkTS:WARN File: /Users/abhi/Desktop/HarmonyOS Ports/OpenTwit-Web/entry/src/main/ets/common/TokenStore.ets:26:11
 Function may throw exceptions. Special handling is required.
[39m[39m
[33m7 WARN: [33m[33mArkTS:WARN File: /Users/abhi/Desktop/HarmonyOS Ports/OpenTwit-Web/entry/src/main/ets/common/TokenStore.ets:31:18
 Function may throw exceptions. Special handling is required.
[39m[39m
[33m8 WARN: [33m[33mArkTS:WARN File: /Users/abhi/Desktop/HarmonyOS Ports/OpenTwit-Web/entry/src/main/ets/pages/Home.ets:21:58
 'getContext' has been deprecated.
[39m[39m
[33m9 WARN: [33m[33mArkTS:WARN File: /Users/abhi/Desktop/HarmonyOS Ports/OpenTwit-Web/entry/src/main/ets/pages/Home.ets:26:56
 'getContext' has been deprecated.
[39m[39m
[33m10 WARN: [33m[33mArkTS:WARN File: /Users/abhi/Desktop/HarmonyOS Ports/OpenTwit-Web/entry/src/main/ets/pages/Profile.ets:37:18
 'pushUrl' has been deprecated.
[39m[39m
[33m11 WARN: [33m[33mArkTS:WARN File: /Users/abhi/Desktop/HarmonyOS Ports/OpenTwit-Web/entry/src/main/ets/pages/Login.ets:19:46
 'getContext' has been deprecated.
[39m[39m
[33m12 WARN: [33m[33mArkTS:WARN File: /Users/abhi/Desktop/HarmonyOS Ports/OpenTwit-Web/entry/src/main/ets/pages/Login.ets:23:18
 'pushUrl' has been deprecated.
[39m[39m
[33m13 WARN: [33mArkTS:WARN File: /Users/abhi/Desktop/HarmonyOS Ports/OpenTwit-Web/entry/src/main/ets/pages/Login.ets:4:1
 It's not a recommended way to export struct with '@Entry' decorator, which may cause ACE Engine error in component preview mode.[39m[39m
[2026-09-18T18:49:37.787] [DEBUG] debug-file - hvigor build process will be closed with an error.
[2026-09-18T18:49:37.797] [DEBUG] debug-file - ERROR: stacktrace = Error: ArkTS Compiler Error
[31m1 ERROR: [31m10505001 ArkTS Compiler Error
Error Message: The left-hand side of a 'for...of' statement cannot use a type annotation. At File: /Users/abhi/Desktop/HarmonyOS Ports/OpenTwit-Web/entry/src/main/ets/services/WebTimeline.ets:56:16
[39m
[39m
[31mCOMPILE RESULT:FAIL {ERROR:2 WARN:13}[39m
    at runArkPack (/Users/abhi/.hvigor/project_caches/0947245c615fa1be5fb4a847626f95c7/workspace/node_modules/.pnpm/@ohos+hvigor-ohos-plugin@6.24.2/node_modules/@ohos/hvigor-ohos-plugin/node_modules/@ohos/hvigor-arkts-compose/dist/src/arkts-pack.js:1:5076)
ArkTSCompilerError: ArkTS Compiler Error
    at throwArkTsCompilerError (/Users/abhi/.hvigor/project_caches/0947245c615fa1be5fb4a847626f95c7/workspace/node_modules/.pnpm/@ohos+hvigor-ohos-plugin@6.24.2/node_modules/@ohos/hvigor-ohos-plugin/node_modules/@ohos/hvigor-arkts-compose/dist/src/data/compose-error.js:1:423)
    at throwErrorIfHasErrorInfo (/Users/abhi/.hvigor/project_caches/0947245c615fa1be5fb4a847626f95c7/workspace/node_modules/.pnpm/@ohos+hvigor-ohos-plugin@6.24.2/node_modules/@ohos/hvigor-ohos-plugin/node_modules/@ohos/hvigor-arkts-compose/dist/src/plugins/common-plugin.js:1:4923)
    at Object.handler (/Users/abhi/.hvigor/project_caches/0947245c615fa1be5fb4a847626f95c7/workspace/node_modules/.pnpm/@ohos+hvigor-ohos-plugin@6.24.2/node_modules/@ohos/hvigor-ohos-plugin/node_modules/@ohos/hvigor-arkts-compose/dist/src/plugins/common-plugin.js:1:3018)
    at /Users/abhi/.hvigor/project_caches/0947245c615fa1be5fb4a847626f95c7/workspace/node_modules/.pnpm/@ohos+hvigor-ohos-plugin@6.24.2/node_modules/@ohos/hvigor-ohos-plugin/node_modules/@ohos/hvigor-arkts-base/node_modules/rollup/dist/shared/rollup.js:27864:40
[2026-09-18T18:49:37.797] [ERROR] debug-file - Error: ArkTS Compiler Error
[31m1 ERROR: [31m10505001 ArkTS Compiler Error
Error Message: The left-hand side of a 'for...of' statement cannot use a type annotation. At File: /Users/abhi/Desktop/HarmonyOS Ports/OpenTwit-Web/entry/src/main/ets/services/WebTimeline.ets:56:16
[39m
[39m
[31mCOMPILE RESULT:FAIL {ERROR:2 WARN:13}[39m
    at runArkPack (/Users/abhi/.hvigor/project_caches/0947245c615fa1be5fb4a847626f95c7/workspace/node_modules/.pnpm/@ohos+hvigor-ohos-plugin@6.24.2/node_modules/@ohos/hvigor-ohos-plugin/node_modules/@ohos/hvigor-arkts-compose/dist/src/arkts-pack.js:1:5076)
ArkTSCompilerError: ArkTS Compiler Error
    at throwArkTsCompilerError (/Users/abhi/.hvigor/project_caches/0947245c615fa1be5fb4a847626f95c7/workspace/node_modules/.pnpm/@ohos+hvigor-ohos-plugin@6.24.2/node_modules/@ohos/hvigor-ohos-plugin/node_modules/@ohos/hvigor-arkts-compose/dist/src/data/compose-error.js:1:423)
    at throwErrorIfHasErrorInfo (/Users/abhi/.hvigor/project_caches/0947245c615fa1be5fb4a847626f95c7/workspace/node_modules/.pnpm/@ohos+hvigor-ohos-plugin@6.24.2/node_modules/@ohos/hvigor-ohos-plugin/node_modules/@ohos/hvigor-arkts-compose/dist/src/plugins/common-plugin.js:1:4923)
    at Object.handler (/Users/abhi/.hvigor/project_caches/0947245c615fa1be5fb4a847626f95c7/workspace/node_modules/.pnpm/@ohos+hvigor-ohos-plugin@6.24.2/node_modules/@ohos/hvigor-ohos-plugin/node_modules/@ohos/hvigor-arkts-compose/dist/src/plugins/common-plugin.js:1:3018)
    at /Users/abhi/.hvigor/project_caches/0947245c615fa1be5fb4a847626f95c7/workspace/node_modules/.pnpm/@ohos+hvigor-ohos-plugin@6.24.2/node_modules/@ohos/hvigor-ohos-plugin/node_modules/@ohos/hvigor-arkts-base/node_modules/rollup/dist/shared/rollup.js:27864:40
[2026-09-18T18:49:37.798] [ERROR] debug-file - BUILD FAILED in 3 s 79 ms 
[2026-09-18T18:49:37.798] [DEBUG] debug-file - There is no need to refresh cache, since the incremental task entry:default@PreBuild is up-to-date.
[2026-09-18T18:49:37.798] [DEBUG] debug-file - Update task entry:default@CreateModuleInfo output file:/Users/abhi/Desktop/HarmonyOS Ports/OpenTwit-Web/entry/build/default/generated/profile/default/ModuleInfo.ts cache.
[2026-09-18T18:49:37.798] [DEBUG] debug-file - Incremental task entry:default@CreateModuleInfo post-execution cost:1 ms .
[2026-09-18T18:49:37.798] [DEBUG] debug-file - There is no need to refresh cache, since the incremental task entry:default@GenerateMetadata is up-to-date.
[2026-09-18T18:49:37.798] [DEBUG] debug-file - There is no need to refresh cache, since the incremental task entry:default@MergeProfile is up-to-date.
[2026-09-18T18:49:37.798] [DEBUG] debug-file - There is no need to refresh cache, since the incremental task entry:default@CreateBuildProfile is up-to-date.
[2026-09-18T18:49:37.798] [DEBUG] debug-file - Update task entry:default@GeneratePkgContextInfo output file:/Users/abhi/Desktop/HarmonyOS Ports/OpenTwit-Web/entry/build/default/intermediates/loader/default/pkgContextInfo.json cache.
[2026-09-18T18:49:37.798] [DEBUG] debug-file - Incremental task entry:default@GeneratePkgContextInfo post-execution cost:1 ms .
[2026-09-18T18:49:37.798] [DEBUG] debug-file - There is no need to refresh cache, since the incremental task entry:default@GeneratePkgSdkInfo is up-to-date.
[2026-09-18T18:49:37.798] [DEBUG] debug-file - Update task entry:default@ProcessIntegratedHsp output file:/Users/abhi/Desktop/HarmonyOS Ports/OpenTwit-Web/build/cache/default/integrated_hsp/integratedHspCache.json cache.
[2026-09-18T18:49:37.798] [DEBUG] debug-file - Incremental task entry:default@ProcessIntegratedHsp post-execution cost:1 ms .
[2026-09-18T18:49:37.798] [DEBUG] debug-file - There is no need to refresh cache, since the incremental task entry:default@MakePackInfo is up-to-date.
[2026-09-18T18:49:37.798] [DEBUG] debug-file - There is no need to refresh cache, since the incremental task entry:default@SyscapTransform is up-to-date.
[2026-09-18T18:49:37.798] [DEBUG] debug-file - There is no need to refresh cache, since the incremental task entry:default@ProcessProfile is up-to-date.
[2026-09-18T18:49:37.798] [DEBUG] debug-file - There is no need to refresh cache, since the incremental task entry:default@ProcessRouterMap is up-to-date.
[2026-09-18T18:49:37.798] [DEBUG] debug-file - There is no need to refresh cache, since the incremental task entry:default@ProcessShareConfig is up-to-date.
[2026-09-18T18:49:37.798] [DEBUG] debug-file - Update task entry:default@ProcessStartupConfig output file:/Users/abhi/Desktop/HarmonyOS Ports/OpenTwit-Web/entry/build/default/intermediates/startup/default/startup_config.json cache.
[2026-09-18T18:49:37.798] [DEBUG] debug-file - Incremental task entry:default@ProcessStartupConfig post-execution cost:1 ms .
[2026-09-18T18:49:37.798] [DEBUG] debug-file - There is no need to refresh cache, since the incremental task entry:default@ProcessResource is up-to-date.
[2026-09-18T18:49:37.798] [DEBUG] debug-file - There is no need to refresh cache, since the incremental task entry:default@GenerateLoaderJson is up-to-date.
[2026-09-18T18:49:37.798] [DEBUG] debug-file - There is no need to refresh cache, since the incremental task entry:default@ProcessLibs is up-to-date.
[2026-09-18T18:49:37.799] [DEBUG] debug-file - There is no need to refresh cache, since the incremental task entry:default@CompileResource is up-to-date.
[2026-09-18T18:49:37.799] [DEBUG] debug-file - There is no need to refresh cache, since the incremental task entry:default@DoNativeStrip is up-to-date.
[2026-09-18T18:49:37.799] [DEBUG] debug-file - Update task entry:default@CompileArkTS input file:/Users/abhi/Desktop/HarmonyOS Ports/OpenTwit-Web/entry/build/default/intermediates/loader/default cache by regenerate.
[2026-09-18T18:49:37.799] [DEBUG] debug-file - Update task entry:default@CompileArkTS input file:/Users/abhi/Desktop/HarmonyOS Ports/OpenTwit-Web/entry/build/default/intermediates/res/default/ResourceTable.txt cache by regenerate.
[2026-09-18T18:49:37.799] [DEBUG] debug-file - Update task entry:default@CompileArkTS input file:/Users/abhi/Desktop/HarmonyOS Ports/OpenTwit-Web/entry/build/default/intermediates/res/default/ark_module.json cache by regenerate.
[2026-09-18T18:49:37.799] [DEBUG] debug-file - Update task entry:default@CompileArkTS input file:/Users/abhi/Desktop/HarmonyOS Ports/OpenTwit-Web/entry/build/default/intermediates/res/default/resources/base/profile cache by regenerate.
[2026-09-18T18:49:37.799] [DEBUG] debug-file - Update task entry:default@CompileArkTS input file:/Users/abhi/Desktop/HarmonyOS Ports/OpenTwit-Web/entry/src/main/ets cache by regenerate.
[2026-09-18T18:49:37.800] [DEBUG] debug-file - Update task entry:default@CompileArkTS input file:/Users/abhi/Desktop/HarmonyOS Ports/OpenTwit-Web/entry/build/default/generated/profile/default/BuildProfile.ets cache by regenerate.
[2026-09-18T18:49:37.800] [DEBUG] debug-file - Update task entry:default@CompileArkTS output file:/Users/abhi/Desktop/HarmonyOS Ports/OpenTwit-Web/entry/build/default/intermediates/loader_out/default/ets cache.
[2026-09-18T18:49:37.800] [DEBUG] debug-file - Incremental task entry:default@CompileArkTS post-execution cost:2 ms .
[2026-09-18T18:49:37.800] [DEBUG] debug-file - Update task entry:default@BuildJS input file:/Users/abhi/Desktop/HarmonyOS Ports/OpenTwit-Web/entry/build/default/intermediates/loader/default cache by regenerate.
[2026-09-18T18:49:37.800] [DEBUG] debug-file - Update task entry:default@BuildJS input file:/Users/abhi/Desktop/HarmonyOS Ports/OpenTwit-Web/entry/build/default/intermediates/res/default/ResourceTable.txt cache by regenerate.
[2026-09-18T18:49:37.800] [DEBUG] debug-file - Update task entry:default@BuildJS input file:/Users/abhi/Desktop/HarmonyOS Ports/OpenTwit-Web/entry/build/default/intermediates/res/default/ark_module.json cache by regenerate.
[2026-09-18T18:49:37.800] [DEBUG] debug-file - Update task entry:default@BuildJS input file:/Users/abhi/Desktop/HarmonyOS Ports/OpenTwit-Web/entry/build/default/intermediates/res/default/resources/base/profile cache by regenerate.
[2026-09-18T18:49:37.800] [DEBUG] debug-file - Update task entry:default@BuildJS output file:/Users/abhi/Desktop/HarmonyOS Ports/OpenTwit-Web/entry/build/default/intermediates/loader_out/default/js cache.
[2026-09-18T18:49:37.800] [DEBUG] debug-file - Incremental task entry:default@BuildJS post-execution cost:1 ms .
[2026-09-18T18:49:37.800] [DEBUG] debug-file - There is no need to refresh cache, since the incremental task entry:default@CacheNativeLibs is up-to-date.
[2026-09-18T18:49:37.805] [DEBUG] debug-file - Current worker pool is stopped or closed.
[2026-09-18T18:49:37.805] [DEBUG] debug-file - Clear worker 0.
[2026-09-18T18:49:37.806] [DEBUG] debug-file - Worker 0 has been cleared.
[2026-09-18T18:49:37.806] [DEBUG] debug-file - Current idle worker size: 3.
[2026-09-18T18:49:37.806] [DEBUG] debug-file - Current busy worker size: 0.
[2026-09-18T18:49:37.806] [DEBUG] debug-file - Clear worker 1.
[2026-09-18T18:49:37.806] [DEBUG] debug-file - Worker 1 has been cleared.
[2026-09-18T18:49:37.806] [DEBUG] debug-file - Current idle worker size: 2.
[2026-09-18T18:49:37.806] [DEBUG] debug-file - Current busy worker size: 0.
[2026-09-18T18:49:37.806] [DEBUG] debug-file - Clear worker 8.
[2026-09-18T18:49:37.806] [DEBUG] debug-file - Worker 8 has been cleared.
[2026-09-18T18:49:37.806] [DEBUG] debug-file - Current idle worker size: 1.
[2026-09-18T18:49:37.806] [DEBUG] debug-file - Current busy worker size: 0.
[2026-09-18T18:49:37.806] [DEBUG] debug-file - Clear worker 4.
[2026-09-18T18:49:37.806] [DEBUG] debug-file - Worker 4 has been cleared.
[2026-09-18T18:49:37.806] [DEBUG] debug-file - Current idle worker size: 0.
[2026-09-18T18:49:37.806] [DEBUG] debug-file - Current busy worker size: 0.
[2026-09-18T18:49:37.806] [DEBUG] debug-file - hvigor build process will be closed.
[2026-09-18T18:49:37.808] [DEBUG] debug-file - Current worker pool is terminated.
[2026-09-18T18:49:37.808] [DEBUG] debug-file - worker[0] exits with exit code 1.
[2026-09-18T18:49:37.808] [DEBUG] debug-file - worker[1] exits with exit code 1.
[2026-09-18T18:49:37.809] [DEBUG] debug-file - worker[8] exits with exit code 1.
[2026-09-18T18:49:37.815] [DEBUG] debug-file - worker[4] exits with exit code 1.
[2026-09-18T18:49:50.127] [DEBUG] debug-file - env: nodejsVersion=v18.20.1
[2026-09-18T18:49:50.246] [DEBUG] debug-file - Hvigor init with startParameters:{
  hvigorfileTypeCheck: false,
  parallelExecution: true,
  incrementalExecution: true,
  printStackTrace: false,
  daemon: false,
  analyze: 0,
  logLevel: Level { level: 20000, levelStr: 'INFO', colour: 'green' },
  optimizationStrategy: 'memory',
  hotCompile: undefined,
  hotReloadBuild: undefined,
  customizedParam: undefined
}
[2026-09-18T18:49:50.906] [DEBUG] debug-file - hvigorfile, require result:  { default: { system: [Function: appTasks], plugins: [] } }
[2026-09-18T18:49:50.906] [DEBUG] debug-file - Starting plugin build process
[2026-09-18T18:49:50.985] [DEBUG] debug-file - App plugin register hook start...
[2026-09-18T18:49:50.987] [DEBUG] debug-file - Obtain build option for product 'default'in this build.
[2026-09-18T18:49:50.986] [DEBUG] debug-file - Start initialize project's product build option map with build mode debug.
[2026-09-18T18:49:50.990] [DEBUG] debug-file - Start recording SDK configuration permission data.
[2026-09-18T18:49:51.010] [DEBUG] debug-file - Project task initialization takes 4 ms 
[2026-09-18T18:49:51.013] [DEBUG] debug-file - failed to load cangjie to dynamically generate schemas: Error: Cannot find module '@ohos/cangjie-build-support/index'
Require stack:
- /Users/abhi/.hvigor/project_caches/0947245c615fa1be5fb4a847626f95c7/workspace/node_modules/.pnpm/@ohos+hvigor-ohos-plugin@6.24.2/node_modules/@ohos/hvigor-ohos-plugin/src/plugin/hooks/cangjie-register.js
- /Users/abhi/.hvigor/project_caches/0947245c615fa1be5fb4a847626f95c7/workspace/node_modules/.pnpm/@ohos+hvigor-ohos-plugin@6.24.2/node_modules/@ohos/hvigor-ohos-plugin/src/plugin/strategy/stage-init-strategy.js
- /Users/abhi/.hvigor/project_caches/0947245c615fa1be5fb4a847626f95c7/workspace/node_modules/.pnpm/@ohos+hvigor-ohos-plugin@6.24.2/node_modules/@ohos/hvigor-ohos-plugin/src/plugin/builder/abstract-plugin-builder.js
- /Users/abhi/.hvigor/project_caches/0947245c615fa1be5fb4a847626f95c7/workspace/node_modules/.pnpm/@ohos+hvigor-ohos-plugin@6.24.2/node_modules/@ohos/hvigor-ohos-plugin/src/plugin/builder/app-plugin-builder.js
- /Users/abhi/.hvigor/project_caches/0947245c615fa1be5fb4a847626f95c7/workspace/node_modules/.pnpm/@ohos+hvigor-ohos-plugin@6.24.2/node_modules/@ohos/hvigor-ohos-plugin/src/plugin/factory/plugin-factory.js
- /Users/abhi/.hvigor/project_caches/0947245c615fa1be5fb4a847626f95c7/workspace/node_modules/.pnpm/@ohos+hvigor-ohos-plugin@6.24.2/node_modules/@ohos/hvigor-ohos-plugin/index.js
- /Users/abhi/Desktop/HarmonyOS Ports/OpenTwit-Web/hvigorfile.ts
- /Users/abhi/Developer/command-line-tools/hvigor/hvigor/src/base/internal/lifecycle/configuration.js
- /Users/abhi/Developer/command-line-tools/hvigor/hvigor/src/base/boot/index.js
- /Users/abhi/Developer/command-line-tools/hvigor/hvigor/src/cli/main/cli.js
- /Users/abhi/Developer/command-line-tools/hvigor/hvigor/bin/hvigor.js
[2026-09-18T18:49:51.018] [DEBUG] debug-file - Start initialize module-target build option map, moduleName=entry, buildMode=debug
[2026-09-18T18:49:51.021] [DEBUG] debug-file - start to load updatedOhPackageInfo to the disk
[2026-09-18T18:49:51.021] [DEBUG] debug-file - project has submodules:entry
[2026-09-18T18:49:51.023] [DEBUG] debug-file - Start to initialize dependency information.
[2026-09-18T18:49:51.027] [DEBUG] debug-file - Since there is no instance or instance is terminated, create a new worker pool.
[2026-09-18T18:49:51.027] [DEBUG] debug-file - Create  resident worker with id: 0.
[2026-09-18T18:49:51.037] [DEBUG] debug-file - Executing task :entry:default@GenerateMetadata
[2026-09-18T18:49:51.040] [DEBUG] debug-file - Executing task :entry:default@CreateBuildProfile
[2026-09-18T18:49:51.030] [DEBUG] debug-file - Executing task :entry:default@PreBuild
[2026-09-18T18:49:51.041] [DEBUG] debug-file - Executing task :entry:default@PreCheckSyscap
[2026-09-18T18:49:51.047] [DEBUG] debug-file - Executing task :entry:default@BuildNativeWithCmake
[2026-09-18T18:49:51.047] [DEBUG] debug-file - Executing task :entry:default@ProcessIntegratedHsp
[2026-09-18T18:49:51.042] [DEBUG] debug-file - Executing task :entry:default@GeneratePkgContextInfo
[2026-09-18T18:49:51.048] [DEBUG] debug-file - Executing task :entry:default@MakePackInfo
[2026-09-18T18:49:51.056] [DEBUG] debug-file - Executing task :entry:default@ProcessRouterMap
[2026-09-18T18:49:51.049] [DEBUG] debug-file - Executing task :entry:default@SyscapTransform
[2026-09-18T18:49:51.055] [DEBUG] debug-file - Executing task :entry:default@ProcessProfile
[2026-09-18T18:49:51.057] [DEBUG] debug-file - Executing task :entry:default@ProcessShareConfig
[2026-09-18T18:49:51.060] [DEBUG] debug-file - Executing task :entry:default@ProcessResource
[2026-09-18T18:49:51.061] [DEBUG] debug-file - Executing task :entry:default@GenerateLoaderJson
[2026-09-18T18:49:51.059] [DEBUG] debug-file - Executing task :entry:default@BuildNativeWithNinja
[2026-09-18T18:49:51.064] [DEBUG] debug-file - Executing task :entry:default@ProcessLibs
[2026-09-18T18:49:51.058] [DEBUG] debug-file - Executing task :entry:default@ProcessStartupConfig
[2026-09-18T18:49:51.067] [DEBUG] debug-file - Executing task :entry:default@DoNativeStrip
[2026-09-18T18:49:51.065] [DEBUG] debug-file - Executing task :entry:default@CompileResource
[2026-09-18T18:49:51.068] [DEBUG] debug-file - Executing task :entry:default@CompileArkTS
[2026-09-18T18:49:51.075] [DEBUG] debug-file - Executing task :entry:default@BuildJS
[2026-09-18T18:49:51.077] [DEBUG] debug-file - Executing task :entry:default@CacheNativeLibs
[2026-09-18T18:49:50.128] [DEBUG] debug-file - env: hvigor-config.json5 content = {
  modelVersion: '5.0.0',
  hvigorVersion: '6.24.2',
  dependencies: { '@ohos/hvigor-ohos-plugin': '6.24.2' }
}
[2026-09-18T18:49:50.248] [DEBUG] debug-file - Cache service initialization finished in 2 ms 
[2026-09-18T18:49:50.906] [DEBUG] debug-file - hvigorfile, binding system plugins [Function: appTasks]
[2026-09-18T18:49:50.906] [DEBUG] debug-file - App plugin prepare start...
[2026-09-18T18:49:50.985] [DEBUG] debug-file - App plugin register hook end...
[2026-09-18T18:49:50.988] [DEBUG] debug-file - /Users/abhi/Desktop/HarmonyOS Ports/OpenTwit-Web/build/cache/default/remote_hsp/remoteHspCache.json not exists.
[2026-09-18T18:49:50.986] [DEBUG] debug-file - Picking option from product 'default' with build mode 'debug'.
[2026-09-18T18:49:51.006] [DEBUG] debug-file - Sdk init in 18 ms 
[2026-09-18T18:49:51.010] [DEBUG] debug-file - hvigorfile, begin to bind custom plugins...
[2026-09-18T18:49:51.018] [DEBUG] debug-file - Target 'default' config initialized
[2026-09-18T18:49:51.022] [DEBUG] debug-file - load to the disk finished
[2026-09-18T18:49:51.024] [DEBUG] debug-file - Module entry Collected Dependency: 
[2026-09-18T18:49:51.027] [DEBUG] debug-file - Worker pool is initialized with config:  {
  minPoolNum: 2,
  maxPoolNum: undefined,
  maxCoreSize: undefined,
  cacheCapacity: undefined,
  cacheTtl: undefined
}
[2026-09-18T18:49:51.028] [DEBUG] debug-file - Create  resident worker with id: 1.
[2026-09-18T18:49:51.037] [DEBUG] debug-file - Task 'entry:default@GenerateMetadata' cost while wrapping incremental declarations: 1 ms 
[2026-09-18T18:49:51.040] [DEBUG] debug-file - Task 'entry:default@CreateBuildProfile' cost while wrapping incremental declarations: 1 ms 
[2026-09-18T18:49:51.031] [WARN] debug-file - The project has not explicitly set the 'targetSdkVersion' version at build-profile.json5. It is recommended to configure it. Reference: https://developer.huawei.com/consumer/en/doc/harmonyos-guides/ide-hvigor-build-profile-app#section45865492619
[2026-09-18T18:49:51.041] [DEBUG] debug-file - entry : default@PreCheckSyscap cost memory 0.01561737060546875
[2026-09-18T18:49:51.047] [DEBUG] debug-file - entry : default@BuildNativeWithCmake cost memory 0.01372528076171875
[2026-09-18T18:49:51.047] [DEBUG] debug-file - entry:default@ProcessIntegratedHsp is not up-to-date, since the output file '/Users/abhi/Desktop/HarmonyOS Ports/OpenTwit-Web/build/cache/default/integrated_hsp/integratedHspCache.json' does not exist.
[2026-09-18T18:49:51.045] [DEBUG] debug-file - Task 'entry:default@GeneratePkgContextInfo' cost while wrapping incremental declarations: 1 ms 
[2026-09-18T18:49:51.048] [DEBUG] debug-file - Incremental task entry:default@MakePackInfo pre-execution cost: 1 ms .
[2026-09-18T18:49:51.057] [DEBUG] debug-file - Incremental task entry:default@ProcessRouterMap pre-execution cost: 1 ms .
[2026-09-18T18:49:51.049] [DEBUG] debug-file - File: '/Users/abhi/Desktop/HarmonyOS Ports/OpenTwit-Web/entry/src/main/syscap.json' from 'sysCapJsonPath' is not exists, just ignore.
[2026-09-18T18:49:51.055] [DEBUG] debug-file - Task 'entry:default@ProcessProfile' cost while wrapping incremental declarations: 1 ms 
[2026-09-18T18:49:51.058] [DEBUG] debug-file - Incremental task entry:default@ProcessShareConfig pre-execution cost: 1 ms .
[2026-09-18T18:49:51.060] [DEBUG] debug-file - Task 'entry:default@ProcessResource' cost while wrapping incremental declarations: 1 ms 
[2026-09-18T18:49:51.062] [DEBUG] debug-file - Task 'entry:default@GenerateLoaderJson' cost while wrapping incremental declarations: 1 ms 
[2026-09-18T18:49:51.059] [DEBUG] debug-file - entry : default@BuildNativeWithNinja cost memory 0.01860809326171875
[2026-09-18T18:49:51.064] [DEBUG] debug-file - Incremental task entry:default@ProcessLibs pre-execution cost: 1 ms .
[2026-09-18T18:49:51.058] [DEBUG] debug-file - Task 'entry:default@ProcessStartupConfig' cost while wrapping incremental declarations: 1 ms 
[2026-09-18T18:49:51.067] [DEBUG] debug-file - File: '/Users/abhi/Desktop/HarmonyOS Ports/OpenTwit-Web/entry/build/default/intermediates/binxo/default' from 'doBinxoNativeLibs' is not exists, just ignore.
[2026-09-18T18:49:51.066] [DEBUG] debug-file - Incremental task entry:default@CompileResource pre-execution cost: 2 ms .
[2026-09-18T18:49:51.068] [DEBUG] debug-file - obfuscationOptions: undefined
[2026-09-18T18:49:51.075] [DEBUG] debug-file - Task 'entry:default@BuildJS' cost while wrapping incremental declarations: 1 ms 
[2026-09-18T18:49:51.077] [DEBUG] debug-file - File: '/Users/abhi/Desktop/HarmonyOS Ports/OpenTwit-Web/entry/build/default/intermediates/binxo/default' from 'cacheBinxoNativeLibs' is not exists, just ignore.
[2026-09-18T18:49:50.129] [DEBUG] debug-file - env: daemon=false
[2026-09-18T18:49:50.248] [DEBUG] debug-file - hvigorfile, resolving /Users/abhi/Desktop/HarmonyOS Ports/OpenTwit-Web/hvigorfile.ts
[2026-09-18T18:49:50.906] [DEBUG] debug-file - App plugin prepare end...
[2026-09-18T18:49:50.985] [DEBUG] debug-file - Plugin build process completed
[2026-09-18T18:49:50.986] [DEBUG] debug-file - Product 'default' build option initialized
[2026-09-18T18:49:51.010] [DEBUG] debug-file - hvigorfile, no custom plugins were found in /Users/abhi/Desktop/HarmonyOS Ports/OpenTwit-Web/hvigorfile.ts
[2026-09-18T18:49:51.018] [DEBUG] debug-file - Module 'entry' target 'default' build option initialized
[2026-09-18T18:49:51.022] [DEBUG] debug-file - Start to initialize dependency information.
[2026-09-18T18:49:51.024] [DEBUG] debug-file - Module entry's total dependency: 0
[2026-09-18T18:49:51.037] [DEBUG] debug-file - Incremental task entry:default@GenerateMetadata pre-execution cost: 1 ms .
[2026-09-18T18:49:51.040] [DEBUG] debug-file - Incremental task entry:default@CreateBuildProfile pre-execution cost: 1 ms .
[2026-09-18T18:49:51.032] [DEBUG] debug-file - Task 'entry:default@PreBuild' cost while wrapping incremental declarations: 1 ms 
[2026-09-18T18:49:51.041] [DEBUG] debug-file - runTaskFromQueue task cost before running: 798 ms 
[2026-09-18T18:49:51.047] [DEBUG] debug-file - runTaskFromQueue task cost before running: 804 ms 
[2026-09-18T18:49:51.047] [DEBUG] debug-file - Incremental task entry:default@ProcessIntegratedHsp pre-execution cost: 1 ms .
[2026-09-18T18:49:51.045] [DEBUG] debug-file - entry : default@GeneratePkgContextInfo cost memory 0.46319580078125
[2026-09-18T18:49:51.048] [DEBUG] debug-file - entry : default@MakePackInfo cost memory 0.0943450927734375
[2026-09-18T18:49:51.057] [DEBUG] debug-file - entry : default@ProcessRouterMap cost memory 0.11051177978515625
[2026-09-18T18:49:51.049] [DEBUG] debug-file - Task 'entry:default@SyscapTransform' cost while wrapping incremental declarations: 1 ms 
[2026-09-18T18:49:51.056] [DEBUG] debug-file - Incremental task entry:default@ProcessProfile pre-execution cost: 1 ms .
[2026-09-18T18:49:51.058] [DEBUG] debug-file - entry : default@ProcessShareConfig cost memory 0.3044891357421875
[2026-09-18T18:49:51.060] [DEBUG] debug-file - Incremental task entry:default@ProcessResource pre-execution cost: 1 ms .
[2026-09-18T18:49:51.063] [DEBUG] debug-file - Incremental task entry:default@GenerateLoaderJson pre-execution cost: 1 ms .
[2026-09-18T18:49:51.059] [DEBUG] debug-file - runTaskFromQueue task cost before running: 816 ms 
[2026-09-18T18:49:51.064] [DEBUG] debug-file - entry : default@ProcessLibs cost memory 0.08150482177734375
[2026-09-18T18:49:51.058] [DEBUG] debug-file - entry:default@ProcessStartupConfig is not up-to-date, since the output file '/Users/abhi/Desktop/HarmonyOS Ports/OpenTwit-Web/entry/build/default/intermediates/startup/default/startup_config.json' does not exist.
[2026-09-18T18:49:51.067] [DEBUG] debug-file - Task 'entry:default@DoNativeStrip' cost while wrapping incremental declarations: 1 ms 
[2026-09-18T18:49:51.066] [DEBUG] debug-file - entry : default@CompileResource cost memory 0.3377227783203125
[2026-09-18T18:49:51.068] [DEBUG] debug-file - Task 'entry:default@CompileArkTS' cost while wrapping incremental declarations: 1 ms 
[2026-09-18T18:49:51.075] [DEBUG] debug-file - entry : default@BuildJS cost memory 0.1121368408203125
[2026-09-18T18:49:51.077] [DEBUG] debug-file - Task 'entry:default@CacheNativeLibs' cost while wrapping incremental declarations: 1 ms 
[2026-09-18T18:49:50.129] [DEBUG] debug-file - no-daemon, use the parent process.execArgv --max-old-space-size=8192,--max-semi-space-size=16,--expose-gc
[2026-09-18T18:49:50.906] [DEBUG] debug-file - App plugin creating...
[2026-09-18T18:49:50.986] [DEBUG] debug-file - End initialize project's product build option map with build mode 'debug'.
[2026-09-18T18:49:51.010] [DEBUG] debug-file - hvigorfile, resolve finished /Users/abhi/Desktop/HarmonyOS Ports/OpenTwit-Web/hvigorfile.ts
[2026-09-18T18:49:51.018] [DEBUG] debug-file - End initialize module-target build option map, moduleName=entry
[2026-09-18T18:49:51.023] [DEBUG] debug-file - Module OpenTwit-Web Collected Dependency: 
[2026-09-18T18:49:51.025] [DEBUG] debug-file - Configuration phase cost:777 ms 
[2026-09-18T18:49:51.038] [DEBUG] debug-file - entry : default@GenerateMetadata cost memory 0.27971649169921875
[2026-09-18T18:49:51.040] [DEBUG] debug-file - entry : default@CreateBuildProfile cost memory 0.0915985107421875
[2026-09-18T18:49:51.034] [DEBUG] debug-file - Incremental task entry:default@PreBuild pre-execution cost: 2 ms .
[2026-09-18T18:49:51.041] [INFO] debug-file - Finished :entry:default@PreCheckSyscap... after 1 ms 
[2026-09-18T18:49:51.047] [INFO] debug-file - Finished :entry:default@BuildNativeWithCmake... after 1 ms 
[2026-09-18T18:49:51.047] [DEBUG] debug-file - entry : default@ProcessIntegratedHsp cost memory 0.04705047607421875
[2026-09-18T18:49:51.045] [DEBUG] debug-file - runTaskFromQueue task cost before running: 801 ms 
[2026-09-18T18:49:51.048] [INFO] debug-file - UP-TO-DATE :entry:default@MakePackInfo...  
[2026-09-18T18:49:51.057] [INFO] debug-file - UP-TO-DATE :entry:default@ProcessRouterMap...  
[2026-09-18T18:49:51.054] [DEBUG] debug-file - Incremental task entry:default@SyscapTransform pre-execution cost: 5 ms .
[2026-09-18T18:49:51.056] [DEBUG] debug-file - entry : default@ProcessProfile cost memory 0.1122894287109375
[2026-09-18T18:49:51.058] [INFO] debug-file - UP-TO-DATE :entry:default@ProcessShareConfig...  
[2026-09-18T18:49:51.061] [DEBUG] debug-file - entry : default@ProcessResource cost memory 0.12158966064453125
[2026-09-18T18:49:51.063] [DEBUG] debug-file - entry : default@GenerateLoaderJson cost memory 0.27455902099609375
[2026-09-18T18:49:51.059] [INFO] debug-file - Finished :entry:default@BuildNativeWithNinja... after 1 ms 
[2026-09-18T18:49:51.065] [INFO] debug-file - UP-TO-DATE :entry:default@ProcessLibs...  
[2026-09-18T18:49:51.058] [DEBUG] debug-file - Incremental task entry:default@ProcessStartupConfig pre-execution cost: 1 ms .
[2026-09-18T18:49:51.067] [DEBUG] debug-file - Incremental task entry:default@DoNativeStrip pre-execution cost: 1 ms .
[2026-09-18T18:49:51.067] [INFO] debug-file - UP-TO-DATE :entry:default@CompileResource...  
[2026-09-18T18:49:51.072] [DEBUG] debug-file - build config:
[2026-09-18T18:49:51.075] [DEBUG] debug-file - runTaskFromQueue task cost before running: 832 ms 
[2026-09-18T18:49:51.077] [DEBUG] debug-file - Incremental task entry:default@CacheNativeLibs pre-execution cost: 1 ms .
[2026-09-18T18:49:51.010] [DEBUG] debug-file - hvigorfile, resolving /Users/abhi/Desktop/HarmonyOS Ports/OpenTwit-Web/entry/hvigorfile.ts
[2026-09-18T18:49:51.018] [DEBUG] debug-file - Start initialize module-target build option map, moduleName=entry, buildMode=release
[2026-09-18T18:49:51.023] [DEBUG] debug-file - Module OpenTwit-Web's total dependency: 0
[2026-09-18T18:49:51.026] [DEBUG] debug-file - Configuration task cost before running: 783 ms 
[2026-09-18T18:49:51.038] [INFO] debug-file - UP-TO-DATE :entry:default@GenerateMetadata...  
[2026-09-18T18:49:51.034] [DEBUG] debug-file - entry : default@PreBuild cost memory 0.6145553588867188
[2026-09-18T18:49:51.047] [DEBUG] debug-file - runTaskFromQueue task cost before running: 804 ms 
[2026-09-18T18:49:51.045] [INFO] debug-file - Finished :entry:default@GeneratePkgContextInfo... after 4 ms 
[2026-09-18T18:49:51.041] [INFO] debug-file - UP-TO-DATE :entry:default@CreateBuildProfile...  
[2026-09-18T18:49:51.061] [INFO] debug-file - UP-TO-DATE :entry:default@ProcessResource...  
[2026-09-18T18:49:51.064] [INFO] debug-file - UP-TO-DATE :entry:default@GenerateLoaderJson...  
[2026-09-18T18:49:51.056] [INFO] debug-file - UP-TO-DATE :entry:default@ProcessProfile...  
[2026-09-18T18:49:51.065] [DEBUG] debug-file - restool module names: entry; moduleName=entry, taskName=default@CompileResource
[2026-09-18T18:49:51.058] [DEBUG] debug-file - entry : default@ProcessStartupConfig cost memory 0.07424163818359375
[2026-09-18T18:49:51.067] [DEBUG] debug-file - entry : default@DoNativeStrip cost memory 0.06919097900390625
[2026-09-18T18:49:51.072] [DEBUG] debug-file - {
  moduleType: 'entry',
  perf: 0,
  targetName: '.default',
  packageManagerType: 'ohpm',
  localPropertiesPath: '/Users/abhi/Desktop/HarmonyOS Ports/OpenTwit-Web/local.properties',
  isPreview: false,
  isOhosTest: false,
  isLocalTest: false,
  buildMode: 'Debug',
  hotReloadBuild: undefined,
  watchMode: 'false',
  aceProfilePath: '/Users/abhi/Desktop/HarmonyOS Ports/OpenTwit-Web/entry/build/default/intermediates/res/default/resources/base/profile',
  etsLoaderPath: '/Users/abhi/Developer/command-line-tools/sdk/default/openharmony/ets/build-tools/ets-loader',
  modulePath: '/Users/abhi/Desktop/HarmonyOS Ports/OpenTwit-Web/entry',
  testFrameworkPar: {
    testMode: undefined,
    coveragePathFilter: undefined,
    coverageMode: undefined
  },
  needCoverageInsert: false,
  debugLine: false,
  projectTopDir: '/Users/abhi/Desktop/HarmonyOS Ports/OpenTwit-Web',
  compileSdkVersion: 24,
  compatibleSdkVersion: 24,
  originCompatibleSdkVersion: 24,
  compatibleSdkVersionStage: undefined,
  bundleName: 'c***t',
  etsLoaderVersion: '6.1.1.125',
  etsLoaderReleaseType: 'Release',
  aotCompileMode: 'type',
  apPath: '/Users/abhi/Desktop/HarmonyOS Ports/OpenTwit-Web/entry/modules.ap',
  entryModuleName: 'entry',
  entryModuleVersion: '1.0.0',
  entryPackageName: 'entry',
  allModuleNameHash: 'a660c64699cc15ae89ec0a8db121631e43f9cac40a33c65ab3bb5b24a32a70f0',
  externalApiPaths: [],
  compilerTypes: [],
  isCrossplatform: false,
  hvigorPluginFile: undefined,
  compilePluginPath: undefined,
  buildGeneratedProfilePath: '/Users/abhi/Desktop/HarmonyOS Ports/OpenTwit-Web/entry/build/default/generated/profile/default',
  bundleType: 'app',
  arkTSVersion: undefined,
  apiVersion: 24,
  needCompleteSourcesMap: false,
  isFaMode: false,
  buildDir: '/Users/abhi/Desktop/HarmonyOS Ports/OpenTwit-Web/entry/build',
  deviceTypes: [ 'default', 'tablet' ],
  pkgContextInfo: undefined,
  ohPackagePathMap: {},
  dependencyAliasMap: {},
  permission: { requestPermissions: [ [Object] ], definePermissions: undefined },
  useGetCurrentBundleName: false,
  projectArkOption: undefined,
  sourceMapDir: undefined,
  branchElimination: false,
  transformLib: undefined,
  tsImportSendable: false,
  resolveConflictMode: true,
  depName2RootPath: {},
  depName2DepInfo: {},
  depName2OhExports: {},
  rootPathSet: [ '/Users/abhi/Desktop/HarmonyOS Ports/OpenTwit-Web' ],
  useNativeResolver: true,
  shouldEmitJs: true,
  useTscResolve: false,
  singleFileEmit: false,
  userProjectConfig: {
    autoLazyImport: false,
    allowEmptyBundleName: false,
    reExportCheckMode: 'noCheck',
    executionMode: 'memory',
    usePathPlaceholder: false,
    writeRollupCache: true,
    isExpandImportEnabled: false,
    expandImportExclude: '',
    lazyImportExclude: '',
    lazyImportInclude: '',
    ignoreCrossplatformCheck: false,
    isHarDeduplicateEnabled: false,
    skipOhModulesLint: false,
    enableStrictCheckOHModule: false,
    disableSendableCheckRules: [],
    useDeclarationFileSignature: false,
    customizedOptions: undefined,
    integratedHsp: false,
    isPreloadSoEnabled: false
  },
  executionMode: 'memory',
  arkCompileCachePath: '/Users/abhi/Desktop/HarmonyOS Ports/OpenTwit-Web/entry/build/default/cache/default/default@CompileArkTS/esmodule',
  autoLazyFilter: undefined,
  isHarDeduplicateEnabled: false,
  intermediateHarDuplicateDirPath: '/Users/abhi/Desktop/HarmonyOS Ports/OpenTwit-Web/entry/build/default/intermediates/har_duplicate/default',
  autoLazyImport: false,
  allowEmptyBundleName: false,
  reExportCheckMode: 'noCheck',
  usePathPlaceholder: false,
  writeRollupCache: true,
  isExpandImportEnabled: false,
  expandImportExclude: '',
  lazyImportExclude: '',
  lazyImportInclude: '',
  ignoreCrossplatformCheck: false,
  skipOhModulesLint: false,
  enableStrictCheckOHModule: false,
  disableSendableCheckRules: [],
  useDeclarationFileSignature: false,
  customizedOptions: undefined,
  integratedHsp: false,
  isPreloadSoEnabled: false,
  strictMode: undefined,
  useNormalizedOHMUrl: false,
  caseSensitiveCheck: false,
  strictCheckerOnly: false,
  aceModuleJsonPath: '/Users/abhi/Desktop/HarmonyOS Ports/OpenTwit-Web/entry/build/default/intermediates/res/default/ark_module.json',
  appResource: '/Users/abhi/Desktop/HarmonyOS Ports/OpenTwit-Web/entry/build/default/intermediates/res/default/ResourceTable.txt',
  rawFileResource: '/Users/abhi/Desktop/HarmonyOS Ports/OpenTwit-Web/entry/build/default/intermediates/res/default/resources/rawfile',
  resourceTableHash: 'e521852b22f692b4860e55e47a7fbf6a07d9ec406b2a872c778e7d216b2e68f7',
  runtimeOS: 'OpenHarmony',
  sdkInfo: 'true:24:6.1.1.125:Release',
  aceModuleRoot: '/Users/abhi/Desktop/HarmonyOS Ports/OpenTwit-Web/entry/src/main/ets',
  compileMode: 'esmodule',
  aceSuperVisualPath: '/Users/abhi/Desktop/HarmonyOS Ports/OpenTwit-Web/entry/src/main/supervisual',
  aceBuildJson: '/Users/abhi/Desktop/HarmonyOS Ports/OpenTwit-Web/entry/build/default/intermediates/loader/default/loader.json',
  cachePath: '/Users/abhi/Desktop/HarmonyOS Ports/OpenTwit-Web/entry/build/default/cache/default/default@CompileArkTS/esmodule/debug',
  aceModuleBuild: '/Users/abhi/Desktop/HarmonyOS Ports/OpenTwit-Web/entry/build/default/intermediates/loader_out/default/ets',
  supportChunks: true,
  declaredFilesPath: undefined,
  shouldCollectDirectImportees: false,
  isByteCodeHarOptimize: false,
  expandImportPath: undefined,
  resourceTableTs: '/Users/abhi/Desktop/HarmonyOS Ports/OpenTwit-Web/entry/build/default/generated/r/default/ResourceTable.ts',
  moduleMetaInfoFiles: [
    {
      filePath: '/Users/abhi/Desktop/HarmonyOS Ports/OpenTwit-Web/entry/build/default/generated/r/default/ResourceTable.ts',
      ohmurl: 'com.example.opentwit/entry/build/generated/r/ResourceTable'
    }
  ],
  pkgNameToPkgBriefInfo: {
    entry: {
      pkgRoot: '/Users/abhi/Desktop/HarmonyOS Ports/OpenTwit-Web/entry',
      originalSourceRoots: undefined,
      sourceRoots: [Array],
      pkgName: 'entry'
    }
  },
  projectModel: {
    '/Users/abhi/Desktop/HarmonyOS Ports/OpenTwit-Web/entry/src/main': {
      moduleName: 'entry',
      modulePkgPath: '/Users/abhi/Desktop/HarmonyOS Ports/OpenTwit-Web/entry',
      belongProjectPath: '/Users/abhi/Desktop/HarmonyOS Ports/OpenTwit-Web'
    },
    '/Users/abhi/Desktop/HarmonyOS Ports/OpenTwit-Web/entry': {
      moduleName: 'entry',
      modulePkgPath: '/Users/abhi/Desktop/HarmonyOS Ports/OpenTwit-Web/entry',
      belongProjectPath: '/Users/abhi/Desktop/HarmonyOS Ports/OpenTwit-Web'
    },
    '/Users/abhi/Desktop/HarmonyOS Ports/OpenTwit-Web': {
      moduleName: 'OpenTwit-Web',
      modulePkgPath: '/Users/abhi/Desktop/HarmonyOS Ports/OpenTwit-Web',
      belongProjectPath: '/Users/abhi/Desktop/HarmonyOS Ports/OpenTwit-Web'
    }
  },
  pkgJsonFileHash: '609e42aafe57c1140ce946bba289e7e1f03709e595812d94d07acc55c62a42dd',
  allModulePaths: [ '/Users/abhi/Desktop/HarmonyOS Ports/OpenTwit-Web/entry' ],
  routerMap: {},
  obfuscationOptions: undefined,
  byteCodeHarToDependencyKeys: undefined,
  compileBlockPkg: [],
  mockParams: {
    decorator: '@MockSetup',
    packageName: '@ohos/hamock',
    etsSourceRootPath: 'src/main/ets',
    mockConfigPath: undefined,
    mockConfigKey2ModuleInfo: {},
    source2ModuleIdMap: {}
  },
  copyCodeResourceEnable: true,
  copyCodeResourceExcludes: [],
  copyCodeResourceIncludes: undefined,
  uiTransformOptimization: false,
  sdkPath: '/Users/abhi/.ohos/sdk-remap',
  needPreloadSoFileSet: {},
  preloadSoFilePath: '/Users/abhi/Desktop/HarmonyOS Ports/OpenTwit-Web/entry/build/default/intermediates/preload/default/preload.json',
  useSourceHash: false,
  localModuleParamMap: {},
  otherPaths: {
    'entry/*': [ '../*', '../../../build/default/generated/profile/default/*' ]
  },
  collectImportersConfig: undefined
}
[2026-09-18T18:49:51.075] [INFO] debug-file - Finished :entry:default@BuildJS... after 1 ms 
[2026-09-18T18:49:51.054] [DEBUG] debug-file - entry : default@SyscapTransform cost memory 0.10942840576171875
[2026-09-18T18:49:51.013] [DEBUG] debug-file - hvigorfile, require result:  { default: { system: [Function: hapTasks], plugins: [] } }
[2026-09-18T18:49:51.018] [DEBUG] debug-file - Target 'default' config initialized
[2026-09-18T18:49:51.038] [DEBUG] debug-file - Executing task :entry:default@ConfigureCmake
[2026-09-18T18:49:51.035] [INFO] debug-file - UP-TO-DATE :entry:default@PreBuild...  
[2026-09-18T18:49:51.047] [INFO] debug-file - Finished :entry:default@ProcessIntegratedHsp... after 1 ms 
[2026-09-18T18:49:51.045] [DEBUG] debug-file - Executing task :entry:default@GeneratePkgSdkInfo
[2026-09-18T18:49:51.058] [DEBUG] debug-file - runTaskFromQueue task cost before running: 815 ms 
[2026-09-18T18:49:51.067] [INFO] debug-file - UP-TO-DATE :entry:default@DoNativeStrip...  
[2026-09-18T18:49:51.073] [DEBUG] debug-file - default@CompileArkTS work[0] is submitted.
[2026-09-18T18:49:51.054] [INFO] debug-file - UP-TO-DATE :entry:default@SyscapTransform...  
[2026-09-18T18:49:51.013] [DEBUG] debug-file - hvigorfile, binding system plugins [Function: hapTasks]
[2026-09-18T18:49:51.038] [DEBUG] debug-file - entry : default@ConfigureCmake cost memory 0.0120849609375
[2026-09-18T18:49:51.035] [DEBUG] debug-file - Executing task :entry:default@CreateModuleInfo
[2026-09-18T18:49:51.018] [DEBUG] debug-file - Module 'entry' target 'default' build option initialized
[2026-09-18T18:49:51.046] [DEBUG] debug-file - Task 'entry:default@GeneratePkgSdkInfo' cost while wrapping incremental declarations: 1 ms 
[2026-09-18T18:49:51.059] [DEBUG] debug-file - restool module names: entry; moduleName=entry, taskName=default@ProcessResource
[2026-09-18T18:49:51.077] [DEBUG] debug-file - entry : default@CacheNativeLibs cost memory 0.08506011962890625
[2026-09-18T18:49:51.058] [INFO] debug-file - Finished :entry:default@ProcessStartupConfig... after 1 ms 
[2026-09-18T18:49:51.073] [DEBUG] debug-file - default@CompileArkTS work[0] is pushed to ready queue.
[2026-09-18T18:49:51.013] [DEBUG] debug-file - Starting plugin build process
[2026-09-18T18:49:51.038] [DEBUG] debug-file - runTaskFromQueue task cost before running: 795 ms 
[2026-09-18T18:49:51.035] [DEBUG] debug-file - Task 'entry:default@CreateModuleInfo' cost while wrapping incremental declarations: 1 ms 
[2026-09-18T18:49:51.018] [DEBUG] debug-file - End initialize module-target build option map, moduleName=entry
[2026-09-18T18:49:51.046] [DEBUG] debug-file - Incremental task entry:default@GeneratePkgSdkInfo pre-execution cost: 1 ms .
[2026-09-18T18:49:51.078] [INFO] debug-file - UP-TO-DATE :entry:default@CacheNativeLibs...  
[2026-09-18T18:49:51.073] [DEBUG] debug-file - A work dispatched to worker[9] failed because unable to get work from ready queue.
[2026-09-18T18:49:51.013] [DEBUG] debug-file - Hap plugin creating...
[2026-09-18T18:49:51.038] [INFO] debug-file - Finished :entry:default@ConfigureCmake... after 1 ms 
[2026-09-18T18:49:51.035] [DEBUG] debug-file - entry : default@CreateModuleInfo cost memory 0.0359649658203125
[2026-09-18T18:49:51.046] [DEBUG] debug-file - entry : default@GeneratePkgSdkInfo cost memory 0.13355255126953125
[2026-09-18T18:49:51.018] [DEBUG] debug-file - Start initialize module-target build option map, moduleName=entry, buildMode=debug
[2026-09-18T18:49:51.073] [DEBUG] debug-file - A work dispatched to worker[8] failed because unable to get work from ready queue.
[2026-09-18T18:49:51.038] [DEBUG] debug-file - Executing task :entry:default@MergeProfile
[2026-09-18T18:49:51.035] [DEBUG] debug-file - runTaskFromQueue task cost before running: 792 ms 
[2026-09-18T18:49:51.046] [INFO] debug-file - UP-TO-DATE :entry:default@GeneratePkgSdkInfo...  
[2026-09-18T18:49:51.018] [DEBUG] debug-file - Target 'default' config initialized
[2026-09-18T18:49:51.073] [DEBUG] debug-file - A work dispatched to worker[7] failed because unable to get work from ready queue.
[2026-09-18T18:49:51.038] [DEBUG] debug-file - Task 'entry:default@MergeProfile' cost while wrapping incremental declarations: 1 ms 
[2026-09-18T18:49:51.035] [INFO] debug-file - Finished :entry:default@CreateModuleInfo... after 1 ms 
[2026-09-18T18:49:51.018] [DEBUG] debug-file - Module 'entry' target 'default' build option initialized
[2026-09-18T18:49:51.073] [DEBUG] debug-file - A work dispatched to worker[6] failed because unable to get work from ready queue.
[2026-09-18T18:49:51.039] [DEBUG] debug-file - Incremental task entry:default@MergeProfile pre-execution cost: 1 ms .
[2026-09-18T18:49:51.018] [DEBUG] debug-file - End initialize module-target build option map, moduleName=entry
[2026-09-18T18:49:51.073] [DEBUG] debug-file - A work dispatched to worker[5] failed because unable to get work from ready queue.
[2026-09-18T18:49:51.039] [DEBUG] debug-file - entry : default@MergeProfile cost memory 0.11222076416015625
[2026-09-18T18:49:51.018] [DEBUG] debug-file - Obtain build option for module 'entry' target 'default'in this build.
[2026-09-18T18:49:51.073] [DEBUG] debug-file - Create  resident worker with id: 4.
[2026-09-18T18:49:51.039] [INFO] debug-file - UP-TO-DATE :entry:default@MergeProfile...  
[2026-09-18T18:49:51.020] [DEBUG] debug-file - Module entry task initialization takes 2 ms 
[2026-09-18T18:49:51.074] [DEBUG] debug-file - default@CompileArkTS work[0] has been dispatched to worker[4].
[2026-09-18T18:49:51.020] [DEBUG] debug-file - Hap plugin register hook start...
[2026-09-18T18:49:51.074] [DEBUG] debug-file - default@CompileArkTS work[0] is dispatched.
[2026-09-18T18:49:51.020] [DEBUG] debug-file - Hap plugin register hook end...
[2026-09-18T18:49:51.074] [DEBUG] debug-file - CopyResources startTime: 11997565003125
[2026-09-18T18:49:51.020] [DEBUG] debug-file - Plugin build process completed
[2026-09-18T18:49:51.074] [DEBUG] debug-file - default@CompileArkTS work[1] is submitted.
[2026-09-18T18:49:51.020] [DEBUG] debug-file - hvigorfile, begin to bind custom plugins...
[2026-09-18T18:49:51.074] [DEBUG] debug-file - default@CompileArkTS work[1] is pushed to ready queue.
[2026-09-18T18:49:51.020] [DEBUG] debug-file - hvigorfile, no custom plugins were found in /Users/abhi/Desktop/HarmonyOS Ports/OpenTwit-Web/entry/hvigorfile.ts
[2026-09-18T18:49:51.074] [DEBUG] debug-file - A work dispatched to worker[9] failed because unable to get work from ready queue.
[2026-09-18T18:49:51.020] [DEBUG] debug-file - hvigorfile, resolve finished /Users/abhi/Desktop/HarmonyOS Ports/OpenTwit-Web/entry/hvigorfile.ts
[2026-09-18T18:49:51.074] [DEBUG] debug-file - Create  resident worker with id: 8.
[2026-09-18T18:49:51.074] [DEBUG] debug-file - default@CompileArkTS work[1] has been dispatched to worker[8].
[2026-09-18T18:49:51.074] [DEBUG] debug-file - default@CompileArkTS work[1] is dispatched.
[2026-09-18T18:49:51.074] [DEBUG] debug-file - entry : default@CompileArkTS cost memory 1.6822967529296875
[2026-09-18T18:49:51.307] [DEBUG] debug-file - worker[8] has one work done.
[2026-09-18T18:49:51.307] [DEBUG] debug-file - CopyResources is end, endTime: 11997798762250
[2026-09-18T18:49:51.308] [DEBUG] debug-file - default@CompileArkTS work[1] done.
[2026-09-18T18:49:51.308] [DEBUG] debug-file - A work dispatched to worker[8] failed because unable to get work from ready queue.
[2026-09-18T18:49:53.671] [WARN] debug-file - [33mWARN: [33m[33mArkTS:WARN File: /Users/abhi/Desktop/HarmonyOS Ports/OpenTwit-Web/entry/src/main/ets/common/TokenStore.ets:9:18
 Function may throw exceptions. Special handling is required.
[39m[39m
[33mWARN: [33m[33mArkTS:WARN File: /Users/abhi/Desktop/HarmonyOS Ports/OpenTwit-Web/entry/src/main/ets/common/TokenStore.ets:14:11
 Function may throw exceptions. Special handling is required.
[39m[39m
[33mWARN: [33m[33mArkTS:WARN File: /Users/abhi/Desktop/HarmonyOS Ports/OpenTwit-Web/entry/src/main/ets/common/TokenStore.ets:15:11
 Function may throw exceptions. Special handling is required.
[39m[39m
[33mWARN: [33m[33mArkTS:WARN File: /Users/abhi/Desktop/HarmonyOS Ports/OpenTwit-Web/entry/src/main/ets/common/TokenStore.ets:20:18
 Function may throw exceptions. Special handling is required.
[39m[39m
[33mWARN: [33m[33mArkTS:WARN File: /Users/abhi/Desktop/HarmonyOS Ports/OpenTwit-Web/entry/src/main/ets/common/TokenStore.ets:25:11
 Function may throw exceptions. Special handling is required.
[39m[39m
[33mWARN: [33m[33mArkTS:WARN File: /Users/abhi/Desktop/HarmonyOS Ports/OpenTwit-Web/entry/src/main/ets/common/TokenStore.ets:26:11
 Function may throw exceptions. Special handling is required.
[39m[39m
[33mWARN: [33m[33mArkTS:WARN File: /Users/abhi/Desktop/HarmonyOS Ports/OpenTwit-Web/entry/src/main/ets/common/TokenStore.ets:31:18
 Function may throw exceptions. Special handling is required.
[39m[39m
[33mWARN: [33m[33mArkTS:WARN File: /Users/abhi/Desktop/HarmonyOS Ports/OpenTwit-Web/entry/src/main/ets/pages/Home.ets:21:58
 'getContext' has been deprecated.
[39m[39m
[33mWARN: [33m[33mArkTS:WARN File: /Users/abhi/Desktop/HarmonyOS Ports/OpenTwit-Web/entry/src/main/ets/pages/Home.ets:26:56
 'getContext' has been deprecated.
[39m[39m
[33mWARN: [33m[33mArkTS:WARN File: /Users/abhi/Desktop/HarmonyOS Ports/OpenTwit-Web/entry/src/main/ets/pages/Profile.ets:37:18
 'pushUrl' has been deprecated.
[39m[39m
[33mWARN: [33m[33mArkTS:WARN File: /Users/abhi/Desktop/HarmonyOS Ports/OpenTwit-Web/entry/src/main/ets/pages/Login.ets:19:46
 'getContext' has been deprecated.
[39m[39m
[33mWARN: [33m[33mArkTS:WARN File: /Users/abhi/Desktop/HarmonyOS Ports/OpenTwit-Web/entry/src/main/ets/pages/Login.ets:23:18
 'pushUrl' has been deprecated.
[39m[39m
[33mWARN: [33mArkTS:WARN File: /Users/abhi/Desktop/HarmonyOS Ports/OpenTwit-Web/entry/src/main/ets/pages/Login.ets:4:1
 It's not a recommended way to export struct with '@Entry' decorator, which may cause ACE Engine error in component preview mode.[39m[39m

[2026-09-18T18:49:53.671] [DEBUG] debug-file - Ark compile task finished.finished time is 12000162687333
[2026-09-18T18:49:53.672] [DEBUG] debug-file - worker[4] has one work done.
[2026-09-18T18:49:53.672] [DEBUG] debug-file - default@CompileArkTS work[0] done.
[2026-09-18T18:49:53.674] [DEBUG] debug-file - Executing task :entry:default@PackageHap
[2026-09-18T18:49:53.676] [DEBUG] debug-file - default@PackageHap work[2] is submitted.
[2026-09-18T18:49:53.672] [DEBUG] debug-file - A work dispatched to worker[4] failed because unable to get work from ready queue.
[2026-09-18T18:49:53.675] [DEBUG] debug-file - entry:default@PackageHap is not up-to-date, since the input file '/Users/abhi/Desktop/HarmonyOS Ports/OpenTwit-Web/entry/build/default/intermediates/loader_out/default/ets' has been changed.
[2026-09-18T18:49:53.676] [DEBUG] debug-file - default@PackageHap work[2] is pushed to ready queue.
[2026-09-18T18:49:53.673] [INFO] debug-file - Finished :entry:default@CompileArkTS... after 2 s 41 ms 
[2026-09-18T18:49:53.675] [DEBUG] debug-file - Incremental task entry:default@PackageHap pre-execution cost: 1 ms .
[2026-09-18T18:49:53.676] [DEBUG] debug-file - A work dispatched to worker[9] failed because unable to get work from ready queue.
[2026-09-18T18:49:53.673] [DEBUG] debug-file - Executing task :entry:default@GeneratePkgModuleJson
[2026-09-18T18:49:53.676] [DEBUG] debug-file - Use tool [/Users/abhi/.ohos/sdk-remap/24/toolchains/lib/app_packing_tool.jar]
 [
  'java',
  '-Dfile.encoding=utf-8',
  '-jar',
  '/Users/abhi/.ohos/sdk-remap/24/toolchains/lib/app_packing_tool.jar',
  '--mode',
  'hap',
  '--force',
  'true',
  '--lib-path',
  '/Users/abhi/Desktop/HarmonyOS Ports/OpenTwit-Web/entry/build/default/intermediates/stripped_native_libs/default',
  '--json-path',
  '/Users/abhi/Desktop/HarmonyOS Ports/OpenTwit-Web/entry/build/default/intermediates/package/default/module.json',
  '--resources-path',
  '/Users/abhi/Desktop/HarmonyOS Ports/OpenTwit-Web/entry/build/default/intermediates/res/default/resources',
  '--index-path',
  '/Users/abhi/Desktop/HarmonyOS Ports/OpenTwit-Web/entry/build/default/intermediates/res/default/resources.index',
  '--pack-info-path',
  '/Users/abhi/Desktop/HarmonyOS Ports/OpenTwit-Web/entry/build/default/outputs/default/pack.info',
  '--out-path',
  '/Users/abhi/Desktop/HarmonyOS Ports/OpenTwit-Web/entry/build/default/outputs/default/entry-default-unsigned.hap',
  '--rpcid-path',
  '/Users/abhi/Desktop/HarmonyOS Ports/OpenTwit-Web/entry/build/default/intermediates/syscap/default/rpcid.sc',
  '--ets-path',
  '/Users/abhi/Desktop/HarmonyOS Ports/OpenTwit-Web/entry/build/default/intermediates/loader_out/default/ets',
  '--pkg-sdk-info-path',
  '/Users/abhi/Desktop/HarmonyOS Ports/OpenTwit-Web/entry/build/default/intermediates/loader/default/pkgSdkInfo.json'
]
[2026-09-18T18:49:53.673] [DEBUG] debug-file - File: '/Users/abhi/Desktop/HarmonyOS Ports/OpenTwit-Web/entry/build/default/intermediates/preload/default/preload.json' from 'preloadSoJsonPath' is not exists, just ignore.
[2026-09-18T18:49:53.673] [DEBUG] debug-file - Error occurs while handling @Input 'shouldDeduplicateHar': The "data" argument must be of type string or an instance of Buffer, TypedArray, or DataView. Received undefined
[2026-09-18T18:49:53.673] [DEBUG] debug-file - Task 'entry:default@GeneratePkgModuleJson' cost while wrapping incremental declarations: 1 ms 
[2026-09-18T18:49:53.673] [DEBUG] debug-file - Incremental task entry:default@GeneratePkgModuleJson pre-execution cost: 1 ms .
[2026-09-18T18:49:53.673] [DEBUG] debug-file - entry : default@GeneratePkgModuleJson cost memory 0.07424163818359375
[2026-09-18T18:49:53.676] [DEBUG] debug-file - default@PackageHap work[2] has been dispatched to worker[8].
[2026-09-18T18:49:53.673] [INFO] debug-file - UP-TO-DATE :entry:default@GeneratePkgModuleJson...  
[2026-09-18T18:49:53.676] [DEBUG] debug-file - default@PackageHap work[2] is dispatched.
[2026-09-18T18:49:53.673] [DEBUG] debug-file - Executing task :entry:default@ProcessCompiledResources
[2026-09-18T18:49:53.677] [DEBUG] debug-file - entry : default@PackageHap cost memory 0.43874359130859375
[2026-09-18T18:49:53.673] [DEBUG] debug-file - File: '/Users/abhi/Desktop/HarmonyOS Ports/OpenTwit-Web/entry/build/default/intermediates/preload/default/preload.json' from 'preloadSoJsonPath' is not exists, just ignore.
[2026-09-18T18:49:53.673] [DEBUG] debug-file - Task 'entry:default@ProcessCompiledResources' cost while wrapping incremental declarations: 1 ms 
[2026-09-18T18:49:53.673] [DEBUG] debug-file - entry : default@ProcessCompiledResources cost memory 0.04564666748046875
[2026-09-18T18:49:53.674] [DEBUG] debug-file - runTaskFromQueue task cost before running: 3 s 430 ms 
[2026-09-18T18:49:53.674] [INFO] debug-file - Finished :entry:default@ProcessCompiledResources... after 1 ms 
[2026-09-18T18:49:53.720] [DEBUG] debug-file - current process  memoryUsage: {
  rss: 803192832,
  heapTotal: 81297408,
  heapUsed: 56009256,
  external: 2417198,
  arrayBuffers: 263744
} os memoryUsage :15.930526733398438
[2026-09-18T18:49:53.982] [DEBUG] debug-file - worker[8] has one work done.
[2026-09-18T18:49:53.982] [DEBUG] debug-file - default@PackageHap work[2] done.
[2026-09-18T18:49:53.983] [DEBUG] debug-file - Executing task :entry:default@PackingCheck
[2026-09-18T18:49:53.986] [DEBUG] debug-file - Executing task :entry:default@SignHap
[2026-09-18T18:49:53.989] [ERROR] debug-file - Failed :entry:default@SignHap... 
[2026-09-18T18:49:53.982] [DEBUG] debug-file - A work dispatched to worker[8] failed because unable to get work from ready queue.
[2026-09-18T18:49:53.989] [DEBUG] debug-file - hvigor build process will be closed with an error.
[2026-09-18T18:49:53.985] [DEBUG] debug-file - entry : default@PackingCheck cost memory 0.5324554443359375
[2026-09-18T18:49:53.982] [INFO] debug-file - Finished :entry:default@PackageHap... after 265 ms 
[2026-09-18T18:49:53.997] [ERROR] debug-file - [31m00303116 Configuration Error
Error Message: The length of the storePassword or keyPassword field in the signature configuration is less than 32. At file: /Users/abhi/Desktop/HarmonyOS Ports/OpenTwit-Web/build-profile.json5

* Try the following:
  > Re-execute sign your app/atomic service automatically：clear the signingConfigs field in the /Users/abhi/Desktop/HarmonyOS Ports/OpenTwit-Web/build-profile.json5 file and go to Project Structure > Project > Signing Configs and apply the signature material
  > Verify if signingConfigs is overridden in the project-level and module-level hvigorfile.ts. If so, use the error message to ensure the configuration is correct.
[39m

[31m* Try:
> Run with --stacktrace option to get the stack trace.
> Run with --debug option to get more log output.

[2026-09-18T18:49:53.985] [DEBUG] debug-file - runTaskFromQueue task cost before running: 3 s 742 ms 
[2026-09-18T18:49:53.997] [DEBUG] debug-file - ERROR: stacktrace = AdaptorError: [31m00303116 Configuration Error
Error Message: The length of the storePassword or keyPassword field in the signature configuration is less than 32. At file: /Users/abhi/Desktop/HarmonyOS Ports/OpenTwit-Web/build-profile.json5

* Try the following:
  > Re-execute sign your app/atomic service automatically：clear the signingConfigs field in the /Users/abhi/Desktop/HarmonyOS Ports/OpenTwit-Web/build-profile.json5 file and go to Project Structure > Project > Signing Configs and apply the signature material
  > Verify if signingConfigs is overridden in the project-level and module-level hvigorfile.ts. If so, use the error message to ensure the configuration is correct.
[39m
    at OhosLogger.printErrorExit (/Users/abhi/Developer/command-line-tools/hvigor/hvigor/src/base/log/hvigor-log.js:1:5087)
    at DecipherUtil.decryptPwd (/Users/abhi/.hvigor/project_caches/0947245c615fa1be5fb4a847626f95c7/workspace/node_modules/.pnpm/@ohos+hvigor-ohos-plugin@6.24.2/node_modules/@ohos/hvigor-ohos-plugin/src/utils/decipher-util.js:1:506)
    at HapSignCommandBuilder.getKeyStorePwd (/Users/abhi/.hvigor/project_caches/0947245c615fa1be5fb4a847626f95c7/workspace/node_modules/.pnpm/@ohos+hvigor-ohos-plugin@6.24.2/node_modules/@ohos/hvigor-ohos-plugin/src/tasks/sign/command-builder-impl/common-sign-command-builder.js:1:1341)
    at HapSignCommandBuilder.initCommandParams (/Users/abhi/.hvigor/project_caches/0947245c615fa1be5fb4a847626f95c7/workspace/node_modules/.pnpm/@ohos+hvigor-ohos-plugin@6.24.2/node_modules/@ohos/hvigor-ohos-plugin/src/tasks/sign/command-builder-impl/hap-sign-command-builder.js:1:771)
    at HapSignCommandBuilder.getSignCommand (/Users/abhi/.hvigor/project_caches/0947245c615fa1be5fb4a847626f95c7/workspace/node_modules/.pnpm/@ohos+hvigor-ohos-plugin@6.24.2/node_modules/@ohos/hvigor-ohos-plugin/src/tasks/sign/command-builder-impl/common-sign-command-builder.js:1:1053)
    at SignUtil.executeSign (/Users/abhi/.hvigor/project_caches/0947245c615fa1be5fb4a847626f95c7/workspace/node_modules/.pnpm/@ohos+hvigor-ohos-plugin@6.24.2/node_modules/@ohos/hvigor-ohos-plugin/src/tasks/sign/sign-util.js:1:4163)
    at SignUtil.sign (/Users/abhi/.hvigor/project_caches/0947245c615fa1be5fb4a847626f95c7/workspace/node_modules/.pnpm/@ohos+hvigor-ohos-plugin@6.24.2/node_modules/@ohos/hvigor-ohos-plugin/src/tasks/sign/sign-util.js:1:2319)
    at SignHap.doTaskAction (/Users/abhi/.hvigor/project_caches/0947245c615fa1be5fb4a847626f95c7/workspace/node_modules/.pnpm/@ohos+hvigor-ohos-plugin@6.24.2/node_modules/@ohos/hvigor-ohos-plugin/src/tasks/sign-hap.js:1:1763)
    at SignHap.<anonymous> (/Users/abhi/.hvigor/project_caches/0947245c615fa1be5fb4a847626f95c7/workspace/node_modules/.pnpm/@ohos+hvigor-ohos-plugin@6.24.2/node_modules/@ohos/hvigor-ohos-plugin/src/tasks/task/ohos-module-task.js:1:2137)
    at async SignHap.execute (/Users/abhi/Developer/command-line-tools/hvigor/hvigor/src/base/external/task/core-task-impl.js:1:2258)
[2026-09-18T18:49:53.985] [INFO] debug-file - Finished :entry:default@PackingCheck... after 3 ms 
[2026-09-18T18:49:53.997] [ERROR] debug-file - AdaptorError: [31m00303116 Configuration Error
Error Message: The length of the storePassword or keyPassword field in the signature configuration is less than 32. At file: /Users/abhi/Desktop/HarmonyOS Ports/OpenTwit-Web/build-profile.json5

* Try the following:
  > Re-execute sign your app/atomic service automatically：clear the signingConfigs field in the /Users/abhi/Desktop/HarmonyOS Ports/OpenTwit-Web/build-profile.json5 file and go to Project Structure > Project > Signing Configs and apply the signature material
  > Verify if signingConfigs is overridden in the project-level and module-level hvigorfile.ts. If so, use the error message to ensure the configuration is correct.
[39m
    at OhosLogger.printErrorExit (/Users/abhi/Developer/command-line-tools/hvigor/hvigor/src/base/log/hvigor-log.js:1:5087)
    at DecipherUtil.decryptPwd (/Users/abhi/.hvigor/project_caches/0947245c615fa1be5fb4a847626f95c7/workspace/node_modules/.pnpm/@ohos+hvigor-ohos-plugin@6.24.2/node_modules/@ohos/hvigor-ohos-plugin/src/utils/decipher-util.js:1:506)
    at HapSignCommandBuilder.getKeyStorePwd (/Users/abhi/.hvigor/project_caches/0947245c615fa1be5fb4a847626f95c7/workspace/node_modules/.pnpm/@ohos+hvigor-ohos-plugin@6.24.2/node_modules/@ohos/hvigor-ohos-plugin/src/tasks/sign/command-builder-impl/common-sign-command-builder.js:1:1341)
    at HapSignCommandBuilder.initCommandParams (/Users/abhi/.hvigor/project_caches/0947245c615fa1be5fb4a847626f95c7/workspace/node_modules/.pnpm/@ohos+hvigor-ohos-plugin@6.24.2/node_modules/@ohos/hvigor-ohos-plugin/src/tasks/sign/command-builder-impl/hap-sign-command-builder.js:1:771)
    at HapSignCommandBuilder.getSignCommand (/Users/abhi/.hvigor/project_caches/0947245c615fa1be5fb4a847626f95c7/workspace/node_modules/.pnpm/@ohos+hvigor-ohos-plugin@6.24.2/node_modules/@ohos/hvigor-ohos-plugin/src/tasks/sign/command-builder-impl/common-sign-command-builder.js:1:1053)
    at SignUtil.executeSign (/Users/abhi/.hvigor/project_caches/0947245c615fa1be5fb4a847626f95c7/workspace/node_modules/.pnpm/@ohos+hvigor-ohos-plugin@6.24.2/node_modules/@ohos/hvigor-ohos-plugin/src/tasks/sign/sign-util.js:1:4163)
    at SignUtil.sign (/Users/abhi/.hvigor/project_caches/0947245c615fa1be5fb4a847626f95c7/workspace/node_modules/.pnpm/@ohos+hvigor-ohos-plugin@6.24.2/node_modules/@ohos/hvigor-ohos-plugin/src/tasks/sign/sign-util.js:1:2319)
    at SignHap.doTaskAction (/Users/abhi/.hvigor/project_caches/0947245c615fa1be5fb4a847626f95c7/workspace/node_modules/.pnpm/@ohos+hvigor-ohos-plugin@6.24.2/node_modules/@ohos/hvigor-ohos-plugin/src/tasks/sign-hap.js:1:1763)
    at SignHap.<anonymous> (/Users/abhi/.hvigor/project_caches/0947245c615fa1be5fb4a847626f95c7/workspace/node_modules/.pnpm/@ohos+hvigor-ohos-plugin@6.24.2/node_modules/@ohos/hvigor-ohos-plugin/src/tasks/task/ohos-module-task.js:1:2137)
    at async SignHap.execute (/Users/abhi/Developer/command-line-tools/hvigor/hvigor/src/base/external/task/core-task-impl.js:1:2258)
[2026-09-18T18:49:53.998] [ERROR] debug-file - BUILD FAILED in 3 s 754 ms 
[2026-09-18T18:49:53.998] [DEBUG] debug-file - There is no need to refresh cache, since the incremental task entry:default@PreBuild is up-to-date.
[2026-09-18T18:49:53.998] [DEBUG] debug-file - Update task entry:default@CreateModuleInfo output file:/Users/abhi/Desktop/HarmonyOS Ports/OpenTwit-Web/entry/build/default/generated/profile/default/ModuleInfo.ts cache.
[2026-09-18T18:49:53.998] [DEBUG] debug-file - Incremental task entry:default@CreateModuleInfo post-execution cost:1 ms .
[2026-09-18T18:49:53.998] [DEBUG] debug-file - There is no need to refresh cache, since the incremental task entry:default@GenerateMetadata is up-to-date.
[2026-09-18T18:49:53.998] [DEBUG] debug-file - There is no need to refresh cache, since the incremental task entry:default@MergeProfile is up-to-date.
[2026-09-18T18:49:53.998] [DEBUG] debug-file - There is no need to refresh cache, since the incremental task entry:default@CreateBuildProfile is up-to-date.
[2026-09-18T18:49:53.998] [DEBUG] debug-file - Update task entry:default@GeneratePkgContextInfo output file:/Users/abhi/Desktop/HarmonyOS Ports/OpenTwit-Web/entry/build/default/intermediates/loader/default/pkgContextInfo.json cache.
[2026-09-18T18:49:53.998] [DEBUG] debug-file - Incremental task entry:default@GeneratePkgContextInfo post-execution cost:1 ms .
[2026-09-18T18:49:53.998] [DEBUG] debug-file - There is no need to refresh cache, since the incremental task entry:default@GeneratePkgSdkInfo is up-to-date.
[2026-09-18T18:49:53.998] [DEBUG] debug-file - Update task entry:default@ProcessIntegratedHsp output file:/Users/abhi/Desktop/HarmonyOS Ports/OpenTwit-Web/build/cache/default/integrated_hsp/integratedHspCache.json cache.
[2026-09-18T18:49:53.998] [DEBUG] debug-file - Incremental task entry:default@ProcessIntegratedHsp post-execution cost:1 ms .
[2026-09-18T18:49:53.998] [DEBUG] debug-file - There is no need to refresh cache, since the incremental task entry:default@MakePackInfo is up-to-date.
[2026-09-18T18:49:53.998] [DEBUG] debug-file - There is no need to refresh cache, since the incremental task entry:default@SyscapTransform is up-to-date.
[2026-09-18T18:49:53.998] [DEBUG] debug-file - There is no need to refresh cache, since the incremental task entry:default@ProcessProfile is up-to-date.
[2026-09-18T18:49:53.998] [DEBUG] debug-file - There is no need to refresh cache, since the incremental task entry:default@ProcessRouterMap is up-to-date.
[2026-09-18T18:49:53.998] [DEBUG] debug-file - There is no need to refresh cache, since the incremental task entry:default@ProcessShareConfig is up-to-date.
[2026-09-18T18:49:53.998] [DEBUG] debug-file - Update task entry:default@ProcessStartupConfig output file:/Users/abhi/Desktop/HarmonyOS Ports/OpenTwit-Web/entry/build/default/intermediates/startup/default/startup_config.json cache.
[2026-09-18T18:49:53.998] [DEBUG] debug-file - Incremental task entry:default@ProcessStartupConfig post-execution cost:1 ms .
[2026-09-18T18:49:53.998] [DEBUG] debug-file - There is no need to refresh cache, since the incremental task entry:default@ProcessResource is up-to-date.
[2026-09-18T18:49:53.998] [DEBUG] debug-file - There is no need to refresh cache, since the incremental task entry:default@GenerateLoaderJson is up-to-date.
[2026-09-18T18:49:53.998] [DEBUG] debug-file - There is no need to refresh cache, since the incremental task entry:default@ProcessLibs is up-to-date.
[2026-09-18T18:49:53.998] [DEBUG] debug-file - There is no need to refresh cache, since the incremental task entry:default@CompileResource is up-to-date.
[2026-09-18T18:49:53.998] [DEBUG] debug-file - There is no need to refresh cache, since the incremental task entry:default@DoNativeStrip is up-to-date.
[2026-09-18T18:49:53.998] [DEBUG] debug-file - Update task entry:default@CompileArkTS input file:/Users/abhi/Desktop/HarmonyOS Ports/OpenTwit-Web/entry/build/default/intermediates/loader/default cache by regenerate.
[2026-09-18T18:49:53.998] [DEBUG] debug-file - Update task entry:default@CompileArkTS input file:/Users/abhi/Desktop/HarmonyOS Ports/OpenTwit-Web/entry/build/default/intermediates/res/default/ResourceTable.txt cache by regenerate.
[2026-09-18T18:49:53.999] [DEBUG] debug-file - Update task entry:default@CompileArkTS input file:/Users/abhi/Desktop/HarmonyOS Ports/OpenTwit-Web/entry/build/default/intermediates/res/default/ark_module.json cache by regenerate.
[2026-09-18T18:49:53.999] [DEBUG] debug-file - Update task entry:default@CompileArkTS input file:/Users/abhi/Desktop/HarmonyOS Ports/OpenTwit-Web/entry/build/default/intermediates/res/default/resources/base/profile cache by regenerate.
[2026-09-18T18:49:53.999] [DEBUG] debug-file - Update task entry:default@CompileArkTS input file:/Users/abhi/Desktop/HarmonyOS Ports/OpenTwit-Web/entry/src/main/ets cache by regenerate.
[2026-09-18T18:49:53.999] [DEBUG] debug-file - Update task entry:default@CompileArkTS input file:/Users/abhi/Desktop/HarmonyOS Ports/OpenTwit-Web/entry/build/default/generated/profile/default/BuildProfile.ets cache by regenerate.
[2026-09-18T18:49:53.999] [DEBUG] debug-file - Update task entry:default@CompileArkTS output file:/Users/abhi/Desktop/HarmonyOS Ports/OpenTwit-Web/entry/build/default/intermediates/loader_out/default/ets cache.
[2026-09-18T18:49:53.999] [DEBUG] debug-file - Incremental task entry:default@CompileArkTS post-execution cost:1 ms .
[2026-09-18T18:49:53.999] [DEBUG] debug-file - Update task entry:default@BuildJS input file:/Users/abhi/Desktop/HarmonyOS Ports/OpenTwit-Web/entry/build/default/intermediates/loader/default cache by regenerate.
[2026-09-18T18:49:53.999] [DEBUG] debug-file - Update task entry:default@BuildJS input file:/Users/abhi/Desktop/HarmonyOS Ports/OpenTwit-Web/entry/build/default/intermediates/res/default/ResourceTable.txt cache by regenerate.
[2026-09-18T18:49:53.999] [DEBUG] debug-file - Update task entry:default@BuildJS input file:/Users/abhi/Desktop/HarmonyOS Ports/OpenTwit-Web/entry/build/default/intermediates/res/default/ark_module.json cache by regenerate.
[2026-09-18T18:49:53.999] [DEBUG] debug-file - Update task entry:default@BuildJS input file:/Users/abhi/Desktop/HarmonyOS Ports/OpenTwit-Web/entry/build/default/intermediates/res/default/resources/base/profile cache by regenerate.
[2026-09-18T18:49:53.999] [DEBUG] debug-file - Update task entry:default@BuildJS output file:/Users/abhi/Desktop/HarmonyOS Ports/OpenTwit-Web/entry/build/default/intermediates/loader_out/default/js cache.
[2026-09-18T18:49:53.999] [DEBUG] debug-file - Incremental task entry:default@BuildJS post-execution cost:1 ms .
[2026-09-18T18:49:53.999] [DEBUG] debug-file - There is no need to refresh cache, since the incremental task entry:default@CacheNativeLibs is up-to-date.
[2026-09-18T18:49:53.999] [DEBUG] debug-file - There is no need to refresh cache, since the incremental task entry:default@GeneratePkgModuleJson is up-to-date.
[2026-09-18T18:49:53.999] [DEBUG] debug-file - Incremental task entry:default@ProcessCompiledResources post-execution cost:1 ms .
[2026-09-18T18:49:53.999] [DEBUG] debug-file - Update task entry:default@PackageHap input file:/Users/abhi/Desktop/HarmonyOS Ports/OpenTwit-Web/entry/build/default/intermediates/stripped_native_libs/default cache by regenerate.
[2026-09-18T18:49:53.999] [DEBUG] debug-file - Update task entry:default@PackageHap input file:/Users/abhi/Desktop/HarmonyOS Ports/OpenTwit-Web/entry/build/default/intermediates/res/default/module.json cache by regenerate.
[2026-09-18T18:49:53.999] [DEBUG] debug-file - Update task entry:default@PackageHap input file:/Users/abhi/Desktop/HarmonyOS Ports/OpenTwit-Web/entry/build/default/intermediates/res/default/resources cache by regenerate.
[2026-09-18T18:49:54.000] [DEBUG] debug-file - Update task entry:default@PackageHap input file:/Users/abhi/Desktop/HarmonyOS Ports/OpenTwit-Web/entry/build/default/intermediates/res/default/resources.index cache by regenerate.
[2026-09-18T18:49:54.000] [DEBUG] debug-file - Update task entry:default@PackageHap input file:/Users/abhi/Desktop/HarmonyOS Ports/OpenTwit-Web/entry/build/default/outputs/default/pack.info cache by regenerate.
[2026-09-18T18:49:54.000] [DEBUG] debug-file - Update task entry:default@PackageHap input file:/Users/abhi/Desktop/HarmonyOS Ports/OpenTwit-Web/entry/build/default/intermediates/syscap/default/rpcid.sc cache by regenerate.
[2026-09-18T18:49:54.000] [DEBUG] debug-file - Update task entry:default@PackageHap input file:/Users/abhi/Desktop/HarmonyOS Ports/OpenTwit-Web/entry/build/default/intermediates/loader_out/default/ets cache from map.
[2026-09-18T18:49:54.000] [DEBUG] debug-file - Update task entry:default@PackageHap input file:/Users/abhi/Desktop/HarmonyOS Ports/OpenTwit-Web/entry/build/default/intermediates/loader/default/pkgSdkInfo.json cache by regenerate.
[2026-09-18T18:49:54.000] [DEBUG] debug-file - Update task entry:default@PackageHap input file:/Users/abhi/Desktop/HarmonyOS Ports/OpenTwit-Web/entry/build/default/intermediates/loader_out/default/ets/sourceMaps.map cache by regenerate.
[2026-09-18T18:49:54.000] [DEBUG] debug-file - Update task entry:default@PackageHap input file:/Users/abhi/Desktop/HarmonyOS Ports/OpenTwit-Web/entry/build/default/generated/profile/default/BuildProfile.ets cache by regenerate.
[2026-09-18T18:49:54.000] [DEBUG] debug-file - Update task entry:default@PackageHap output file:/Users/abhi/Desktop/HarmonyOS Ports/OpenTwit-Web/entry/build/default/outputs/default/entry-default-unsigned.hap cache.
[2026-09-18T18:49:54.000] [DEBUG] debug-file - Update task entry:default@PackageHap output file:/Users/abhi/Desktop/HarmonyOS Ports/OpenTwit-Web/entry/build/default/intermediates/source_map/default/sourceMaps.map cache.
[2026-09-18T18:49:54.000] [DEBUG] debug-file - Update task entry:default@PackageHap output file:/Users/abhi/Desktop/HarmonyOS Ports/OpenTwit-Web/entry/build/default/outputs/default/mapping/sourceMaps.map cache.
[2026-09-18T18:49:54.000] [DEBUG] debug-file - Incremental task entry:default@PackageHap post-execution cost:1 ms .
[2026-09-18T18:49:54.000] [DEBUG] debug-file - Update task entry:default@SignHap input file:/Users/abhi/.ohos/config/debug.cer cache by regenerate.
[2026-09-18T18:49:54.000] [DEBUG] debug-file - Update task entry:default@SignHap input file:/Users/abhi/.ohos/config/debug.p7b cache by regenerate.
[2026-09-18T18:49:54.000] [DEBUG] debug-file - Update task entry:default@SignHap input file:/Users/abhi/.ohos/config/debug.p12 cache by regenerate.
[2026-09-18T18:49:54.000] [DEBUG] debug-file - Update task entry:default@SignHap input file:/Users/abhi/Desktop/HarmonyOS Ports/OpenTwit-Web/entry/build/default/outputs/default/entry-default-unsigned.hap cache by regenerate.
[2026-09-18T18:49:54.000] [DEBUG] debug-file - Update task entry:default@SignHap output file:/Users/abhi/Desktop/HarmonyOS Ports/OpenTwit-Web/entry/build/default/outputs/default/entry-default-signed.hap cache.
[2026-09-18T18:49:54.000] [DEBUG] debug-file - Incremental task entry:default@SignHap post-execution cost:1 ms .
[2026-09-18T18:49:54.005] [DEBUG] debug-file - Current worker pool is stopped or closed.
[2026-09-18T18:49:54.005] [DEBUG] debug-file - Clear worker 0.
[2026-09-18T18:49:54.005] [DEBUG] debug-file - Worker 0 has been cleared.
[2026-09-18T18:49:54.005] [DEBUG] debug-file - Current idle worker size: 3.
[2026-09-18T18:49:54.005] [DEBUG] debug-file - Current busy worker size: 0.
[2026-09-18T18:49:54.005] [DEBUG] debug-file - Clear worker 1.
[2026-09-18T18:49:54.005] [DEBUG] debug-file - Worker 1 has been cleared.
[2026-09-18T18:49:54.005] [DEBUG] debug-file - Current idle worker size: 2.
[2026-09-18T18:49:54.005] [DEBUG] debug-file - Current busy worker size: 0.
[2026-09-18T18:49:54.005] [DEBUG] debug-file - Clear worker 4.
[2026-09-18T18:49:54.005] [DEBUG] debug-file - Worker 4 has been cleared.
[2026-09-18T18:49:54.005] [DEBUG] debug-file - Current idle worker size: 1.
[2026-09-18T18:49:54.005] [DEBUG] debug-file - Current busy worker size: 0.
[2026-09-18T18:49:54.005] [DEBUG] debug-file - Clear worker 8.
[2026-09-18T18:49:54.005] [DEBUG] debug-file - Worker 8 has been cleared.
[2026-09-18T18:49:54.005] [DEBUG] debug-file - Current idle worker size: 0.
[2026-09-18T18:49:54.005] [DEBUG] debug-file - Current busy worker size: 0.
[2026-09-18T18:49:54.006] [DEBUG] debug-file - hvigor build process will be closed.
[2026-09-18T18:49:54.007] [DEBUG] debug-file - Current worker pool is terminated.
[2026-09-18T18:49:54.008] [DEBUG] debug-file - worker[0] exits with exit code 1.
[2026-09-18T18:49:54.009] [DEBUG] debug-file - worker[1] exits with exit code 1.
[2026-09-18T18:49:54.010] [DEBUG] debug-file - worker[8] exits with exit code 1.
[2026-09-18T18:49:54.017] [DEBUG] debug-file - worker[4] exits with exit code 1.
[2026-09-18T18:52:54.895] [DEBUG] debug-file - env: nodejsVersion=v18.20.1
[2026-09-18T18:52:55.044] [DEBUG] debug-file - Hvigor init with startParameters:{
  hvigorfileTypeCheck: false,
  parallelExecution: true,
  incrementalExecution: true,
  printStackTrace: false,
  daemon: false,
  analyze: 0,
  logLevel: Level { level: 20000, levelStr: 'INFO', colour: 'green' },
  optimizationStrategy: 'memory',
  hotCompile: undefined,
  hotReloadBuild: undefined,
  customizedParam: undefined
}
[2026-09-18T18:52:55.816] [DEBUG] debug-file - hvigorfile, require result:  { default: { system: [Function: appTasks], plugins: [] } }
[2026-09-18T18:52:55.897] [DEBUG] debug-file - Start initialize project's product build option map with build mode debug.
[2026-09-18T18:52:55.896] [DEBUG] debug-file - App plugin register hook start...
[2026-09-18T18:52:55.898] [DEBUG] debug-file - Obtain build option for product 'default'in this build.
[2026-09-18T18:52:55.902] [DEBUG] debug-file - Start recording SDK configuration permission data.
[2026-09-18T18:52:55.923] [DEBUG] debug-file - Project task initialization takes 4 ms 
[2026-09-18T18:52:55.927] [DEBUG] debug-file - failed to load cangjie to dynamically generate schemas: Error: Cannot find module '@ohos/cangjie-build-support/index'
Require stack:
- /Users/abhi/.hvigor/project_caches/0947245c615fa1be5fb4a847626f95c7/workspace/node_modules/.pnpm/@ohos+hvigor-ohos-plugin@6.24.2/node_modules/@ohos/hvigor-ohos-plugin/src/plugin/hooks/cangjie-register.js
- /Users/abhi/.hvigor/project_caches/0947245c615fa1be5fb4a847626f95c7/workspace/node_modules/.pnpm/@ohos+hvigor-ohos-plugin@6.24.2/node_modules/@ohos/hvigor-ohos-plugin/src/plugin/strategy/stage-init-strategy.js
- /Users/abhi/.hvigor/project_caches/0947245c615fa1be5fb4a847626f95c7/workspace/node_modules/.pnpm/@ohos+hvigor-ohos-plugin@6.24.2/node_modules/@ohos/hvigor-ohos-plugin/src/plugin/builder/abstract-plugin-builder.js
- /Users/abhi/.hvigor/project_caches/0947245c615fa1be5fb4a847626f95c7/workspace/node_modules/.pnpm/@ohos+hvigor-ohos-plugin@6.24.2/node_modules/@ohos/hvigor-ohos-plugin/src/plugin/builder/app-plugin-builder.js
- /Users/abhi/.hvigor/project_caches/0947245c615fa1be5fb4a847626f95c7/workspace/node_modules/.pnpm/@ohos+hvigor-ohos-plugin@6.24.2/node_modules/@ohos/hvigor-ohos-plugin/src/plugin/factory/plugin-factory.js
- /Users/abhi/.hvigor/project_caches/0947245c615fa1be5fb4a847626f95c7/workspace/node_modules/.pnpm/@ohos+hvigor-ohos-plugin@6.24.2/node_modules/@ohos/hvigor-ohos-plugin/index.js
- /Users/abhi/Desktop/HarmonyOS Ports/OpenTwit-Web/hvigorfile.ts
- /Users/abhi/Developer/command-line-tools/hvigor/hvigor/src/base/internal/lifecycle/configuration.js
- /Users/abhi/Developer/command-line-tools/hvigor/hvigor/src/base/boot/index.js
- /Users/abhi/Developer/command-line-tools/hvigor/hvigor/src/cli/main/cli.js
- /Users/abhi/Developer/command-line-tools/hvigor/hvigor/bin/hvigor.js
[2026-09-18T18:52:55.931] [DEBUG] debug-file - Start initialize module-target build option map, moduleName=entry, buildMode=debug
[2026-09-18T18:52:55.935] [DEBUG] debug-file - project has submodules:entry
[2026-09-18T18:52:55.816] [DEBUG] debug-file - Starting plugin build process
[2026-09-18T18:52:55.937] [DEBUG] debug-file - Start to initialize dependency information.
[2026-09-18T18:52:55.943] [DEBUG] debug-file - Create  resident worker with id: 0.
[2026-09-18T18:52:55.935] [DEBUG] debug-file - start to load updatedOhPackageInfo to the disk
[2026-09-18T18:52:55.942] [DEBUG] debug-file - Since there is no instance or instance is terminated, create a new worker pool.
[2026-09-18T18:52:55.962] [DEBUG] debug-file - Executing task :entry:default@CreateBuildProfile
[2026-09-18T18:52:55.958] [DEBUG] debug-file - Executing task :entry:default@GenerateMetadata
[2026-09-18T18:52:55.963] [DEBUG] debug-file - Executing task :entry:default@PreCheckSyscap
[2026-09-18T18:52:55.964] [DEBUG] debug-file - Executing task :entry:default@GeneratePkgContextInfo
[2026-09-18T18:52:55.947] [DEBUG] debug-file - Executing task :entry:default@PreBuild
[2026-09-18T18:52:55.972] [DEBUG] debug-file - Executing task :entry:default@ProcessIntegratedHsp
[2026-09-18T18:52:55.975] [DEBUG] debug-file - Executing task :entry:default@MakePackInfo
[2026-09-18T18:52:55.976] [DEBUG] debug-file - Executing task :entry:default@SyscapTransform
[2026-09-18T18:52:55.984] [DEBUG] debug-file - Executing task :entry:default@ProcessProfile
[2026-09-18T18:52:55.987] [DEBUG] debug-file - Executing task :entry:default@ProcessShareConfig
[2026-09-18T18:52:55.989] [DEBUG] debug-file - Executing task :entry:default@ProcessStartupConfig
[2026-09-18T18:52:55.992] [DEBUG] debug-file - Executing task :entry:default@BuildNativeWithNinja
[2026-09-18T18:52:55.994] [DEBUG] debug-file - Executing task :entry:default@ProcessResource
[2026-09-18T18:52:55.985] [DEBUG] debug-file - Executing task :entry:default@ProcessRouterMap
[2026-09-18T18:52:55.974] [DEBUG] debug-file - Executing task :entry:default@BuildNativeWithCmake
[2026-09-18T18:52:56.000] [DEBUG] debug-file - Executing task :entry:default@CompileResource
[2026-09-18T18:52:55.995] [DEBUG] debug-file - Executing task :entry:default@GenerateLoaderJson
[2026-09-18T18:52:55.998] [DEBUG] debug-file - Executing task :entry:default@ProcessLibs
[2026-09-18T18:52:56.004] [DEBUG] debug-file - Executing task :entry:default@CompileArkTS
[2026-09-18T18:52:56.011] [DEBUG] debug-file - Executing task :entry:default@BuildJS
[2026-09-18T18:52:56.027] [DEBUG] debug-file - Executing task :entry:default@SignHap
[2026-09-18T18:52:56.002] [DEBUG] debug-file - Executing task :entry:default@DoNativeStrip
[2026-09-18T18:52:56.020] [DEBUG] debug-file - Executing task :entry:default@PackingCheck
[2026-09-18T18:52:56.034] [ERROR] debug-file - Failed :entry:default@SignHap... 
[2026-09-18T18:52:56.013] [DEBUG] debug-file - Executing task :entry:default@CacheNativeLibs
[2026-09-18T18:52:56.016] [DEBUG] debug-file - Executing task :entry:default@PackageHap
[2026-09-18T18:52:54.896] [DEBUG] debug-file - env: hvigor-config.json5 content = {
  modelVersion: '5.0.0',
  hvigorVersion: '6.24.2',
  dependencies: { '@ohos/hvigor-ohos-plugin': '6.24.2' }
}
[2026-09-18T18:52:55.046] [DEBUG] debug-file - Cache service initialization finished in 2 ms 
[2026-09-18T18:52:55.816] [DEBUG] debug-file - hvigorfile, binding system plugins [Function: appTasks]
[2026-09-18T18:52:55.897] [DEBUG] debug-file - Picking option from product 'default' with build mode 'debug'.
[2026-09-18T18:52:55.896] [DEBUG] debug-file - App plugin register hook end...
[2026-09-18T18:52:55.899] [DEBUG] debug-file - /Users/abhi/Desktop/HarmonyOS Ports/OpenTwit-Web/build/cache/default/remote_hsp/remoteHspCache.json not exists.
[2026-09-18T18:52:55.918] [DEBUG] debug-file - Sdk init in 20 ms 
[2026-09-18T18:52:55.923] [DEBUG] debug-file - hvigorfile, begin to bind custom plugins...
[2026-09-18T18:52:55.932] [DEBUG] debug-file - Target 'default' config initialized
[2026-09-18T18:52:55.816] [DEBUG] debug-file - App plugin prepare start...
[2026-09-18T18:52:55.938] [DEBUG] debug-file - Module entry Collected Dependency: 
[2026-09-18T18:52:55.936] [DEBUG] debug-file - load to the disk finished
[2026-09-18T18:52:55.942] [DEBUG] debug-file - Worker pool is initialized with config:  {
  minPoolNum: 2,
  maxPoolNum: undefined,
  maxCoreSize: undefined,
  cacheCapacity: undefined,
  cacheTtl: undefined
}
[2026-09-18T18:52:55.962] [DEBUG] debug-file - Task 'entry:default@CreateBuildProfile' cost while wrapping incremental declarations: 1 ms 
[2026-09-18T18:52:55.958] [DEBUG] debug-file - Task 'entry:default@GenerateMetadata' cost while wrapping incremental declarations: 1 ms 
[2026-09-18T18:52:55.963] [DEBUG] debug-file - entry : default@PreCheckSyscap cost memory 0.0155487060546875
[2026-09-18T18:52:55.968] [DEBUG] debug-file - Task 'entry:default@GeneratePkgContextInfo' cost while wrapping incremental declarations: 1 ms 
[2026-09-18T18:52:55.948] [WARN] debug-file - The project has not explicitly set the 'targetSdkVersion' version at build-profile.json5. It is recommended to configure it. Reference: https://developer.huawei.com/consumer/en/doc/harmonyos-guides/ide-hvigor-build-profile-app#section45865492619
[2026-09-18T18:52:55.972] [DEBUG] debug-file - entry:default@ProcessIntegratedHsp is not up-to-date, since the output file '/Users/abhi/Desktop/HarmonyOS Ports/OpenTwit-Web/build/cache/default/integrated_hsp/integratedHspCache.json' does not exist.
[2026-09-18T18:52:55.975] [DEBUG] debug-file - Incremental task entry:default@MakePackInfo pre-execution cost: 1 ms .
[2026-09-18T18:52:55.976] [DEBUG] debug-file - File: '/Users/abhi/Desktop/HarmonyOS Ports/OpenTwit-Web/entry/src/main/syscap.json' from 'sysCapJsonPath' is not exists, just ignore.
[2026-09-18T18:52:55.984] [DEBUG] debug-file - Task 'entry:default@ProcessProfile' cost while wrapping incremental declarations: 1 ms 
[2026-09-18T18:52:55.988] [DEBUG] debug-file - Incremental task entry:default@ProcessShareConfig pre-execution cost: 1 ms .
[2026-09-18T18:52:55.989] [DEBUG] debug-file - Task 'entry:default@ProcessStartupConfig' cost while wrapping incremental declarations: 1 ms 
[2026-09-18T18:52:55.992] [DEBUG] debug-file - entry : default@BuildNativeWithNinja cost memory 0.01860809326171875
[2026-09-18T18:52:55.994] [DEBUG] debug-file - Task 'entry:default@ProcessResource' cost while wrapping incremental declarations: 1 ms 
[2026-09-18T18:52:55.974] [DEBUG] debug-file - entry : default@BuildNativeWithCmake cost memory 0.01372528076171875
[2026-09-18T18:52:56.002] [DEBUG] debug-file - Incremental task entry:default@CompileResource pre-execution cost: 2 ms .
[2026-09-18T18:52:55.996] [DEBUG] debug-file - Task 'entry:default@GenerateLoaderJson' cost while wrapping incremental declarations: 1 ms 
[2026-09-18T18:52:55.999] [DEBUG] debug-file - Incremental task entry:default@ProcessLibs pre-execution cost: 1 ms .
[2026-09-18T18:52:56.005] [DEBUG] debug-file - obfuscationOptions: undefined
[2026-09-18T18:52:56.011] [DEBUG] debug-file - Task 'entry:default@BuildJS' cost while wrapping incremental declarations: 1 ms 
[2026-09-18T18:52:55.986] [DEBUG] debug-file - Incremental task entry:default@ProcessRouterMap pre-execution cost: 1 ms .
[2026-09-18T18:52:56.025] [DEBUG] debug-file - entry : default@PackingCheck cost memory 0.26363372802734375
[2026-09-18T18:52:56.035] [DEBUG] debug-file - hvigor build process will be closed with an error.
[2026-09-18T18:52:56.013] [DEBUG] debug-file - File: '/Users/abhi/Desktop/HarmonyOS Ports/OpenTwit-Web/entry/build/default/intermediates/binxo/default' from 'cacheBinxoNativeLibs' is not exists, just ignore.
[2026-09-18T18:52:56.019] [DEBUG] debug-file - Incremental task entry:default@PackageHap pre-execution cost: 3 ms .
[2026-09-18T18:52:56.002] [DEBUG] debug-file - File: '/Users/abhi/Desktop/HarmonyOS Ports/OpenTwit-Web/entry/build/default/intermediates/binxo/default' from 'doBinxoNativeLibs' is not exists, just ignore.
[2026-09-18T18:52:54.897] [DEBUG] debug-file - env: daemon=false
[2026-09-18T18:52:55.944] [DEBUG] debug-file - Create  resident worker with id: 1.
[2026-09-18T18:52:55.047] [DEBUG] debug-file - hvigorfile, resolving /Users/abhi/Desktop/HarmonyOS Ports/OpenTwit-Web/hvigorfile.ts
[2026-09-18T18:52:55.897] [DEBUG] debug-file - Product 'default' build option initialized
[2026-09-18T18:52:55.896] [DEBUG] debug-file - Plugin build process completed
[2026-09-18T18:52:55.923] [DEBUG] debug-file - hvigorfile, no custom plugins were found in /Users/abhi/Desktop/HarmonyOS Ports/OpenTwit-Web/hvigorfile.ts
[2026-09-18T18:52:55.932] [DEBUG] debug-file - Module 'entry' target 'default' build option initialized
[2026-09-18T18:52:55.816] [DEBUG] debug-file - App plugin prepare end...
[2026-09-18T18:52:55.938] [DEBUG] debug-file - Module entry's total dependency: 0
[2026-09-18T18:52:55.959] [DEBUG] debug-file - Incremental task entry:default@GenerateMetadata pre-execution cost: 1 ms .
[2026-09-18T18:52:55.963] [DEBUG] debug-file - runTaskFromQueue task cost before running: 923 ms 
[2026-09-18T18:52:55.968] [DEBUG] debug-file - entry : default@GeneratePkgContextInfo cost memory 0.68682861328125
[2026-09-18T18:52:55.950] [DEBUG] debug-file - Task 'entry:default@PreBuild' cost while wrapping incremental declarations: 1 ms 
[2026-09-18T18:52:55.973] [DEBUG] debug-file - Incremental task entry:default@ProcessIntegratedHsp pre-execution cost: 1 ms .
[2026-09-18T18:52:55.975] [DEBUG] debug-file - entry : default@MakePackInfo cost memory 0.09432220458984375
[2026-09-18T18:52:55.976] [DEBUG] debug-file - Task 'entry:default@SyscapTransform' cost while wrapping incremental declarations: 1 ms 
[2026-09-18T18:52:55.985] [DEBUG] debug-file - Incremental task entry:default@ProcessProfile pre-execution cost: 1 ms .
[2026-09-18T18:52:55.988] [DEBUG] debug-file - entry : default@ProcessShareConfig cost memory 0.09000396728515625
[2026-09-18T18:52:55.990] [DEBUG] debug-file - entry:default@ProcessStartupConfig is not up-to-date, since the output file '/Users/abhi/Desktop/HarmonyOS Ports/OpenTwit-Web/entry/build/default/intermediates/startup/default/startup_config.json' does not exist.
[2026-09-18T18:52:55.992] [DEBUG] debug-file - runTaskFromQueue task cost before running: 951 ms 
[2026-09-18T18:52:55.994] [DEBUG] debug-file - Incremental task entry:default@ProcessResource pre-execution cost: 1 ms .
[2026-09-18T18:52:55.974] [DEBUG] debug-file - runTaskFromQueue task cost before running: 933 ms 
[2026-09-18T18:52:56.002] [DEBUG] debug-file - entry : default@CompileResource cost memory 0.33780670166015625
[2026-09-18T18:52:55.997] [DEBUG] debug-file - Incremental task entry:default@GenerateLoaderJson pre-execution cost: 1 ms .
[2026-09-18T18:52:55.999] [DEBUG] debug-file - entry : default@ProcessLibs cost memory 0.08159637451171875
[2026-09-18T18:52:56.005] [DEBUG] debug-file - Task 'entry:default@CompileArkTS' cost while wrapping incremental declarations: 1 ms 
[2026-09-18T18:52:56.012] [DEBUG] debug-file - entry : default@BuildJS cost memory 0.11232757568359375
[2026-09-18T18:52:55.986] [DEBUG] debug-file - entry : default@ProcessRouterMap cost memory 0.1417388916015625
[2026-09-18T18:52:56.025] [DEBUG] debug-file - runTaskFromQueue task cost before running: 985 ms 
[2026-09-18T18:52:56.047] [ERROR] debug-file - [31m00303116 Configuration Error
Error Message: The length of the storePassword or keyPassword field in the signature configuration is less than 32. At file: /Users/abhi/Desktop/HarmonyOS Ports/OpenTwit-Web/build-profile.json5

* Try the following:
  > Re-execute sign your app/atomic service automatically：clear the signingConfigs field in the /Users/abhi/Desktop/HarmonyOS Ports/OpenTwit-Web/build-profile.json5 file and go to Project Structure > Project > Signing Configs and apply the signature material
  > Verify if signingConfigs is overridden in the project-level and module-level hvigorfile.ts. If so, use the error message to ensure the configuration is correct.
[39m

[31m* Try:
> Run with --stacktrace option to get the stack trace.
> Run with --debug option to get more log output.

[2026-09-18T18:52:56.013] [DEBUG] debug-file - Task 'entry:default@CacheNativeLibs' cost while wrapping incremental declarations: 1 ms 
[2026-09-18T18:52:56.019] [DEBUG] debug-file - entry : default@PackageHap cost memory 0.2542724609375
[2026-09-18T18:52:55.962] [DEBUG] debug-file - Incremental task entry:default@CreateBuildProfile pre-execution cost: 1 ms .
[2026-09-18T18:52:55.936] [DEBUG] debug-file - Start to initialize dependency information.
[2026-09-18T18:52:56.003] [DEBUG] debug-file - Task 'entry:default@DoNativeStrip' cost while wrapping incremental declarations: 1 ms 
[2026-09-18T18:52:54.897] [DEBUG] debug-file - no-daemon, use the parent process.execArgv --max-old-space-size=8192,--max-semi-space-size=16,--expose-gc
[2026-09-18T18:52:55.897] [DEBUG] debug-file - End initialize project's product build option map with build mode 'debug'.
[2026-09-18T18:52:55.923] [DEBUG] debug-file - hvigorfile, resolve finished /Users/abhi/Desktop/HarmonyOS Ports/OpenTwit-Web/hvigorfile.ts
[2026-09-18T18:52:55.932] [DEBUG] debug-file - End initialize module-target build option map, moduleName=entry
[2026-09-18T18:52:55.816] [DEBUG] debug-file - App plugin creating...
[2026-09-18T18:52:55.968] [DEBUG] debug-file - runTaskFromQueue task cost before running: 928 ms 
[2026-09-18T18:52:55.953] [DEBUG] debug-file - Incremental task entry:default@PreBuild pre-execution cost: 2 ms .
[2026-09-18T18:52:55.973] [DEBUG] debug-file - entry : default@ProcessIntegratedHsp cost memory 0.0470123291015625
[2026-09-18T18:52:55.976] [INFO] debug-file - UP-TO-DATE :entry:default@MakePackInfo...  
[2026-09-18T18:52:55.983] [DEBUG] debug-file - Incremental task entry:default@SyscapTransform pre-execution cost: 7 ms .
[2026-09-18T18:52:55.985] [DEBUG] debug-file - entry : default@ProcessProfile cost memory 0.1122894287109375
[2026-09-18T18:52:55.940] [DEBUG] debug-file - Configuration phase cost:894 ms 
[2026-09-18T18:52:55.990] [DEBUG] debug-file - Incremental task entry:default@ProcessStartupConfig pre-execution cost: 1 ms .
[2026-09-18T18:52:55.992] [INFO] debug-file - Finished :entry:default@BuildNativeWithNinja... after 1 ms 
[2026-09-18T18:52:55.994] [DEBUG] debug-file - entry : default@ProcessResource cost memory 0.1214447021484375
[2026-09-18T18:52:55.974] [INFO] debug-file - Finished :entry:default@BuildNativeWithCmake... after 1 ms 
[2026-09-18T18:52:56.002] [INFO] debug-file - UP-TO-DATE :entry:default@CompileResource...  
[2026-09-18T18:52:55.997] [DEBUG] debug-file - entry : default@GenerateLoaderJson cost memory 0.2745513916015625
[2026-09-18T18:52:55.999] [INFO] debug-file - UP-TO-DATE :entry:default@ProcessLibs...  
[2026-09-18T18:52:56.010] [DEBUG] debug-file - Incremental task entry:default@CompileArkTS pre-execution cost: 4 ms .
[2026-09-18T18:52:56.012] [DEBUG] debug-file - runTaskFromQueue task cost before running: 971 ms 
[2026-09-18T18:52:55.964] [INFO] debug-file - Finished :entry:default@PreCheckSyscap... after 1 ms 
[2026-09-18T18:52:56.025] [INFO] debug-file - Finished :entry:default@PackingCheck... after 6 ms 
[2026-09-18T18:52:56.047] [DEBUG] debug-file - ERROR: stacktrace = AdaptorError: [31m00303116 Configuration Error
Error Message: The length of the storePassword or keyPassword field in the signature configuration is less than 32. At file: /Users/abhi/Desktop/HarmonyOS Ports/OpenTwit-Web/build-profile.json5

* Try the following:
  > Re-execute sign your app/atomic service automatically：clear the signingConfigs field in the /Users/abhi/Desktop/HarmonyOS Ports/OpenTwit-Web/build-profile.json5 file and go to Project Structure > Project > Signing Configs and apply the signature material
  > Verify if signingConfigs is overridden in the project-level and module-level hvigorfile.ts. If so, use the error message to ensure the configuration is correct.
[39m
    at OhosLogger.printErrorExit (/Users/abhi/Developer/command-line-tools/hvigor/hvigor/src/base/log/hvigor-log.js:1:5087)
    at DecipherUtil.decryptPwd (/Users/abhi/.hvigor/project_caches/0947245c615fa1be5fb4a847626f95c7/workspace/node_modules/.pnpm/@ohos+hvigor-ohos-plugin@6.24.2/node_modules/@ohos/hvigor-ohos-plugin/src/utils/decipher-util.js:1:506)
    at HapSignCommandBuilder.getKeyStorePwd (/Users/abhi/.hvigor/project_caches/0947245c615fa1be5fb4a847626f95c7/workspace/node_modules/.pnpm/@ohos+hvigor-ohos-plugin@6.24.2/node_modules/@ohos/hvigor-ohos-plugin/src/tasks/sign/command-builder-impl/common-sign-command-builder.js:1:1341)
    at HapSignCommandBuilder.initCommandParams (/Users/abhi/.hvigor/project_caches/0947245c615fa1be5fb4a847626f95c7/workspace/node_modules/.pnpm/@ohos+hvigor-ohos-plugin@6.24.2/node_modules/@ohos/hvigor-ohos-plugin/src/tasks/sign/command-builder-impl/hap-sign-command-builder.js:1:771)
    at HapSignCommandBuilder.getSignCommand (/Users/abhi/.hvigor/project_caches/0947245c615fa1be5fb4a847626f95c7/workspace/node_modules/.pnpm/@ohos+hvigor-ohos-plugin@6.24.2/node_modules/@ohos/hvigor-ohos-plugin/src/tasks/sign/command-builder-impl/common-sign-command-builder.js:1:1053)
    at SignUtil.executeSign (/Users/abhi/.hvigor/project_caches/0947245c615fa1be5fb4a847626f95c7/workspace/node_modules/.pnpm/@ohos+hvigor-ohos-plugin@6.24.2/node_modules/@ohos/hvigor-ohos-plugin/src/tasks/sign/sign-util.js:1:4163)
    at SignUtil.sign (/Users/abhi/.hvigor/project_caches/0947245c615fa1be5fb4a847626f95c7/workspace/node_modules/.pnpm/@ohos+hvigor-ohos-plugin@6.24.2/node_modules/@ohos/hvigor-ohos-plugin/src/tasks/sign/sign-util.js:1:2319)
    at SignHap.doTaskAction (/Users/abhi/.hvigor/project_caches/0947245c615fa1be5fb4a847626f95c7/workspace/node_modules/.pnpm/@ohos+hvigor-ohos-plugin@6.24.2/node_modules/@ohos/hvigor-ohos-plugin/src/tasks/sign-hap.js:1:1763)
    at SignHap.<anonymous> (/Users/abhi/.hvigor/project_caches/0947245c615fa1be5fb4a847626f95c7/workspace/node_modules/.pnpm/@ohos+hvigor-ohos-plugin@6.24.2/node_modules/@ohos/hvigor-ohos-plugin/src/tasks/task/ohos-module-task.js:1:2137)
    at process.processTicksAndRejections (node:internal/process/task_queues:95:5)
[2026-09-18T18:52:56.013] [DEBUG] debug-file - Incremental task entry:default@CacheNativeLibs pre-execution cost: 1 ms .
[2026-09-18T18:52:56.019] [INFO] debug-file - UP-TO-DATE :entry:default@PackageHap...  
[2026-09-18T18:52:55.962] [DEBUG] debug-file - entry : default@CreateBuildProfile cost memory 0.09127044677734375
[2026-09-18T18:52:55.986] [INFO] debug-file - UP-TO-DATE :entry:default@ProcessRouterMap...  
[2026-09-18T18:52:56.003] [DEBUG] debug-file - Incremental task entry:default@DoNativeStrip pre-execution cost: 1 ms .
[2026-09-18T18:52:55.959] [DEBUG] debug-file - entry : default@GenerateMetadata cost memory 0.279388427734375
[2026-09-18T18:52:55.932] [DEBUG] debug-file - Start initialize module-target build option map, moduleName=entry, buildMode=release
[2026-09-18T18:52:55.969] [INFO] debug-file - Finished :entry:default@GeneratePkgContextInfo... after 4 ms 
[2026-09-18T18:52:55.953] [DEBUG] debug-file - entry : default@PreBuild cost memory 0.84283447265625
[2026-09-18T18:52:55.973] [DEBUG] debug-file - runTaskFromQueue task cost before running: 932 ms 
[2026-09-18T18:52:55.923] [DEBUG] debug-file - hvigorfile, resolving /Users/abhi/Desktop/HarmonyOS Ports/OpenTwit-Web/entry/hvigorfile.ts
[2026-09-18T18:52:55.985] [INFO] debug-file - UP-TO-DATE :entry:default@ProcessProfile...  
[2026-09-18T18:52:55.941] [DEBUG] debug-file - Configuration task cost before running: 900 ms 
[2026-09-18T18:52:55.990] [DEBUG] debug-file - entry : default@ProcessStartupConfig cost memory 0.07424163818359375
[2026-09-18T18:52:55.993] [DEBUG] debug-file - restool module names: entry; moduleName=entry, taskName=default@ProcessResource
[2026-09-18T18:52:55.995] [INFO] debug-file - UP-TO-DATE :entry:default@ProcessResource...  
[2026-09-18T18:52:55.988] [INFO] debug-file - UP-TO-DATE :entry:default@ProcessShareConfig...  
[2026-09-18T18:52:56.000] [DEBUG] debug-file - restool module names: entry; moduleName=entry, taskName=default@CompileResource
[2026-09-18T18:52:56.010] [DEBUG] debug-file - entry : default@CompileArkTS cost memory 0.495941162109375
[2026-09-18T18:52:56.012] [INFO] debug-file - Finished :entry:default@BuildJS... after 1 ms 
[2026-09-18T18:52:55.937] [DEBUG] debug-file - Module OpenTwit-Web Collected Dependency: 
[2026-09-18T18:52:56.047] [ERROR] debug-file - AdaptorError: [31m00303116 Configuration Error
Error Message: The length of the storePassword or keyPassword field in the signature configuration is less than 32. At file: /Users/abhi/Desktop/HarmonyOS Ports/OpenTwit-Web/build-profile.json5

* Try the following:
  > Re-execute sign your app/atomic service automatically：clear the signingConfigs field in the /Users/abhi/Desktop/HarmonyOS Ports/OpenTwit-Web/build-profile.json5 file and go to Project Structure > Project > Signing Configs and apply the signature material
  > Verify if signingConfigs is overridden in the project-level and module-level hvigorfile.ts. If so, use the error message to ensure the configuration is correct.
[39m
    at OhosLogger.printErrorExit (/Users/abhi/Developer/command-line-tools/hvigor/hvigor/src/base/log/hvigor-log.js:1:5087)
    at DecipherUtil.decryptPwd (/Users/abhi/.hvigor/project_caches/0947245c615fa1be5fb4a847626f95c7/workspace/node_modules/.pnpm/@ohos+hvigor-ohos-plugin@6.24.2/node_modules/@ohos/hvigor-ohos-plugin/src/utils/decipher-util.js:1:506)
    at HapSignCommandBuilder.getKeyStorePwd (/Users/abhi/.hvigor/project_caches/0947245c615fa1be5fb4a847626f95c7/workspace/node_modules/.pnpm/@ohos+hvigor-ohos-plugin@6.24.2/node_modules/@ohos/hvigor-ohos-plugin/src/tasks/sign/command-builder-impl/common-sign-command-builder.js:1:1341)
    at HapSignCommandBuilder.initCommandParams (/Users/abhi/.hvigor/project_caches/0947245c615fa1be5fb4a847626f95c7/workspace/node_modules/.pnpm/@ohos+hvigor-ohos-plugin@6.24.2/node_modules/@ohos/hvigor-ohos-plugin/src/tasks/sign/command-builder-impl/hap-sign-command-builder.js:1:771)
    at HapSignCommandBuilder.getSignCommand (/Users/abhi/.hvigor/project_caches/0947245c615fa1be5fb4a847626f95c7/workspace/node_modules/.pnpm/@ohos+hvigor-ohos-plugin@6.24.2/node_modules/@ohos/hvigor-ohos-plugin/src/tasks/sign/command-builder-impl/common-sign-command-builder.js:1:1053)
    at SignUtil.executeSign (/Users/abhi/.hvigor/project_caches/0947245c615fa1be5fb4a847626f95c7/workspace/node_modules/.pnpm/@ohos+hvigor-ohos-plugin@6.24.2/node_modules/@ohos/hvigor-ohos-plugin/src/tasks/sign/sign-util.js:1:4163)
    at SignUtil.sign (/Users/abhi/.hvigor/project_caches/0947245c615fa1be5fb4a847626f95c7/workspace/node_modules/.pnpm/@ohos+hvigor-ohos-plugin@6.24.2/node_modules/@ohos/hvigor-ohos-plugin/src/tasks/sign/sign-util.js:1:2319)
    at SignHap.doTaskAction (/Users/abhi/.hvigor/project_caches/0947245c615fa1be5fb4a847626f95c7/workspace/node_modules/.pnpm/@ohos+hvigor-ohos-plugin@6.24.2/node_modules/@ohos/hvigor-ohos-plugin/src/tasks/sign-hap.js:1:1763)
    at SignHap.<anonymous> (/Users/abhi/.hvigor/project_caches/0947245c615fa1be5fb4a847626f95c7/workspace/node_modules/.pnpm/@ohos+hvigor-ohos-plugin@6.24.2/node_modules/@ohos/hvigor-ohos-plugin/src/tasks/task/ohos-module-task.js:1:2137)
    at process.processTicksAndRejections (node:internal/process/task_queues:95:5)
[2026-09-18T18:52:56.013] [DEBUG] debug-file - entry : default@CacheNativeLibs cost memory 0.08509063720703125
[2026-09-18T18:52:55.962] [INFO] debug-file - UP-TO-DATE :entry:default@CreateBuildProfile...  
[2026-09-18T18:52:56.003] [DEBUG] debug-file - entry : default@DoNativeStrip cost memory 0.06928253173828125
[2026-09-18T18:52:55.959] [INFO] debug-file - UP-TO-DATE :entry:default@GenerateMetadata...  
[2026-09-18T18:52:55.932] [DEBUG] debug-file - Target 'default' config initialized
[2026-09-18T18:52:55.998] [INFO] debug-file - UP-TO-DATE :entry:default@GenerateLoaderJson...  
[2026-09-18T18:52:55.973] [INFO] debug-file - Finished :entry:default@ProcessIntegratedHsp... after 1 ms 
[2026-09-18T18:52:55.955] [INFO] debug-file - UP-TO-DATE :entry:default@PreBuild...  
[2026-09-18T18:52:55.990] [DEBUG] debug-file - runTaskFromQueue task cost before running: 950 ms 
[2026-09-18T18:52:55.969] [DEBUG] debug-file - Executing task :entry:default@GeneratePkgSdkInfo
[2026-09-18T18:52:55.926] [DEBUG] debug-file - hvigorfile, require result:  { default: { system: [Function: hapTasks], plugins: [] } }
[2026-09-18T18:52:56.010] [INFO] debug-file - UP-TO-DATE :entry:default@CompileArkTS...  
[2026-09-18T18:52:55.937] [DEBUG] debug-file - Module OpenTwit-Web's total dependency: 0
[2026-09-18T18:52:56.048] [ERROR] debug-file - BUILD FAILED in 1 s 7 ms 
[2026-09-18T18:52:56.013] [INFO] debug-file - UP-TO-DATE :entry:default@CacheNativeLibs...  
[2026-09-18T18:52:55.983] [DEBUG] debug-file - entry : default@SyscapTransform cost memory 0.1093597412109375
[2026-09-18T18:52:55.959] [DEBUG] debug-file - Executing task :entry:default@ConfigureCmake
[2026-09-18T18:52:55.932] [DEBUG] debug-file - Module 'entry' target 'default' build option initialized
[2026-09-18T18:52:56.003] [INFO] debug-file - UP-TO-DATE :entry:default@DoNativeStrip...  
[2026-09-18T18:52:55.956] [DEBUG] debug-file - Executing task :entry:default@CreateModuleInfo
[2026-09-18T18:52:55.991] [INFO] debug-file - Finished :entry:default@ProcessStartupConfig... after 2 ms 
[2026-09-18T18:52:55.970] [DEBUG] debug-file - Task 'entry:default@GeneratePkgSdkInfo' cost while wrapping incremental declarations: 1 ms 
[2026-09-18T18:52:55.926] [DEBUG] debug-file - hvigorfile, binding system plugins [Function: hapTasks]
[2026-09-18T18:52:56.048] [DEBUG] debug-file - There is no need to refresh cache, since the incremental task entry:default@PreBuild is up-to-date.
[2026-09-18T18:52:56.013] [DEBUG] debug-file - Executing task :entry:default@GeneratePkgModuleJson
[2026-09-18T18:52:55.983] [INFO] debug-file - UP-TO-DATE :entry:default@SyscapTransform...  
[2026-09-18T18:52:55.959] [DEBUG] debug-file - entry : default@ConfigureCmake cost memory 0.01206207275390625
[2026-09-18T18:52:55.932] [DEBUG] debug-file - End initialize module-target build option map, moduleName=entry
[2026-09-18T18:52:55.956] [DEBUG] debug-file - Task 'entry:default@CreateModuleInfo' cost while wrapping incremental declarations: 1 ms 
[2026-09-18T18:52:55.970] [DEBUG] debug-file - Incremental task entry:default@GeneratePkgSdkInfo pre-execution cost: 1 ms .
[2026-09-18T18:52:55.926] [DEBUG] debug-file - Starting plugin build process
[2026-09-18T18:52:56.048] [DEBUG] debug-file - Update task entry:default@CreateModuleInfo output file:/Users/abhi/Desktop/HarmonyOS Ports/OpenTwit-Web/entry/build/default/generated/profile/default/ModuleInfo.ts cache.
[2026-09-18T18:52:56.014] [DEBUG] debug-file - File: '/Users/abhi/Desktop/HarmonyOS Ports/OpenTwit-Web/entry/build/default/intermediates/preload/default/preload.json' from 'preloadSoJsonPath' is not exists, just ignore.
[2026-09-18T18:52:55.960] [DEBUG] debug-file - runTaskFromQueue task cost before running: 919 ms 
[2026-09-18T18:52:55.932] [DEBUG] debug-file - Start initialize module-target build option map, moduleName=entry, buildMode=debug
[2026-09-18T18:52:55.956] [DEBUG] debug-file - entry : default@CreateModuleInfo cost memory 0.0359649658203125
[2026-09-18T18:52:55.970] [DEBUG] debug-file - entry : default@GeneratePkgSdkInfo cost memory 0.1025390625
[2026-09-18T18:52:55.926] [DEBUG] debug-file - Hap plugin creating...
[2026-09-18T18:52:56.049] [DEBUG] debug-file - Incremental task entry:default@CreateModuleInfo post-execution cost:1 ms .
[2026-09-18T18:52:56.014] [DEBUG] debug-file - Error occurs while handling @Input 'shouldDeduplicateHar': The "data" argument must be of type string or an instance of Buffer, TypedArray, or DataView. Received undefined
[2026-09-18T18:52:55.960] [INFO] debug-file - Finished :entry:default@ConfigureCmake... after 1 ms 
[2026-09-18T18:52:55.932] [DEBUG] debug-file - Target 'default' config initialized
[2026-09-18T18:52:55.956] [DEBUG] debug-file - runTaskFromQueue task cost before running: 915 ms 
[2026-09-18T18:52:55.971] [INFO] debug-file - UP-TO-DATE :entry:default@GeneratePkgSdkInfo...  
[2026-09-18T18:52:56.049] [DEBUG] debug-file - There is no need to refresh cache, since the incremental task entry:default@GenerateMetadata is up-to-date.
[2026-09-18T18:52:56.014] [DEBUG] debug-file - Task 'entry:default@GeneratePkgModuleJson' cost while wrapping incremental declarations: 1 ms 
[2026-09-18T18:52:55.960] [DEBUG] debug-file - Executing task :entry:default@MergeProfile
[2026-09-18T18:52:55.932] [DEBUG] debug-file - Module 'entry' target 'default' build option initialized
[2026-09-18T18:52:55.956] [INFO] debug-file - Finished :entry:default@CreateModuleInfo... after 1 ms 
[2026-09-18T18:52:56.049] [DEBUG] debug-file - There is no need to refresh cache, since the incremental task entry:default@MergeProfile is up-to-date.
[2026-09-18T18:52:56.014] [DEBUG] debug-file - Incremental task entry:default@GeneratePkgModuleJson pre-execution cost: 1 ms .
[2026-09-18T18:52:55.960] [DEBUG] debug-file - Task 'entry:default@MergeProfile' cost while wrapping incremental declarations: 1 ms 
[2026-09-18T18:52:55.932] [DEBUG] debug-file - End initialize module-target build option map, moduleName=entry
[2026-09-18T18:52:56.049] [DEBUG] debug-file - There is no need to refresh cache, since the incremental task entry:default@CreateBuildProfile is up-to-date.
[2026-09-18T18:52:56.014] [DEBUG] debug-file - entry : default@GeneratePkgModuleJson cost memory 0.076141357421875
[2026-09-18T18:52:55.932] [DEBUG] debug-file - Obtain build option for module 'entry' target 'default'in this build.
[2026-09-18T18:52:55.961] [DEBUG] debug-file - Incremental task entry:default@MergeProfile pre-execution cost: 1 ms .
[2026-09-18T18:52:56.049] [DEBUG] debug-file - Update task entry:default@GeneratePkgContextInfo output file:/Users/abhi/Desktop/HarmonyOS Ports/OpenTwit-Web/entry/build/default/intermediates/loader/default/pkgContextInfo.json cache.
[2026-09-18T18:52:56.014] [INFO] debug-file - UP-TO-DATE :entry:default@GeneratePkgModuleJson...  
[2026-09-18T18:52:55.934] [DEBUG] debug-file - Module entry task initialization takes 2 ms 
[2026-09-18T18:52:55.961] [DEBUG] debug-file - entry : default@MergeProfile cost memory 0.11243438720703125
[2026-09-18T18:52:56.049] [DEBUG] debug-file - Incremental task entry:default@GeneratePkgContextInfo post-execution cost:1 ms .
[2026-09-18T18:52:55.935] [DEBUG] debug-file - Hap plugin register hook start...
[2026-09-18T18:52:55.961] [INFO] debug-file - UP-TO-DATE :entry:default@MergeProfile...  
[2026-09-18T18:52:56.014] [DEBUG] debug-file - Executing task :entry:default@ProcessCompiledResources
[2026-09-18T18:52:56.049] [DEBUG] debug-file - There is no need to refresh cache, since the incremental task entry:default@GeneratePkgSdkInfo is up-to-date.
[2026-09-18T18:52:56.014] [DEBUG] debug-file - File: '/Users/abhi/Desktop/HarmonyOS Ports/OpenTwit-Web/entry/build/default/intermediates/preload/default/preload.json' from 'preloadSoJsonPath' is not exists, just ignore.
[2026-09-18T18:52:55.935] [DEBUG] debug-file - Hap plugin register hook end...
[2026-09-18T18:52:56.049] [DEBUG] debug-file - Update task entry:default@ProcessIntegratedHsp output file:/Users/abhi/Desktop/HarmonyOS Ports/OpenTwit-Web/build/cache/default/integrated_hsp/integratedHspCache.json cache.
[2026-09-18T18:52:56.014] [DEBUG] debug-file - Task 'entry:default@ProcessCompiledResources' cost while wrapping incremental declarations: 1 ms 
[2026-09-18T18:52:55.935] [DEBUG] debug-file - Plugin build process completed
[2026-09-18T18:52:56.049] [DEBUG] debug-file - Incremental task entry:default@ProcessIntegratedHsp post-execution cost:1 ms .
[2026-09-18T18:52:56.014] [DEBUG] debug-file - entry : default@ProcessCompiledResources cost memory 0.04541015625
[2026-09-18T18:52:55.935] [DEBUG] debug-file - hvigorfile, begin to bind custom plugins...
[2026-09-18T18:52:56.049] [DEBUG] debug-file - There is no need to refresh cache, since the incremental task entry:default@MakePackInfo is up-to-date.
[2026-09-18T18:52:56.014] [DEBUG] debug-file - runTaskFromQueue task cost before running: 974 ms 
[2026-09-18T18:52:55.935] [DEBUG] debug-file - hvigorfile, no custom plugins were found in /Users/abhi/Desktop/HarmonyOS Ports/OpenTwit-Web/entry/hvigorfile.ts
[2026-09-18T18:52:56.049] [DEBUG] debug-file - There is no need to refresh cache, since the incremental task entry:default@SyscapTransform is up-to-date.
[2026-09-18T18:52:56.014] [INFO] debug-file - Finished :entry:default@ProcessCompiledResources... after 1 ms 
[2026-09-18T18:52:55.935] [DEBUG] debug-file - hvigorfile, resolve finished /Users/abhi/Desktop/HarmonyOS Ports/OpenTwit-Web/entry/hvigorfile.ts
[2026-09-18T18:52:56.049] [DEBUG] debug-file - There is no need to refresh cache, since the incremental task entry:default@ProcessProfile is up-to-date.
[2026-09-18T18:52:56.049] [DEBUG] debug-file - There is no need to refresh cache, since the incremental task entry:default@ProcessRouterMap is up-to-date.
[2026-09-18T18:52:56.049] [DEBUG] debug-file - There is no need to refresh cache, since the incremental task entry:default@ProcessShareConfig is up-to-date.
[2026-09-18T18:52:56.049] [DEBUG] debug-file - Update task entry:default@ProcessStartupConfig output file:/Users/abhi/Desktop/HarmonyOS Ports/OpenTwit-Web/entry/build/default/intermediates/startup/default/startup_config.json cache.
[2026-09-18T18:52:56.049] [DEBUG] debug-file - Incremental task entry:default@ProcessStartupConfig post-execution cost:1 ms .
[2026-09-18T18:52:56.049] [DEBUG] debug-file - There is no need to refresh cache, since the incremental task entry:default@ProcessResource is up-to-date.
[2026-09-18T18:52:56.049] [DEBUG] debug-file - There is no need to refresh cache, since the incremental task entry:default@GenerateLoaderJson is up-to-date.
[2026-09-18T18:52:56.049] [DEBUG] debug-file - There is no need to refresh cache, since the incremental task entry:default@ProcessLibs is up-to-date.
[2026-09-18T18:52:56.049] [DEBUG] debug-file - There is no need to refresh cache, since the incremental task entry:default@CompileResource is up-to-date.
[2026-09-18T18:52:56.049] [DEBUG] debug-file - There is no need to refresh cache, since the incremental task entry:default@DoNativeStrip is up-to-date.
[2026-09-18T18:52:56.049] [DEBUG] debug-file - There is no need to refresh cache, since the incremental task entry:default@CompileArkTS is up-to-date.
[2026-09-18T18:52:56.049] [DEBUG] debug-file - Update task entry:default@BuildJS input file:/Users/abhi/Desktop/HarmonyOS Ports/OpenTwit-Web/entry/build/default/intermediates/loader/default cache by regenerate.
[2026-09-18T18:52:56.049] [DEBUG] debug-file - Update task entry:default@BuildJS input file:/Users/abhi/Desktop/HarmonyOS Ports/OpenTwit-Web/entry/build/default/intermediates/res/default/ResourceTable.txt cache by regenerate.
[2026-09-18T18:52:56.049] [DEBUG] debug-file - Update task entry:default@BuildJS input file:/Users/abhi/Desktop/HarmonyOS Ports/OpenTwit-Web/entry/build/default/intermediates/res/default/ark_module.json cache by regenerate.
[2026-09-18T18:52:56.049] [DEBUG] debug-file - Update task entry:default@BuildJS input file:/Users/abhi/Desktop/HarmonyOS Ports/OpenTwit-Web/entry/build/default/intermediates/res/default/resources/base/profile cache by regenerate.
[2026-09-18T18:52:56.049] [DEBUG] debug-file - Update task entry:default@BuildJS output file:/Users/abhi/Desktop/HarmonyOS Ports/OpenTwit-Web/entry/build/default/intermediates/loader_out/default/js cache.
[2026-09-18T18:52:56.049] [DEBUG] debug-file - Incremental task entry:default@BuildJS post-execution cost:1 ms .
[2026-09-18T18:52:56.049] [DEBUG] debug-file - There is no need to refresh cache, since the incremental task entry:default@CacheNativeLibs is up-to-date.
[2026-09-18T18:52:56.049] [DEBUG] debug-file - There is no need to refresh cache, since the incremental task entry:default@GeneratePkgModuleJson is up-to-date.
[2026-09-18T18:52:56.050] [DEBUG] debug-file - Incremental task entry:default@ProcessCompiledResources post-execution cost:1 ms .
[2026-09-18T18:52:56.050] [DEBUG] debug-file - There is no need to refresh cache, since the incremental task entry:default@PackageHap is up-to-date.
[2026-09-18T18:52:56.050] [DEBUG] debug-file - Update task entry:default@SignHap input file:/Users/abhi/.ohos/config/debug.cer cache by regenerate.
[2026-09-18T18:52:56.050] [DEBUG] debug-file - Update task entry:default@SignHap input file:/Users/abhi/.ohos/config/debug.p7b cache by regenerate.
[2026-09-18T18:52:56.050] [DEBUG] debug-file - Update task entry:default@SignHap input file:/Users/abhi/.ohos/config/debug.p12 cache by regenerate.
[2026-09-18T18:52:56.050] [DEBUG] debug-file - Update task entry:default@SignHap input file:/Users/abhi/Desktop/HarmonyOS Ports/OpenTwit-Web/entry/build/default/outputs/default/entry-default-unsigned.hap cache by regenerate.
[2026-09-18T18:52:56.050] [DEBUG] debug-file - Update task entry:default@SignHap output file:/Users/abhi/Desktop/HarmonyOS Ports/OpenTwit-Web/entry/build/default/outputs/default/entry-default-signed.hap cache.
[2026-09-18T18:52:56.050] [DEBUG] debug-file - Incremental task entry:default@SignHap post-execution cost:1 ms .
[2026-09-18T18:52:56.060] [DEBUG] debug-file - Current worker pool is stopped or closed.
[2026-09-18T18:52:56.060] [DEBUG] debug-file - Clear worker 0.
[2026-09-18T18:52:56.061] [DEBUG] debug-file - Worker 0 has been cleared.
[2026-09-18T18:52:56.061] [DEBUG] debug-file - Current idle worker size: 1.
[2026-09-18T18:52:56.061] [DEBUG] debug-file - Current busy worker size: 0.
[2026-09-18T18:52:56.061] [DEBUG] debug-file - Clear worker 1.
[2026-09-18T18:52:56.061] [DEBUG] debug-file - Worker 1 has been cleared.
[2026-09-18T18:52:56.061] [DEBUG] debug-file - Current idle worker size: 0.
[2026-09-18T18:52:56.061] [DEBUG] debug-file - Current busy worker size: 0.
[2026-09-18T18:52:56.061] [DEBUG] debug-file - hvigor build process will be closed.
[2026-09-18T18:52:56.064] [DEBUG] debug-file - Current worker pool is terminated.
[2026-09-18T18:52:56.064] [DEBUG] debug-file - worker[0] exits with exit code 1.
[2026-09-18T18:52:56.065] [DEBUG] debug-file - worker[1] exits with exit code 1.
[2026-09-18T19:15:26.134] [DEBUG] debug-file - env: nodejsVersion=v18.20.1
[2026-09-18T19:15:26.265] [DEBUG] debug-file - Hvigor init with startParameters:{
  hvigorfileTypeCheck: false,
  parallelExecution: true,
  incrementalExecution: true,
  printStackTrace: false,
  daemon: false,
  analyze: 0,
  logLevel: Level { level: 20000, levelStr: 'INFO', colour: 'green' },
  optimizationStrategy: 'memory',
  hotCompile: undefined,
  hotReloadBuild: undefined,
  customizedParam: undefined
}
[2026-09-18T19:15:26.971] [DEBUG] debug-file - hvigorfile, require result:  { default: { system: [Function: appTasks], plugins: [] } }
[2026-09-18T19:15:27.050] [DEBUG] debug-file - App plugin register hook start...
[2026-09-18T19:15:27.051] [DEBUG] debug-file - Start initialize project's product build option map with build mode debug.
[2026-09-18T19:15:27.056] [DEBUG] debug-file - Start recording SDK configuration permission data.
[2026-09-18T19:15:26.972] [DEBUG] debug-file - Starting plugin build process
[2026-09-18T19:15:27.078] [DEBUG] debug-file - failed to load cangjie to dynamically generate schemas: Error: Cannot find module '@ohos/cangjie-build-support/index'
Require stack:
- /Users/abhi/.hvigor/project_caches/0947245c615fa1be5fb4a847626f95c7/workspace/node_modules/.pnpm/@ohos+hvigor-ohos-plugin@6.24.2/node_modules/@ohos/hvigor-ohos-plugin/src/plugin/hooks/cangjie-register.js
- /Users/abhi/.hvigor/project_caches/0947245c615fa1be5fb4a847626f95c7/workspace/node_modules/.pnpm/@ohos+hvigor-ohos-plugin@6.24.2/node_modules/@ohos/hvigor-ohos-plugin/src/plugin/strategy/stage-init-strategy.js
- /Users/abhi/.hvigor/project_caches/0947245c615fa1be5fb4a847626f95c7/workspace/node_modules/.pnpm/@ohos+hvigor-ohos-plugin@6.24.2/node_modules/@ohos/hvigor-ohos-plugin/src/plugin/builder/abstract-plugin-builder.js
- /Users/abhi/.hvigor/project_caches/0947245c615fa1be5fb4a847626f95c7/workspace/node_modules/.pnpm/@ohos+hvigor-ohos-plugin@6.24.2/node_modules/@ohos/hvigor-ohos-plugin/src/plugin/builder/app-plugin-builder.js
- /Users/abhi/.hvigor/project_caches/0947245c615fa1be5fb4a847626f95c7/workspace/node_modules/.pnpm/@ohos+hvigor-ohos-plugin@6.24.2/node_modules/@ohos/hvigor-ohos-plugin/src/plugin/factory/plugin-factory.js
- /Users/abhi/.hvigor/project_caches/0947245c615fa1be5fb4a847626f95c7/workspace/node_modules/.pnpm/@ohos+hvigor-ohos-plugin@6.24.2/node_modules/@ohos/hvigor-ohos-plugin/index.js
- /Users/abhi/Desktop/HarmonyOS Ports/OpenTwit-Web/hvigorfile.ts
- /Users/abhi/Developer/command-line-tools/hvigor/hvigor/src/base/internal/lifecycle/configuration.js
- /Users/abhi/Developer/command-line-tools/hvigor/hvigor/src/base/boot/index.js
- /Users/abhi/Developer/command-line-tools/hvigor/hvigor/src/cli/main/cli.js
- /Users/abhi/Developer/command-line-tools/hvigor/hvigor/bin/hvigor.js
[2026-09-18T19:15:27.052] [DEBUG] debug-file - Obtain build option for product 'default'in this build.
[2026-09-18T19:15:27.075] [DEBUG] debug-file - Project task initialization takes 3 ms 
[2026-09-18T19:15:27.083] [DEBUG] debug-file - Start initialize module-target build option map, moduleName=entry, buildMode=debug
[2026-09-18T19:15:27.091] [DEBUG] debug-file - entry : clean cost memory 0.10317230224609375
[2026-09-18T19:15:27.092] [DEBUG] debug-file - Since there is no instance or instance is terminated, create a new worker pool.
[2026-09-18T19:15:27.086] [DEBUG] debug-file - start to load updatedOhPackageInfo to the disk
[2026-09-18T19:15:27.092] [DEBUG] debug-file - Create  resident worker with id: 0.
[2026-09-18T19:15:27.095] [DEBUG] debug-file - Executing task :entry:default@PreBuild
[2026-09-18T19:15:27.157] [DEBUG] debug-file - Executing task :entry:default@PreCheckSyscap
[2026-09-18T19:15:27.157] [DEBUG] debug-file - Executing task :entry:default@GeneratePkgContextInfo
[2026-09-18T19:15:27.162] [DEBUG] debug-file - Executing task :entry:default@ProcessIntegratedHsp
[2026-09-18T19:15:27.151] [DEBUG] debug-file - Executing task :entry:default@GenerateMetadata
[2026-09-18T19:15:27.086] [DEBUG] debug-file - project has submodules:entry
[2026-09-18T19:15:27.163] [DEBUG] debug-file - Executing task :entry:default@BuildNativeWithCmake
[2026-09-18T19:15:27.163] [DEBUG] debug-file - Executing task :entry:default@MakePackInfo
[2026-09-18T19:15:27.169] [DEBUG] debug-file - Executing task :entry:default@ProcessProfile
[2026-09-18T19:15:27.156] [DEBUG] debug-file - Executing task :entry:default@CreateBuildProfile
[2026-09-18T19:15:27.220] [DEBUG] debug-file - Executing task :entry:default@ProcessRouterMap
[2026-09-18T19:15:27.221] [DEBUG] debug-file - Executing task :entry:default@ProcessShareConfig
[2026-09-18T19:15:27.168] [DEBUG] debug-file - default@SyscapTransform work[0] is submitted.
[2026-09-18T19:15:27.223] [DEBUG] debug-file - Executing task :entry:default@BuildNativeWithNinja
[2026-09-18T19:15:27.225] [DEBUG] debug-file - Executing task :entry:default@ProcessResource
[2026-09-18T19:15:27.222] [DEBUG] debug-file - Executing task :entry:default@ProcessStartupConfig
[2026-09-18T19:15:27.226] [DEBUG] debug-file - Executing task :entry:default@GenerateLoaderJson
[2026-09-18T19:15:27.231] [DEBUG] debug-file - Executing task :entry:default@CompileResource
[2026-09-18T19:15:27.229] [DEBUG] debug-file - Executing task :entry:default@ProcessLibs
[2026-09-18T19:15:27.088] [DEBUG] debug-file - Start to initialize dependency information.
[2026-09-18T19:15:27.165] [DEBUG] debug-file - Executing task :entry:default@SyscapTransform
[2026-09-18T19:15:26.135] [DEBUG] debug-file - env: hvigor-config.json5 content = {
  modelVersion: '5.0.0',
  hvigorVersion: '6.24.2',
  dependencies: { '@ohos/hvigor-ohos-plugin': '6.24.2' }
}
[2026-09-18T19:15:27.233] [DEBUG] debug-file - current process  memoryUsage: {
  rss: 349552640,
  heapTotal: 167919616,
  heapUsed: 139845232,
  external: 3024086,
  arrayBuffers: 215224
} os memoryUsage :15.938583374023438
[2026-09-18T19:15:26.265] [DEBUG] debug-file - Since current hvigor version 6.24.2 differs from last hvigor version 
      undefined, delete file-cache.json and task-cache.json.
[2026-09-18T19:15:26.971] [DEBUG] debug-file - hvigorfile, binding system plugins [Function: appTasks]
[2026-09-18T19:15:27.050] [DEBUG] debug-file - App plugin register hook end...
[2026-09-18T19:15:27.051] [DEBUG] debug-file - Picking option from product 'default' with build mode 'debug'.
[2026-09-18T19:15:27.071] [DEBUG] debug-file - Sdk init in 19 ms 
[2026-09-18T19:15:27.053] [DEBUG] debug-file - /Users/abhi/Desktop/HarmonyOS Ports/OpenTwit-Web/build/cache/default/remote_hsp/remoteHspCache.json not exists.
[2026-09-18T19:15:27.075] [DEBUG] debug-file - hvigorfile, begin to bind custom plugins...
[2026-09-18T19:15:27.083] [DEBUG] debug-file - Target 'default' config initialized
[2026-09-18T19:15:26.972] [DEBUG] debug-file - App plugin prepare start...
[2026-09-18T19:15:27.092] [DEBUG] debug-file - Worker pool is initialized with config:  {
  minPoolNum: 2,
  maxPoolNum: undefined,
  maxCoreSize: undefined,
  cacheCapacity: undefined,
  cacheTtl: undefined
}
[2026-09-18T19:15:27.091] [DEBUG] debug-file - runTaskFromQueue task cost before running: 829 ms 
[2026-09-18T19:15:27.093] [DEBUG] debug-file - Create  resident worker with id: 1.
[2026-09-18T19:15:27.095] [WARN] debug-file - The project has not explicitly set the 'targetSdkVersion' version at build-profile.json5. It is recommended to configure it. Reference: https://developer.huawei.com/consumer/en/doc/harmonyos-guides/ide-hvigor-build-profile-app#section45865492619
[2026-09-18T19:15:27.157] [DEBUG] debug-file - entry : default@PreCheckSyscap cost memory 0.01552581787109375
[2026-09-18T19:15:27.160] [DEBUG] debug-file - Task 'entry:default@GeneratePkgContextInfo' cost while wrapping incremental declarations: 1 ms 
[2026-09-18T19:15:27.162] [DEBUG] debug-file - entry : default@ProcessIntegratedHsp cost memory 0.02845001220703125
[2026-09-18T19:15:27.151] [DEBUG] debug-file - Task 'entry:default@GenerateMetadata' cost while wrapping incremental declarations: 1 ms 
[2026-09-18T19:15:27.087] [DEBUG] debug-file - load to the disk finished
[2026-09-18T19:15:27.163] [DEBUG] debug-file - entry : default@BuildNativeWithCmake cost memory 0.013885498046875
[2026-09-18T19:15:27.164] [DEBUG] debug-file - Module Pack Info:  {
  summary: {
    app: { bundleName: 'c***t', bundleType: 'app', version: [Object] },
    modules: [ [Object] ]
  },
  packages: [
    {
      deviceType: [Array],
      moduleType: 'entry',
      deliveryWithInstall: true,
      name: 'entry-default'
    }
  ]
}
[2026-09-18T19:15:27.170] [DEBUG] debug-file - Task 'entry:default@ProcessProfile' cost while wrapping incremental declarations: 1 ms 
[2026-09-18T19:15:27.156] [DEBUG] debug-file - Task 'entry:default@CreateBuildProfile' cost while wrapping incremental declarations: 1 ms 
[2026-09-18T19:15:27.221] [DEBUG] debug-file - entry : default@ProcessRouterMap cost memory 0.06693267822265625
[2026-09-18T19:15:27.222] [DEBUG] debug-file - entry : default@ProcessShareConfig cost memory 0.05419921875
[2026-09-18T19:15:27.168] [DEBUG] debug-file - default@SyscapTransform work[0] is pushed to ready queue.
[2026-09-18T19:15:27.223] [DEBUG] debug-file - entry : default@BuildNativeWithNinja cost memory 0.02309417724609375
[2026-09-18T19:15:27.225] [DEBUG] debug-file - Task 'entry:default@ProcessResource' cost while wrapping incremental declarations: 1 ms 
[2026-09-18T19:15:27.226] [DEBUG] debug-file - Task 'entry:default@GenerateLoaderJson' cost while wrapping incremental declarations: 1 ms 
[2026-09-18T19:15:27.233] [DEBUG] debug-file - Use tool [/Users/abhi/.ohos/sdk-remap/24/toolchains/restool]
 [
  '/Users/abhi/.ohos/sdk-remap/24/toolchains/restool',
  '-l',
  '/Users/abhi/Desktop/HarmonyOS Ports/OpenTwit-Web/entry/build/default/intermediates/res/default/resConfig.json'
]
[2026-09-18T19:15:27.231] [DEBUG] debug-file - Worker dispatch failed, running processLibs on main thread.
[2026-09-18T19:15:27.088] [DEBUG] debug-file - Module entry Collected Dependency: 
[2026-09-18T19:15:27.165] [DEBUG] debug-file - File: '/Users/abhi/Desktop/HarmonyOS Ports/OpenTwit-Web/entry/src/main/syscap.json' from 'sysCapJsonPath' is not exists, just ignore.
[2026-09-18T19:15:26.135] [DEBUG] debug-file - env: daemon=false
[2026-09-18T19:15:27.222] [DEBUG] debug-file - Task 'entry:default@ProcessStartupConfig' cost while wrapping incremental declarations: 1 ms 
[2026-09-18T19:15:26.265] [DEBUG] debug-file - Cache service initialization finished in 1 ms 
[2026-09-18T19:15:27.050] [DEBUG] debug-file - Plugin build process completed
[2026-09-18T19:15:27.051] [DEBUG] debug-file - Product 'default' build option initialized
[2026-09-18T19:15:27.075] [DEBUG] debug-file - hvigorfile, no custom plugins were found in /Users/abhi/Desktop/HarmonyOS Ports/OpenTwit-Web/hvigorfile.ts
[2026-09-18T19:15:27.083] [DEBUG] debug-file - Module 'entry' target 'default' build option initialized
[2026-09-18T19:15:26.972] [DEBUG] debug-file - App plugin prepare end...
[2026-09-18T19:15:27.097] [DEBUG] debug-file - Task 'entry:default@PreBuild' cost while wrapping incremental declarations: 1 ms 
[2026-09-18T19:15:27.157] [DEBUG] debug-file - runTaskFromQueue task cost before running: 895 ms 
[2026-09-18T19:15:27.160] [DEBUG] debug-file - entry : default@GeneratePkgContextInfo cost memory 0.43151092529296875
[2026-09-18T19:15:27.162] [DEBUG] debug-file - runTaskFromQueue task cost before running: 900 ms 
[2026-09-18T19:15:27.152] [DEBUG] debug-file - entry : default@GenerateMetadata cost memory 0.06036376953125
[2026-09-18T19:15:27.163] [DEBUG] debug-file - runTaskFromQueue task cost before running: 901 ms 
[2026-09-18T19:15:27.164] [DEBUG] debug-file - entry : default@MakePackInfo cost memory 0.08574676513671875
[2026-09-18T19:15:27.170] [DEBUG] debug-file - [
  '/Users/abhi/Developer/command-line-tools/tool/node/bin/node',
  '/Users/abhi/.ohos/sdk-remap/24/ets/build-tools/ets-loader/bin/ark/ts2abc.js',
  '--target-api-version',
  '24'
]
[2026-09-18T19:15:27.156] [DEBUG] debug-file - entry : default@CreateBuildProfile cost memory 0.06246185302734375
[2026-09-18T19:15:27.221] [DEBUG] debug-file - runTaskFromQueue task cost before running: 959 ms 
[2026-09-18T19:15:27.222] [DEBUG] debug-file - runTaskFromQueue task cost before running: 960 ms 
[2026-09-18T19:15:27.168] [DEBUG] debug-file - A work dispatched to worker[9] failed because unable to get work from ready queue.
[2026-09-18T19:15:27.223] [DEBUG] debug-file - runTaskFromQueue task cost before running: 961 ms 
[2026-09-18T19:15:27.225] [DEBUG] debug-file - entry : default@ProcessResource cost memory 0.10552215576171875
[2026-09-18T19:15:27.231] [DEBUG] debug-file - entry : default@ProcessLibs cost memory 0.2725372314453125
[2026-09-18T19:15:27.088] [DEBUG] debug-file - Module entry's total dependency: 0
[2026-09-18T19:15:27.165] [DEBUG] debug-file - Task 'entry:default@SyscapTransform' cost while wrapping incremental declarations: 1 ms 
[2026-09-18T19:15:26.135] [DEBUG] debug-file - no-daemon, use the parent process.execArgv --max-old-space-size=8192,--max-semi-space-size=16,--expose-gc
[2026-09-18T19:15:27.091] [INFO] debug-file - Finished :entry:clean... after 1 ms 
[2026-09-18T19:15:27.087] [DEBUG] debug-file - Start to initialize dependency information.
[2026-09-18T19:15:27.228] [DEBUG] debug-file - entry : default@GenerateLoaderJson cost memory 0.49344635009765625
[2026-09-18T19:15:27.222] [DEBUG] debug-file - entry : default@ProcessStartupConfig cost memory 0.0523529052734375
[2026-09-18T19:15:26.266] [DEBUG] debug-file - hvigorfile, resolving /Users/abhi/Desktop/HarmonyOS Ports/OpenTwit-Web/hvigorfile.ts
[2026-09-18T19:15:27.051] [DEBUG] debug-file - End initialize project's product build option map with build mode 'debug'.
[2026-09-18T19:15:27.075] [DEBUG] debug-file - hvigorfile, resolve finished /Users/abhi/Desktop/HarmonyOS Ports/OpenTwit-Web/hvigorfile.ts
[2026-09-18T19:15:27.083] [DEBUG] debug-file - End initialize module-target build option map, moduleName=entry
[2026-09-18T19:15:27.147] [DEBUG] debug-file - current product is not Atomic service.
[2026-09-18T19:15:27.157] [INFO] debug-file - Finished :entry:default@PreCheckSyscap... after 1 ms 
[2026-09-18T19:15:27.152] [DEBUG] debug-file - runTaskFromQueue task cost before running: 890 ms 
[2026-09-18T19:15:27.163] [INFO] debug-file - Finished :entry:default@BuildNativeWithCmake... after 1 ms 
[2026-09-18T19:15:27.164] [DEBUG] debug-file - runTaskFromQueue task cost before running: 902 ms 
[2026-09-18T19:15:27.218] [DEBUG] debug-file - 24.0.0.0
[2026-09-18T19:15:27.156] [DEBUG] debug-file - runTaskFromQueue task cost before running: 894 ms 
[2026-09-18T19:15:27.221] [INFO] debug-file - Finished :entry:default@ProcessRouterMap... after 1 ms 
[2026-09-18T19:15:27.222] [INFO] debug-file - Finished :entry:default@ProcessShareConfig... after 1 ms 
[2026-09-18T19:15:27.168] [DEBUG] debug-file - Create  resident worker with id: 8.
[2026-09-18T19:15:27.223] [INFO] debug-file - Finished :entry:default@BuildNativeWithNinja... after 1 ms 
[2026-09-18T19:15:27.160] [DEBUG] debug-file - runTaskFromQueue task cost before running: 898 ms 
[2026-09-18T19:15:27.231] [DEBUG] debug-file - runTaskFromQueue task cost before running: 969 ms 
[2026-09-18T19:15:27.089] [DEBUG] debug-file - Configuration phase cost:824 ms 
[2026-09-18T19:15:27.163] [INFO] debug-file - Finished :entry:default@ProcessIntegratedHsp... after 1 ms 
[2026-09-18T19:15:27.087] [DEBUG] debug-file - Module OpenTwit-Web Collected Dependency: 
[2026-09-18T19:15:27.225] [DEBUG] debug-file - runTaskFromQueue task cost before running: 963 ms 
[2026-09-18T19:15:27.222] [DEBUG] debug-file - runTaskFromQueue task cost before running: 960 ms 
[2026-09-18T19:15:26.972] [DEBUG] debug-file - App plugin creating...
[2026-09-18T19:15:27.075] [DEBUG] debug-file - hvigorfile, resolving /Users/abhi/Desktop/HarmonyOS Ports/OpenTwit-Web/entry/hvigorfile.ts
[2026-09-18T19:15:27.083] [DEBUG] debug-file - Start initialize module-target build option map, moduleName=entry, buildMode=release
[2026-09-18T19:15:27.147] [DEBUG] debug-file - Use tool [darwin: JAVA_HOME, CLASSPATH]
 [
  {
    JAVA_HOME: '/opt/homebrew/opt/openjdk@17/libexec/openjdk.jdk/Contents/Home'
  },
  { CLASSPATH: undefined }
]
[2026-09-18T19:15:27.152] [INFO] debug-file - Finished :entry:default@GenerateMetadata... after 2 ms 
[2026-09-18T19:15:27.164] [INFO] debug-file - Finished :entry:default@MakePackInfo... after 1 ms 
[2026-09-18T19:15:27.218] [DEBUG] debug-file - No need to add fake ui ability because of not in preview process.
[2026-09-18T19:15:27.156] [INFO] debug-file - Finished :entry:default@CreateBuildProfile... after 1 ms 
[2026-09-18T19:15:27.168] [DEBUG] debug-file - default@SyscapTransform work[0] has been dispatched to worker[8].
[2026-09-18T19:15:27.224] [DEBUG] debug-file - restool module names: entry; moduleName=entry, taskName=default@ProcessResource
[2026-09-18T19:15:27.160] [INFO] debug-file - Finished :entry:default@GeneratePkgContextInfo... after 3 ms 
[2026-09-18T19:15:27.090] [DEBUG] debug-file - Configuration task cost before running: 828 ms 
[2026-09-18T19:15:27.228] [DEBUG] debug-file - runTaskFromQueue task cost before running: 966 ms 
[2026-09-18T19:15:27.222] [INFO] debug-file - Finished :entry:default@ProcessStartupConfig... after 1 ms 
[2026-09-18T19:15:27.078] [DEBUG] debug-file - hvigorfile, require result:  { default: { system: [Function: hapTasks], plugins: [] } }
[2026-09-18T19:15:27.231] [INFO] debug-file - Finished :entry:default@ProcessLibs... after 3 ms 
[2026-09-18T19:15:27.147] [DEBUG] debug-file - Use tool [darwin: NODE_HOME]
 [ { NODE_HOME: undefined } ]
[2026-09-18T19:15:27.153] [DEBUG] debug-file - Executing task :entry:default@ConfigureCmake
[2026-09-18T19:15:27.219] [DEBUG] debug-file - entry : default@ProcessProfile cost memory 0.2255706787109375
[2026-09-18T19:15:27.226] [INFO] debug-file - Finished :entry:default@ProcessResource... after 2 ms 
[2026-09-18T19:15:27.169] [DEBUG] debug-file - default@SyscapTransform work[0] is dispatched.
[2026-09-18T19:15:27.161] [DEBUG] debug-file - Executing task :entry:default@GeneratePkgSdkInfo
[2026-09-18T19:15:27.090] [DEBUG] debug-file - Executing task :entry:clean
[2026-09-18T19:15:27.228] [INFO] debug-file - Finished :entry:default@GenerateLoaderJson... after 2 ms 
[2026-09-18T19:15:27.083] [DEBUG] debug-file - Target 'default' config initialized
[2026-09-18T19:15:27.231] [DEBUG] debug-file - restool module names: entry; moduleName=entry, taskName=default@CompileResource
[2026-09-18T19:15:27.148] [DEBUG] debug-file - entry : default@PreBuild cost memory 16.62940216064453
[2026-09-18T19:15:27.087] [DEBUG] debug-file - Module OpenTwit-Web's total dependency: 0
[2026-09-18T19:15:27.219] [DEBUG] debug-file - runTaskFromQueue task cost before running: 957 ms 
[2026-09-18T19:15:27.078] [DEBUG] debug-file - hvigorfile, binding system plugins [Function: hapTasks]
[2026-09-18T19:15:27.161] [DEBUG] debug-file - Task 'entry:default@GeneratePkgSdkInfo' cost while wrapping incremental declarations: 1 ms 
[2026-09-18T19:15:27.091] [DEBUG] debug-file - clean: Worker pool is inactive.
[2026-09-18T19:15:27.083] [DEBUG] debug-file - Module 'entry' target 'default' build option initialized
[2026-09-18T19:15:27.148] [DEBUG] debug-file - runTaskFromQueue task cost before running: 886 ms 
[2026-09-18T19:15:27.169] [DEBUG] debug-file - entry : default@SyscapTransform cost memory 1.2213363647460938
[2026-09-18T19:15:27.078] [DEBUG] debug-file - Starting plugin build process
[2026-09-18T19:15:27.161] [DEBUG] debug-file - entry : default@GeneratePkgSdkInfo cost memory 0.083709716796875
[2026-09-18T19:15:27.083] [DEBUG] debug-file - End initialize module-target build option map, moduleName=entry
[2026-09-18T19:15:27.148] [INFO] debug-file - Finished :entry:default@PreBuild... after 53 ms 
[2026-09-18T19:15:27.078] [DEBUG] debug-file - Hap plugin creating...
[2026-09-18T19:15:27.153] [DEBUG] debug-file - entry : default@ConfigureCmake cost memory 0.01203155517578125
[2026-09-18T19:15:27.083] [DEBUG] debug-file - Start initialize module-target build option map, moduleName=entry, buildMode=debug
[2026-09-18T19:15:27.148] [DEBUG] debug-file - Executing task :entry:default@CreateModuleInfo
[2026-09-18T19:15:27.219] [INFO] debug-file - Finished :entry:default@ProcessProfile... after 50 ms 
[2026-09-18T19:15:27.161] [DEBUG] debug-file - runTaskFromQueue task cost before running: 899 ms 
[2026-09-18T19:15:27.153] [DEBUG] debug-file - runTaskFromQueue task cost before running: 891 ms 
[2026-09-18T19:15:27.148] [DEBUG] debug-file - Task 'entry:default@CreateModuleInfo' cost while wrapping incremental declarations: 1 ms 
[2026-09-18T19:15:27.083] [DEBUG] debug-file - Target 'default' config initialized
[2026-09-18T19:15:27.153] [INFO] debug-file - Finished :entry:default@ConfigureCmake... after 1 ms 
[2026-09-18T19:15:27.162] [INFO] debug-file - Finished :entry:default@GeneratePkgSdkInfo... after 1 ms 
[2026-09-18T19:15:27.148] [DEBUG] debug-file - entry : default@CreateModuleInfo cost memory 0.03582000732421875
[2026-09-18T19:15:27.083] [DEBUG] debug-file - Module 'entry' target 'default' build option initialized
[2026-09-18T19:15:27.154] [DEBUG] debug-file - Executing task :entry:default@MergeProfile
[2026-09-18T19:15:27.083] [DEBUG] debug-file - End initialize module-target build option map, moduleName=entry
[2026-09-18T19:15:27.154] [DEBUG] debug-file - Task 'entry:default@MergeProfile' cost while wrapping incremental declarations: 1 ms 
[2026-09-18T19:15:27.148] [DEBUG] debug-file - runTaskFromQueue task cost before running: 886 ms 
[2026-09-18T19:15:27.083] [DEBUG] debug-file - Obtain build option for module 'entry' target 'default'in this build.
[2026-09-18T19:15:27.154] [DEBUG] debug-file - Change app api release type with 'Release'
[2026-09-18T19:15:27.085] [DEBUG] debug-file - Module entry task initialization takes 2 ms 
[2026-09-18T19:15:27.148] [INFO] debug-file - Finished :entry:default@CreateModuleInfo... after 1 ms 
[2026-09-18T19:15:27.154] [DEBUG] debug-file - Change app compile API version with '6.1.1.125'
[2026-09-18T19:15:27.085] [DEBUG] debug-file - Hap plugin register hook start...
[2026-09-18T19:15:27.154] [DEBUG] debug-file - Change app target API version with '24'
[2026-09-18T19:15:27.085] [DEBUG] debug-file - Hap plugin register hook end...
[2026-09-18T19:15:27.154] [DEBUG] debug-file - Change app minimum API version with '24'
[2026-09-18T19:15:27.085] [DEBUG] debug-file - Plugin build process completed
[2026-09-18T19:15:27.154] [DEBUG] debug-file - Use cli appEnvironment
[2026-09-18T19:15:27.085] [DEBUG] debug-file - hvigorfile, begin to bind custom plugins...
[2026-09-18T19:15:27.155] [DEBUG] debug-file - entry : default@MergeProfile cost memory 0.12006378173828125
[2026-09-18T19:15:27.085] [DEBUG] debug-file - hvigorfile, no custom plugins were found in /Users/abhi/Desktop/HarmonyOS Ports/OpenTwit-Web/entry/hvigorfile.ts
[2026-09-18T19:15:27.155] [DEBUG] debug-file - runTaskFromQueue task cost before running: 893 ms 
[2026-09-18T19:15:27.085] [DEBUG] debug-file - hvigorfile, resolve finished /Users/abhi/Desktop/HarmonyOS Ports/OpenTwit-Web/entry/hvigorfile.ts
[2026-09-18T19:15:27.155] [INFO] debug-file - Finished :entry:default@MergeProfile... after 2 ms 
[2026-09-18T19:15:27.247] [DEBUG] debug-file - Info: Pack: normal pack mode

[2026-09-18T19:15:27.247] [DEBUG] debug-file - Warning: 'extensionPath' value cannot be empty.
at /Users/abhi/Desktop/HarmonyOS Ports/OpenTwit-Web/entry/build/default/intermediates/res/default/opt-compression.json

[2026-09-18T19:15:27.272] [DEBUG] debug-file - Info: hardware concurrency count is : 10
Info: thread count is : 10

[2026-09-18T19:15:27.272] [DEBUG] debug-file - Info: thread pool is started

[2026-09-18T19:15:27.272] [DEBUG] debug-file - Info: GenericCompiler::CompileFiles

[2026-09-18T19:15:27.273] [DEBUG] debug-file - Info: GenericCompiler::CompileFiles

[2026-09-18T19:15:27.273] [DEBUG] debug-file - Warning: '/Users/abhi/Desktop/HarmonyOS Ports/OpenTwit-Web/entry/src/main/resources/base/media/app_icon.png' is defined repeatedly.

[2026-09-18T19:15:27.273] [DEBUG] debug-file - Info: GenericCompiler::CompileFiles

[2026-09-18T19:15:27.273] [DEBUG] debug-file - Info: scale icon is not enable.

[2026-09-18T19:15:27.274] [DEBUG] debug-file - Info: restool resources compile success.

[2026-09-18T19:15:27.274] [DEBUG] debug-file - Info: thread pool is stopped

[2026-09-18T19:15:27.275] [DEBUG] debug-file - entry : default@CompileResource cost memory 1.9394912719726562
[2026-09-18T19:15:27.275] [DEBUG] debug-file - runTaskFromQueue task cost before running: 1 s 13 ms 
[2026-09-18T19:15:27.276] [DEBUG] debug-file - Executing task :entry:default@DoNativeStrip
[2026-09-18T19:15:27.276] [INFO] debug-file - Finished :entry:default@CompileResource... after 45 ms 
[2026-09-18T19:15:27.276] [DEBUG] debug-file - File: '/Users/abhi/Desktop/HarmonyOS Ports/OpenTwit-Web/entry/build/default/intermediates/binxo/default' from 'doBinxoNativeLibs' is not exists, just ignore.
[2026-09-18T19:15:27.276] [DEBUG] debug-file - Task 'entry:default@DoNativeStrip' cost while wrapping incremental declarations: 1 ms 
[2026-09-18T19:15:27.277] [DEBUG] debug-file - entry : default@DoNativeStrip cost memory 0.31011962890625
[2026-09-18T19:15:27.277] [DEBUG] debug-file - runTaskFromQueue task cost before running: 1 s 15 ms 
[2026-09-18T19:15:27.278] [DEBUG] debug-file - Executing task :entry:default@CompileArkTS
[2026-09-18T19:15:27.284] [DEBUG] debug-file - Executing task :entry:default@CacheNativeLibs
[2026-09-18T19:15:27.278] [DEBUG] debug-file - obfuscationOptions: undefined
[2026-09-18T19:15:27.277] [INFO] debug-file - Finished :entry:default@DoNativeStrip... after 1 ms 
[2026-09-18T19:15:27.284] [DEBUG] debug-file - File: '/Users/abhi/Desktop/HarmonyOS Ports/OpenTwit-Web/entry/build/default/intermediates/binxo/default' from 'cacheBinxoNativeLibs' is not exists, just ignore.
[2026-09-18T19:15:27.283] [DEBUG] debug-file - Executing task :entry:default@BuildJS
[2026-09-18T19:15:27.284] [DEBUG] debug-file - Task 'entry:default@CacheNativeLibs' cost while wrapping incremental declarations: 1 ms 
[2026-09-18T19:15:27.278] [DEBUG] debug-file - Task 'entry:default@CompileArkTS' cost while wrapping incremental declarations: 1 ms 
[2026-09-18T19:15:27.283] [DEBUG] debug-file - Task 'entry:default@BuildJS' cost while wrapping incremental declarations: 1 ms 
[2026-09-18T19:15:27.284] [DEBUG] debug-file - default@CacheNativeLibs work[3] is submitted.
[2026-09-18T19:15:27.282] [DEBUG] debug-file - build config:
[2026-09-18T19:15:27.284] [DEBUG] debug-file - entry : default@BuildJS cost memory 0.113037109375
[2026-09-18T19:15:27.284] [DEBUG] debug-file - default@CacheNativeLibs work[3] is pushed to ready queue.
[2026-09-18T19:15:27.282] [DEBUG] debug-file - {
  moduleType: 'entry',
  perf: 0,
  targetName: '.default',
  packageManagerType: 'ohpm',
  localPropertiesPath: '/Users/abhi/Desktop/HarmonyOS Ports/OpenTwit-Web/local.properties',
  isPreview: false,
  isOhosTest: false,
  isLocalTest: false,
  buildMode: 'Debug',
  hotReloadBuild: undefined,
  watchMode: 'false',
  aceProfilePath: '/Users/abhi/Desktop/HarmonyOS Ports/OpenTwit-Web/entry/build/default/intermediates/res/default/resources/base/profile',
  etsLoaderPath: '/Users/abhi/Developer/command-line-tools/sdk/default/openharmony/ets/build-tools/ets-loader',
  modulePath: '/Users/abhi/Desktop/HarmonyOS Ports/OpenTwit-Web/entry',
  testFrameworkPar: {
    testMode: undefined,
    coveragePathFilter: undefined,
    coverageMode: undefined
  },
  needCoverageInsert: false,
  debugLine: false,
  projectTopDir: '/Users/abhi/Desktop/HarmonyOS Ports/OpenTwit-Web',
  compileSdkVersion: 24,
  compatibleSdkVersion: 24,
  originCompatibleSdkVersion: 24,
  compatibleSdkVersionStage: undefined,
  bundleName: 'c***t',
  etsLoaderVersion: '6.1.1.125',
  etsLoaderReleaseType: 'Release',
  aotCompileMode: 'type',
  apPath: '/Users/abhi/Desktop/HarmonyOS Ports/OpenTwit-Web/entry/modules.ap',
  entryModuleName: 'entry',
  entryModuleVersion: '1.0.0',
  entryPackageName: 'entry',
  allModuleNameHash: 'a660c64699cc15ae89ec0a8db121631e43f9cac40a33c65ab3bb5b24a32a70f0',
  externalApiPaths: [],
  compilerTypes: [],
  isCrossplatform: false,
  hvigorPluginFile: undefined,
  compilePluginPath: undefined,
  buildGeneratedProfilePath: '/Users/abhi/Desktop/HarmonyOS Ports/OpenTwit-Web/entry/build/default/generated/profile/default',
  bundleType: 'app',
  arkTSVersion: undefined,
  apiVersion: 24,
  needCompleteSourcesMap: false,
  isFaMode: false,
  buildDir: '/Users/abhi/Desktop/HarmonyOS Ports/OpenTwit-Web/entry/build',
  deviceTypes: [ 'default', 'tablet' ],
  pkgContextInfo: undefined,
  ohPackagePathMap: {},
  dependencyAliasMap: {},
  permission: { requestPermissions: [ [Object] ], definePermissions: undefined },
  useGetCurrentBundleName: false,
  projectArkOption: undefined,
  sourceMapDir: undefined,
  branchElimination: false,
  transformLib: undefined,
  tsImportSendable: false,
  resolveConflictMode: true,
  depName2RootPath: {},
  depName2DepInfo: {},
  depName2OhExports: {},
  rootPathSet: [ '/Users/abhi/Desktop/HarmonyOS Ports/OpenTwit-Web' ],
  useNativeResolver: true,
  shouldEmitJs: true,
  useTscResolve: false,
  singleFileEmit: false,
  userProjectConfig: {
    autoLazyImport: false,
    allowEmptyBundleName: false,
    reExportCheckMode: 'noCheck',
    executionMode: 'memory',
    usePathPlaceholder: false,
    writeRollupCache: true,
    isExpandImportEnabled: false,
    expandImportExclude: '',
    lazyImportExclude: '',
    lazyImportInclude: '',
    ignoreCrossplatformCheck: false,
    isHarDeduplicateEnabled: false,
    skipOhModulesLint: false,
    enableStrictCheckOHModule: false,
    disableSendableCheckRules: [],
    useDeclarationFileSignature: false,
    customizedOptions: undefined,
    integratedHsp: false,
    isPreloadSoEnabled: false
  },
  executionMode: 'memory',
  arkCompileCachePath: '/Users/abhi/Desktop/HarmonyOS Ports/OpenTwit-Web/entry/build/default/cache/default/default@CompileArkTS/esmodule',
  autoLazyFilter: undefined,
  isHarDeduplicateEnabled: false,
  intermediateHarDuplicateDirPath: '/Users/abhi/Desktop/HarmonyOS Ports/OpenTwit-Web/entry/build/default/intermediates/har_duplicate/default',
  autoLazyImport: false,
  allowEmptyBundleName: false,
  reExportCheckMode: 'noCheck',
  usePathPlaceholder: false,
  writeRollupCache: true,
  isExpandImportEnabled: false,
  expandImportExclude: '',
  lazyImportExclude: '',
  lazyImportInclude: '',
  ignoreCrossplatformCheck: false,
  skipOhModulesLint: false,
  enableStrictCheckOHModule: false,
  disableSendableCheckRules: [],
  useDeclarationFileSignature: false,
  customizedOptions: undefined,
  integratedHsp: false,
  isPreloadSoEnabled: false,
  strictMode: undefined,
  useNormalizedOHMUrl: false,
  caseSensitiveCheck: false,
  strictCheckerOnly: false,
  aceModuleJsonPath: '/Users/abhi/Desktop/HarmonyOS Ports/OpenTwit-Web/entry/build/default/intermediates/res/default/ark_module.json',
  appResource: '/Users/abhi/Desktop/HarmonyOS Ports/OpenTwit-Web/entry/build/default/intermediates/res/default/ResourceTable.txt',
  rawFileResource: '/Users/abhi/Desktop/HarmonyOS Ports/OpenTwit-Web/entry/build/default/intermediates/res/default/resources/rawfile',
  resourceTableHash: 'f67e0d919ec8c0fe011b5b7c9eeba01603de4b734f1e4e324c949cae2b665239',
  runtimeOS: 'OpenHarmony',
  sdkInfo: 'true:24:6.1.1.125:Release',
  aceModuleRoot: '/Users/abhi/Desktop/HarmonyOS Ports/OpenTwit-Web/entry/src/main/ets',
  compileMode: 'esmodule',
  aceSuperVisualPath: '/Users/abhi/Desktop/HarmonyOS Ports/OpenTwit-Web/entry/src/main/supervisual',
  aceBuildJson: '/Users/abhi/Desktop/HarmonyOS Ports/OpenTwit-Web/entry/build/default/intermediates/loader/default/loader.json',
  cachePath: '/Users/abhi/Desktop/HarmonyOS Ports/OpenTwit-Web/entry/build/default/cache/default/default@CompileArkTS/esmodule/debug',
  aceModuleBuild: '/Users/abhi/Desktop/HarmonyOS Ports/OpenTwit-Web/entry/build/default/intermediates/loader_out/default/ets',
  supportChunks: true,
  declaredFilesPath: undefined,
  shouldCollectDirectImportees: false,
  isByteCodeHarOptimize: false,
  expandImportPath: undefined,
  resourceTableTs: '/Users/abhi/Desktop/HarmonyOS Ports/OpenTwit-Web/entry/build/default/generated/r/default/ResourceTable.ts',
  moduleMetaInfoFiles: [
    {
      filePath: '/Users/abhi/Desktop/HarmonyOS Ports/OpenTwit-Web/entry/build/default/generated/r/default/ResourceTable.ts',
      ohmurl: 'com.example.opentwit/entry/build/generated/r/ResourceTable'
    }
  ],
  pkgNameToPkgBriefInfo: {
    entry: {
      pkgRoot: '/Users/abhi/Desktop/HarmonyOS Ports/OpenTwit-Web/entry',
      originalSourceRoots: undefined,
      sourceRoots: [Array],
      pkgName: 'entry'
    }
  },
  projectModel: {
    '/Users/abhi/Desktop/HarmonyOS Ports/OpenTwit-Web/entry/src/main': {
      moduleName: 'entry',
      modulePkgPath: '/Users/abhi/Desktop/HarmonyOS Ports/OpenTwit-Web/entry',
      belongProjectPath: '/Users/abhi/Desktop/HarmonyOS Ports/OpenTwit-Web'
    },
    '/Users/abhi/Desktop/HarmonyOS Ports/OpenTwit-Web/entry': {
      moduleName: 'entry',
      modulePkgPath: '/Users/abhi/Desktop/HarmonyOS Ports/OpenTwit-Web/entry',
      belongProjectPath: '/Users/abhi/Desktop/HarmonyOS Ports/OpenTwit-Web'
    },
    '/Users/abhi/Desktop/HarmonyOS Ports/OpenTwit-Web': {
      moduleName: 'OpenTwit-Web',
      modulePkgPath: '/Users/abhi/Desktop/HarmonyOS Ports/OpenTwit-Web',
      belongProjectPath: '/Users/abhi/Desktop/HarmonyOS Ports/OpenTwit-Web'
    }
  },
  pkgJsonFileHash: '609e42aafe57c1140ce946bba289e7e1f03709e595812d94d07acc55c62a42dd',
  allModulePaths: [ '/Users/abhi/Desktop/HarmonyOS Ports/OpenTwit-Web/entry' ],
  routerMap: {},
  obfuscationOptions: undefined,
  byteCodeHarToDependencyKeys: undefined,
  compileBlockPkg: [],
  mockParams: {
    decorator: '@MockSetup',
    packageName: '@ohos/hamock',
    etsSourceRootPath: 'src/main/ets',
    mockConfigPath: undefined,
    mockConfigKey2ModuleInfo: {},
    source2ModuleIdMap: {}
  },
  copyCodeResourceEnable: true,
  copyCodeResourceExcludes: [],
  copyCodeResourceIncludes: undefined,
  uiTransformOptimization: false,
  sdkPath: '/Users/abhi/.ohos/sdk-remap',
  needPreloadSoFileSet: {},
  preloadSoFilePath: '/Users/abhi/Desktop/HarmonyOS Ports/OpenTwit-Web/entry/build/default/intermediates/preload/default/preload.json',
  useSourceHash: false,
  localModuleParamMap: {},
  otherPaths: {
    'entry/*': [ '../*', '../../../build/default/generated/profile/default/*' ]
  },
  collectImportersConfig: undefined
}
[2026-09-18T19:15:27.284] [DEBUG] debug-file - runTaskFromQueue task cost before running: 1 s 22 ms 
[2026-09-18T19:15:27.285] [DEBUG] debug-file - A work dispatched to worker[9] failed because unable to get work from ready queue.
[2026-09-18T19:15:27.282] [DEBUG] debug-file - default@CompileArkTS work[1] is submitted.
[2026-09-18T19:15:27.284] [INFO] debug-file - Finished :entry:default@BuildJS... after 1 ms 
[2026-09-18T19:15:27.285] [DEBUG] debug-file - A work dispatched to worker[8] failed because of worker busy.
[2026-09-18T19:15:27.282] [DEBUG] debug-file - default@CompileArkTS work[1] is pushed to ready queue.
[2026-09-18T19:15:27.285] [DEBUG] debug-file - A work dispatched to worker[7] failed because of worker busy.
[2026-09-18T19:15:27.282] [DEBUG] debug-file - A work dispatched to worker[9] failed because unable to get work from ready queue.
[2026-09-18T19:15:27.285] [DEBUG] debug-file - Create  resident worker with id: 6.
[2026-09-18T19:15:27.282] [DEBUG] debug-file - A work dispatched to worker[8] failed because of worker busy.
[2026-09-18T19:15:27.285] [DEBUG] debug-file - default@CacheNativeLibs work[3] has been dispatched to worker[6].
[2026-09-18T19:15:27.282] [DEBUG] debug-file - A work dispatched to worker[7] failed because unable to get work from ready queue.
[2026-09-18T19:15:27.285] [DEBUG] debug-file - default@CacheNativeLibs work[3] is dispatched.
[2026-09-18T19:15:27.282] [DEBUG] debug-file - A work dispatched to worker[6] failed because unable to get work from ready queue.
[2026-09-18T19:15:27.285] [DEBUG] debug-file - entry : default@CacheNativeLibs cost memory 0.13503265380859375
[2026-09-18T19:15:27.282] [DEBUG] debug-file - A work dispatched to worker[5] failed because unable to get work from ready queue.
[2026-09-18T19:15:27.282] [DEBUG] debug-file - Create  resident worker with id: 4.
[2026-09-18T19:15:27.283] [DEBUG] debug-file - default@CompileArkTS work[1] has been dispatched to worker[4].
[2026-09-18T19:15:27.283] [DEBUG] debug-file - default@CompileArkTS work[1] is dispatched.
[2026-09-18T19:15:27.283] [DEBUG] debug-file - CopyResources startTime: 13533770738125
[2026-09-18T19:15:27.283] [DEBUG] debug-file - default@CompileArkTS work[2] is submitted.
[2026-09-18T19:15:27.283] [DEBUG] debug-file - default@CompileArkTS work[2] is pushed to ready queue.
[2026-09-18T19:15:27.283] [DEBUG] debug-file - A work dispatched to worker[9] failed because unable to get work from ready queue.
[2026-09-18T19:15:27.283] [DEBUG] debug-file - A work dispatched to worker[8] failed because of worker busy.
[2026-09-18T19:15:27.283] [DEBUG] debug-file - Create  resident worker with id: 7.
[2026-09-18T19:15:27.283] [DEBUG] debug-file - default@CompileArkTS work[2] has been dispatched to worker[7].
[2026-09-18T19:15:27.283] [DEBUG] debug-file - default@CompileArkTS work[2] is dispatched.
[2026-09-18T19:15:27.283] [DEBUG] debug-file - entry : default@CompileArkTS cost memory 1.4475021362304688
[2026-09-18T19:15:27.431] [DEBUG] debug-file - current process  memoryUsage: {
  rss: 553484288,
  heapTotal: 80773120,
  heapUsed: 53211864,
  external: 2306328,
  arrayBuffers: 152874
} os memoryUsage :15.938583374023438
[2026-09-18T19:15:27.436] [DEBUG] debug-file - worker[8] has one work done.
[2026-09-18T19:15:27.436] [DEBUG] debug-file - default@SyscapTransform work[0] done.
[2026-09-18T19:15:27.437] [INFO] debug-file - Finished :entry:default@SyscapTransform... after 10 ms 
[2026-09-18T19:15:27.529] [DEBUG] debug-file - worker[7] has one work done.
[2026-09-18T19:15:27.529] [DEBUG] debug-file - CopyResources is end, endTime: 13534016916500
[2026-09-18T19:15:27.529] [DEBUG] debug-file - default@CompileArkTS work[2] done.
[2026-09-18T19:15:27.563] [DEBUG] debug-file - worker[6] has one work done.
[2026-09-18T19:15:27.563] [DEBUG] debug-file - default@CacheNativeLibs work[3] done.
[2026-09-18T19:15:27.563] [INFO] debug-file - Finished :entry:default@CacheNativeLibs... after 4 ms 
[2026-09-18T19:15:27.630] [DEBUG] debug-file - A work dispatched to worker[7] failed because unable to get work from ready queue.
[2026-09-18T19:15:27.637] [DEBUG] debug-file - A work dispatched to worker[8] failed because unable to get work from ready queue.
[2026-09-18T19:15:27.664] [DEBUG] debug-file - A work dispatched to worker[6] failed because unable to get work from ready queue.
[2026-09-18T19:15:30.084] [DEBUG] debug-file - worker[4] has one work error.
[2026-09-18T19:15:30.084] [DEBUG] debug-file - Ark compile task finished.finished time is 13536571957333
[2026-09-18T19:15:30.084] [DEBUG] debug-file - default@CompileArkTS work[1] failed.
[2026-09-18T19:15:30.084] [ERROR] debug-file - Failed :entry:default@CompileArkTS... 
[2026-09-18T19:15:30.084] [WARN] debug-file - 
[33m1 WARN: [33m[33mArkTS:WARN File: /Users/abhi/Desktop/HarmonyOS Ports/OpenTwit-Web/entry/src/main/ets/services/WebTimeline.ets:44:54
 Usage of 'ESObject' type is restricted (arkts-limited-esobj)
[39m[39m
[33m2 WARN: [33m[33mArkTS:WARN File: /Users/abhi/Desktop/HarmonyOS Ports/OpenTwit-Web/entry/src/main/ets/services/WebTimeline.ets:74:17
 Usage of 'ESObject' type is restricted (arkts-limited-esobj)
[39m[39m
[33m3 WARN: [33m[33mArkTS:WARN File: /Users/abhi/Desktop/HarmonyOS Ports/OpenTwit-Web/entry/src/main/ets/services/WebTimeline.ets:81:25
 Usage of 'ESObject' type is restricted (arkts-limited-esobj)
[39m[39m
[33m4 WARN: [33m[33mArkTS:WARN File: /Users/abhi/Desktop/HarmonyOS Ports/OpenTwit-Web/entry/src/main/ets/services/WebTimeline.ets:89:17
 Usage of 'ESObject' type is restricted (arkts-limited-esobj)
[39m[39m
[33m5 WARN: [33m[33mArkTS:WARN File: /Users/abhi/Desktop/HarmonyOS Ports/OpenTwit-Web/entry/src/main/ets/services/WebTimeline.ets:94:19
 Usage of 'ESObject' type is restricted (arkts-limited-esobj)
[39m[39m
[33m6 WARN: [33m[33mArkTS:WARN File: /Users/abhi/Desktop/HarmonyOS Ports/OpenTwit-Web/entry/src/main/ets/services/WebTimeline.ets:100:17
 Usage of 'ESObject' type is restricted (arkts-limited-esobj)
[39m[39m
[33m7 WARN: [33m[33mArkTS:WARN File: /Users/abhi/Desktop/HarmonyOS Ports/OpenTwit-Web/entry/src/main/ets/services/WebTimeline.ets:107:19
 Usage of 'ESObject' type is restricted (arkts-limited-esobj)
[39m[39m
[33m8 WARN: [33m[33mArkTS:WARN File: /Users/abhi/Desktop/HarmonyOS Ports/OpenTwit-Web/entry/src/main/ets/services/WebTimeline.ets:116:17
 Usage of 'ESObject' type is restricted (arkts-limited-esobj)
[39m[39m
[33m9 WARN: [33m[33mArkTS:WARN File: /Users/abhi/Desktop/HarmonyOS Ports/OpenTwit-Web/entry/src/main/ets/services/WebTimeline.ets:123:19
 Usage of 'ESObject' type is restricted (arkts-limited-esobj)
[39m[39m
[33m10 WARN: [33m[33mArkTS:WARN File: /Users/abhi/Desktop/HarmonyOS Ports/OpenTwit-Web/entry/src/main/ets/services/WebTimeline.ets:130:36
 Usage of 'ESObject' type is restricted (arkts-limited-esobj)
[39m[39m
[33m11 WARN: [33m[33mArkTS:WARN: For details about ArkTS syntax errors, see FAQs[39m[39m
[33m12 WARN: [33m[33mArkTS:WARN File: /Users/abhi/Desktop/HarmonyOS Ports/OpenTwit-Web/entry/src/main/ets/common/TokenStore.ets:9:18
 Function may throw exceptions. Special handling is required.
[39m[39m
[33m13 WARN: [33m[33mArkTS:WARN File: /Users/abhi/Desktop/HarmonyOS Ports/OpenTwit-Web/entry/src/main/ets/common/TokenStore.ets:14:11
 Function may throw exceptions. Special handling is required.
[39m[39m
[33m14 WARN: [33m[33mArkTS:WARN File: /Users/abhi/Desktop/HarmonyOS Ports/OpenTwit-Web/entry/src/main/ets/common/TokenStore.ets:15:11
 Function may throw exceptions. Special handling is required.
[39m[39m
[33m15 WARN: [33m[33mArkTS:WARN File: /Users/abhi/Desktop/HarmonyOS Ports/OpenTwit-Web/entry/src/main/ets/common/TokenStore.ets:20:18
 Function may throw exceptions. Special handling is required.
[39m[39m
[33m16 WARN: [33m[33mArkTS:WARN File: /Users/abhi/Desktop/HarmonyOS Ports/OpenTwit-Web/entry/src/main/ets/common/TokenStore.ets:25:11
 Function may throw exceptions. Special handling is required.
[39m[39m
[33m17 WARN: [33m[33mArkTS:WARN File: /Users/abhi/Desktop/HarmonyOS Ports/OpenTwit-Web/entry/src/main/ets/common/TokenStore.ets:26:11
 Function may throw exceptions. Special handling is required.
[39m[39m
[33m18 WARN: [33m[33mArkTS:WARN File: /Users/abhi/Desktop/HarmonyOS Ports/OpenTwit-Web/entry/src/main/ets/common/TokenStore.ets:31:18
 Function may throw exceptions. Special handling is required.
[39m[39m
[33m19 WARN: [33m[33mArkTS:WARN File: /Users/abhi/Desktop/HarmonyOS Ports/OpenTwit-Web/entry/src/main/ets/pages/Home.ets:18:58
 'getContext' has been deprecated.
[39m[39m
[33m20 WARN: [33m[33mArkTS:WARN File: /Users/abhi/Desktop/HarmonyOS Ports/OpenTwit-Web/entry/src/main/ets/pages/Home.ets:24:56
 'getContext' has been deprecated.
[39m[39m
[33m21 WARN: [33m[33mArkTS:WARN File: /Users/abhi/Desktop/HarmonyOS Ports/OpenTwit-Web/entry/src/main/ets/pages/Explore.ets:16:57
 'getContext' has been deprecated.
[39m[39m
[33m22 WARN: [33m[33mArkTS:WARN File: /Users/abhi/Desktop/HarmonyOS Ports/OpenTwit-Web/entry/src/main/ets/pages/Notify.ets:14:57
 'getContext' has been deprecated.
[39m[39m
[33m23 WARN: [33m[33mArkTS:WARN File: /Users/abhi/Desktop/HarmonyOS Ports/OpenTwit-Web/entry/src/main/ets/pages/Messages.ets:13:57
 'getContext' has been deprecated.
[39m[39m
[33m24 WARN: [33m[33mArkTS:WARN File: /Users/abhi/Desktop/HarmonyOS Ports/OpenTwit-Web/entry/src/main/ets/pages/Profile.ets:11:49
 'getContext' has been deprecated.
[39m[39m
[33m25 WARN: [33m[33mArkTS:WARN File: /Users/abhi/Desktop/HarmonyOS Ports/OpenTwit-Web/entry/src/main/ets/pages/Profile.ets:65:22
 'pushUrl' has been deprecated.
[39m[39m
[33m26 WARN: [33m[33mArkTS:WARN File: /Users/abhi/Desktop/HarmonyOS Ports/OpenTwit-Web/entry/src/main/ets/pages/Login.ets:19:46
 'getContext' has been deprecated.
[39m[39m
[33m27 WARN: [33m[33mArkTS:WARN File: /Users/abhi/Desktop/HarmonyOS Ports/OpenTwit-Web/entry/src/main/ets/pages/Login.ets:23:18
 'pushUrl' has been deprecated.
[39m[39m
[33m28 WARN: [33mArkTS:WARN File: /Users/abhi/Desktop/HarmonyOS Ports/OpenTwit-Web/entry/src/main/ets/pages/Login.ets:4:1
 It's not a recommended way to export struct with '@Entry' decorator, which may cause ACE Engine error in component preview mode.[39m[39m
[33m29 WARN: [33mArkTS:WARN File: /Users/abhi/Desktop/HarmonyOS Ports/OpenTwit-Web/entry/src/main/ets/common/Theme.ets:16:1
 It's not a recommended way to export struct with '@Entry' decorator, which may cause ACE Engine error in component preview mode.[39m[39m
[2026-09-18T19:15:30.084] [DEBUG] debug-file - hvigor build process will be closed with an error.
[2026-09-18T19:15:30.092] [DEBUG] debug-file - ERROR: stacktrace = Error: ArkTS Compiler Error
[31m1 ERROR: [31m10505001 ArkTS Compiler Error
Error Message: Type 'Resource' is not assignable to type 'string'. At File: /Users/abhi/Desktop/HarmonyOS Ports/OpenTwit-Web/entry/src/main/ets/common/Theme.ets:19:12
[39m
[39m
[31m2 ERROR: [31m10505001 ArkTS Compiler Error
Error Message: Type 'Resource' is not assignable to type 'string'. At File: /Users/abhi/Desktop/HarmonyOS Ports/OpenTwit-Web/entry/src/main/ets/common/Theme.ets:28:3
[39m
[39m
[31m3 ERROR: [31m10505001 ArkTS Compiler Error
Error Message: Type 'Resource' is not assignable to type 'string'. At File: /Users/abhi/Desktop/HarmonyOS Ports/OpenTwit-Web/entry/src/main/ets/common/Theme.ets:33:3
[39m
[39m
[31m4 ERROR: [31m10505001 ArkTS Compiler Error
Error Message: Property 'Indeterminate' does not exist on type 'typeof ProgressType'. At File: /Users/abhi/Desktop/HarmonyOS Ports/OpenTwit-Web/entry/src/main/ets/components/LiveTweetList.ets:23:61
[39m
[39m
[31m5 ERROR: [31m10505001 ArkTS Compiler Error
Error Message: Property 'fontFamily' does not exist on type 'SearchAttribute'. At File: /Users/abhi/Desktop/HarmonyOS Ports/OpenTwit-Web/entry/src/main/ets/pages/Home.ets:44:14
[39m
[39m
[31m6 ERROR: [31m10505001 ArkTS Compiler Error
Error Message: Property 'shape' does not exist on type 'ButtonAttribute'. At File: /Users/abhi/Desktop/HarmonyOS Ports/OpenTwit-Web/entry/src/main/ets/pages/Home.ets:75:10
[39m
[39m
[31m7 ERROR: [31m10505001 ArkTS Compiler Error
Error Message: Property 'fontFamily' does not exist on type 'SearchAttribute'. At File: /Users/abhi/Desktop/HarmonyOS Ports/OpenTwit-Web/entry/src/main/ets/pages/Explore.ets:61:12
[39m
[39m
[31m8 ERROR: [31m10505001 ArkTS Compiler Error
Error Message: 'Rectangle' only refers to a type, but is being used as a value here. At File: /Users/abhi/Desktop/HarmonyOS Ports/OpenTwit-Web/entry/src/main/ets/pages/Profile.ets:25:11
[39m
[39m
[31m9 ERROR: [31m10505001 ArkTS Compiler Error
Error Message: Expected 1 arguments, but got 2. At File: /Users/abhi/Desktop/HarmonyOS Ports/OpenTwit-Web/entry/src/main/ets/pages/Profile.ets:31:38
[39m
[39m
[31m10 ERROR: [31m10505001 ArkTS Compiler Error
Error Message: Expected 0-1 arguments, but got 2. At File: /Users/abhi/Desktop/HarmonyOS Ports/OpenTwit-Web/entry/src/main/ets/pages/MainTabs.ets:30:9
[39m
[39m
[31m11 ERROR: [31m10505001 ArkTS Compiler Error
Error Message: Property 'ICON_AND_TEXT' does not exist on type 'typeof BottomTabBarStyle'. At File: /Users/abhi/Desktop/HarmonyOS Ports/OpenTwit-Web/entry/src/main/ets/pages/MainTabs.ets:30:48
[39m
[39m
[31m12 ERROR: [31m10505001 ArkTS Compiler Error
Error Message: Expected 0-1 arguments, but got 2. At File: /Users/abhi/Desktop/HarmonyOS Ports/OpenTwit-Web/entry/src/main/ets/pages/MainTabs.ets:35:9
[39m
[39m
[31m13 ERROR: [31m10505001 ArkTS Compiler Error
Error Message: Property 'ICON_AND_TEXT' does not exist on type 'typeof BottomTabBarStyle'. At File: /Users/abhi/Desktop/HarmonyOS Ports/OpenTwit-Web/entry/src/main/ets/pages/MainTabs.ets:35:48
[39m
[39m
[31m14 ERROR: [31m10505001 ArkTS Compiler Error
Error Message: Expected 0-1 arguments, but got 2. At File: /Users/abhi/Desktop/HarmonyOS Ports/OpenTwit-Web/entry/src/main/ets/pages/MainTabs.ets:40:9
[39m
[39m
[31m15 ERROR: [31m10505001 ArkTS Compiler Error
Error Message: Property 'ICON_AND_TEXT' does not exist on type 'typeof BottomTabBarStyle'. At File: /Users/abhi/Desktop/HarmonyOS Ports/OpenTwit-Web/entry/src/main/ets/pages/MainTabs.ets:40:48
[39m
[39m
[31m16 ERROR: [31m10505001 ArkTS Compiler Error
Error Message: Expected 0-1 arguments, but got 2. At File: /Users/abhi/Desktop/HarmonyOS Ports/OpenTwit-Web/entry/src/main/ets/pages/MainTabs.ets:45:9
[39m
[39m
[31m17 ERROR: [31m10505001 ArkTS Compiler Error
Error Message: Property 'ICON_AND_TEXT' does not exist on type 'typeof BottomTabBarStyle'. At File: /Users/abhi/Desktop/HarmonyOS Ports/OpenTwit-Web/entry/src/main/ets/pages/MainTabs.ets:45:48
[39m
[39m
[31m18 ERROR: [31m10505001 ArkTS Compiler Error
Error Message: Expected 0-1 arguments, but got 2. At File: /Users/abhi/Desktop/HarmonyOS Ports/OpenTwit-Web/entry/src/main/ets/pages/MainTabs.ets:50:9
[39m
[39m
[31m19 ERROR: [31m10505001 ArkTS Compiler Error
Error Message: Property 'ICON_AND_TEXT' does not exist on type 'typeof BottomTabBarStyle'. At File: /Users/abhi/Desktop/HarmonyOS Ports/OpenTwit-Web/entry/src/main/ets/pages/MainTabs.ets:50:48
[39m
[39m
[31m20 ERROR: [31m10903329 ArkTS Compiler Error
Error Message: Unknown resource name 'hw_text_grey'. At File: /Users/abhi/Desktop/HarmonyOS Ports/OpenTwit-Web/entry/src/main/ets/pages/Explore.ets:76:33
[39m
[39m
[31m21 ERROR: [31m10903329 ArkTS Compiler Error
Error Message: Unknown resource name 'hw_text_grey'. At File: /Users/abhi/Desktop/HarmonyOS Ports/OpenTwit-Web/entry/src/main/ets/pages/Explore.ets:109:33
[39m
[39m
[31m22 ERROR: [31m10903329 ArkTS Compiler Error
Error Message: Unknown resource name 'hw_text_grey'. At File: /Users/abhi/Desktop/HarmonyOS Ports/OpenTwit-Web/entry/src/main/ets/pages/Notify.ets:37:27
[39m
[39m
[31m23 ERROR: [31m10905204 ArkTS Compiler Error
Error Message: 'Rectangle({ width: '100%', height: 120 })
            .fill($r('app.color.hw_primary'));' does not meet UI component syntax. At File: /Users/abhi/Desktop/HarmonyOS Ports/OpenTwit-Web/entry/src/main/ets/pages/Profile.ets:25:11
[39m
[39m
[31m24 ERROR: [31m10903329 ArkTS Compiler Error
Error Message: Unknown resource name 'hw_text_grey'. At File: /Users/abhi/Desktop/HarmonyOS Ports/OpenTwit-Web/entry/src/main/ets/pages/Profile.ets:57:29
[39m
[39m
[31m25 ERROR: [31m10903329 ArkTS Compiler Error
Error Message: Unknown resource name 'hw_text_grey'. At File: /Users/abhi/Desktop/HarmonyOS Ports/OpenTwit-Web/entry/src/main/ets/pages/Profile.ets:70:29
[39m
[39m
[31m26 ERROR: [31m10903329 ArkTS Compiler Error
Error Message: Unknown resource name 'hw_text_grey'. At File: /Users/abhi/Desktop/HarmonyOS Ports/OpenTwit-Web/entry/src/main/ets/pages/Messages.ets:48:27
[39m
[39m
[31m27 ERROR: [31m10903329 ArkTS Compiler Error
Error Message: Unknown resource name 'hw_text_grey'. At File: /Users/abhi/Desktop/HarmonyOS Ports/OpenTwit-Web/entry/src/main/ets/pages/Messages.ets:74:37
[39m
[39m
[31m28 ERROR: [31m10903329 ArkTS Compiler Error
Error Message: Unknown resource name 'hw_text_grey'. At File: /Users/abhi/Desktop/HarmonyOS Ports/OpenTwit-Web/entry/src/main/ets/pages/Messages.ets:83:35
[39m
[39m
[31m29 ERROR: [31m10903329 ArkTS Compiler Error
Error Message: Unknown resource name 'hw_text_grey'. At File: /Users/abhi/Desktop/HarmonyOS Ports/OpenTwit-Web/entry/src/main/ets/components/LiveTweetList.ets:35:25
[39m
[39m
[31m30 ERROR: [31m10903329 ArkTS Compiler Error
Error Message: Unknown resource name 'hw_text_grey'. At File: /Users/abhi/Desktop/HarmonyOS Ports/OpenTwit-Web/entry/src/main/ets/components/Composer.ets:25:25
[39m
[39m
[31m31 ERROR: [31m10903329 ArkTS Compiler Error
Error Message: Unknown resource name 'hw_text_grey'. At File: /Users/abhi/Desktop/HarmonyOS Ports/OpenTwit-Web/entry/src/main/ets/components/TweetCard.ets:34:29
[39m
[39m
[31m32 ERROR: [31m10903329 ArkTS Compiler Error
Error Message: Unknown resource name 'hw_text_grey'. At File: /Users/abhi/Desktop/HarmonyOS Ports/OpenTwit-Web/entry/src/main/ets/components/TweetCard.ets:39:29
[39m
[39m
[31m33 ERROR: [31m10903329 ArkTS Compiler Error
Error Message: Unknown resource name 'hw_text_grey'. At File: /Users/abhi/Desktop/HarmonyOS Ports/OpenTwit-Web/entry/src/main/ets/components/TweetCard.ets:54:29
[39m
[39m
[31m34 ERROR: [31m10903329 ArkTS Compiler Error
Error Message: Unknown resource name 'hw_text_grey'. At File: /Users/abhi/Desktop/HarmonyOS Ports/OpenTwit-Web/entry/src/main/ets/components/TweetCard.ets:58:29
[39m
[39m
[31m35 ERROR: [31m10903329 ArkTS Compiler Error
Error Message: Unknown resource name 'hw_text_grey'. At File: /Users/abhi/Desktop/HarmonyOS Ports/OpenTwit-Web/entry/src/main/ets/components/TweetCard.ets:62:29
[39m
[39m
[31mCOMPILE RESULT:FAIL {ERROR:36 WARN:29}[39m
    at runArkPack (/Users/abhi/.hvigor/project_caches/0947245c615fa1be5fb4a847626f95c7/workspace/node_modules/.pnpm/@ohos+hvigor-ohos-plugin@6.24.2/node_modules/@ohos/hvigor-ohos-plugin/node_modules/@ohos/hvigor-arkts-compose/dist/src/arkts-pack.js:1:5076)
ArkTSCompilerError: ArkTS Compiler Error
    at throwArkTsCompilerError (/Users/abhi/.hvigor/project_caches/0947245c615fa1be5fb4a847626f95c7/workspace/node_modules/.pnpm/@ohos+hvigor-ohos-plugin@6.24.2/node_modules/@ohos/hvigor-ohos-plugin/node_modules/@ohos/hvigor-arkts-compose/dist/src/data/compose-error.js:1:423)
    at throwErrorIfHasErrorInfo (/Users/abhi/.hvigor/project_caches/0947245c615fa1be5fb4a847626f95c7/workspace/node_modules/.pnpm/@ohos+hvigor-ohos-plugin@6.24.2/node_modules/@ohos/hvigor-ohos-plugin/node_modules/@ohos/hvigor-arkts-compose/dist/src/plugins/common-plugin.js:1:4923)
    at Object.handler (/Users/abhi/.hvigor/project_caches/0947245c615fa1be5fb4a847626f95c7/workspace/node_modules/.pnpm/@ohos+hvigor-ohos-plugin@6.24.2/node_modules/@ohos/hvigor-ohos-plugin/node_modules/@ohos/hvigor-arkts-compose/dist/src/plugins/common-plugin.js:1:3018)
    at /Users/abhi/.hvigor/project_caches/0947245c615fa1be5fb4a847626f95c7/workspace/node_modules/.pnpm/@ohos+hvigor-ohos-plugin@6.24.2/node_modules/@ohos/hvigor-ohos-plugin/node_modules/@ohos/hvigor-arkts-base/node_modules/rollup/dist/shared/rollup.js:27864:40
[2026-09-18T19:15:30.092] [ERROR] debug-file - Error: ArkTS Compiler Error
[31m1 ERROR: [31m10505001 ArkTS Compiler Error
Error Message: Type 'Resource' is not assignable to type 'string'. At File: /Users/abhi/Desktop/HarmonyOS Ports/OpenTwit-Web/entry/src/main/ets/common/Theme.ets:19:12
[39m
[39m
[31m2 ERROR: [31m10505001 ArkTS Compiler Error
Error Message: Type 'Resource' is not assignable to type 'string'. At File: /Users/abhi/Desktop/HarmonyOS Ports/OpenTwit-Web/entry/src/main/ets/common/Theme.ets:28:3
[39m
[39m
[31m3 ERROR: [31m10505001 ArkTS Compiler Error
Error Message: Type 'Resource' is not assignable to type 'string'. At File: /Users/abhi/Desktop/HarmonyOS Ports/OpenTwit-Web/entry/src/main/ets/common/Theme.ets:33:3
[39m
[39m
[31m4 ERROR: [31m10505001 ArkTS Compiler Error
Error Message: Property 'Indeterminate' does not exist on type 'typeof ProgressType'. At File: /Users/abhi/Desktop/HarmonyOS Ports/OpenTwit-Web/entry/src/main/ets/components/LiveTweetList.ets:23:61
[39m
[39m
[31m5 ERROR: [31m10505001 ArkTS Compiler Error
Error Message: Property 'fontFamily' does not exist on type 'SearchAttribute'. At File: /Users/abhi/Desktop/HarmonyOS Ports/OpenTwit-Web/entry/src/main/ets/pages/Home.ets:44:14
[39m
[39m
[31m6 ERROR: [31m10505001 ArkTS Compiler Error
Error Message: Property 'shape' does not exist on type 'ButtonAttribute'. At File: /Users/abhi/Desktop/HarmonyOS Ports/OpenTwit-Web/entry/src/main/ets/pages/Home.ets:75:10
[39m
[39m
[31m7 ERROR: [31m10505001 ArkTS Compiler Error
Error Message: Property 'fontFamily' does not exist on type 'SearchAttribute'. At File: /Users/abhi/Desktop/HarmonyOS Ports/OpenTwit-Web/entry/src/main/ets/pages/Explore.ets:61:12
[39m
[39m
[31m8 ERROR: [31m10505001 ArkTS Compiler Error
Error Message: 'Rectangle' only refers to a type, but is being used as a value here. At File: /Users/abhi/Desktop/HarmonyOS Ports/OpenTwit-Web/entry/src/main/ets/pages/Profile.ets:25:11
[39m
[39m
[31m9 ERROR: [31m10505001 ArkTS Compiler Error
Error Message: Expected 1 arguments, but got 2. At File: /Users/abhi/Desktop/HarmonyOS Ports/OpenTwit-Web/entry/src/main/ets/pages/Profile.ets:31:38
[39m
[39m
[31m10 ERROR: [31m10505001 ArkTS Compiler Error
Error Message: Expected 0-1 arguments, but got 2. At File: /Users/abhi/Desktop/HarmonyOS Ports/OpenTwit-Web/entry/src/main/ets/pages/MainTabs.ets:30:9
[39m
[39m
[31m11 ERROR: [31m10505001 ArkTS Compiler Error
Error Message: Property 'ICON_AND_TEXT' does not exist on type 'typeof BottomTabBarStyle'. At File: /Users/abhi/Desktop/HarmonyOS Ports/OpenTwit-Web/entry/src/main/ets/pages/MainTabs.ets:30:48
[39m
[39m
[31m12 ERROR: [31m10505001 ArkTS Compiler Error
Error Message: Expected 0-1 arguments, but got 2. At File: /Users/abhi/Desktop/HarmonyOS Ports/OpenTwit-Web/entry/src/main/ets/pages/MainTabs.ets:35:9
[39m
[39m
[31m13 ERROR: [31m10505001 ArkTS Compiler Error
Error Message: Property 'ICON_AND_TEXT' does not exist on type 'typeof BottomTabBarStyle'. At File: /Users/abhi/Desktop/HarmonyOS Ports/OpenTwit-Web/entry/src/main/ets/pages/MainTabs.ets:35:48
[39m
[39m
[31m14 ERROR: [31m10505001 ArkTS Compiler Error
Error Message: Expected 0-1 arguments, but got 2. At File: /Users/abhi/Desktop/HarmonyOS Ports/OpenTwit-Web/entry/src/main/ets/pages/MainTabs.ets:40:9
[39m
[39m
[31m15 ERROR: [31m10505001 ArkTS Compiler Error
Error Message: Property 'ICON_AND_TEXT' does not exist on type 'typeof BottomTabBarStyle'. At File: /Users/abhi/Desktop/HarmonyOS Ports/OpenTwit-Web/entry/src/main/ets/pages/MainTabs.ets:40:48
[39m
[39m
[31m16 ERROR: [31m10505001 ArkTS Compiler Error
Error Message: Expected 0-1 arguments, but got 2. At File: /Users/abhi/Desktop/HarmonyOS Ports/OpenTwit-Web/entry/src/main/ets/pages/MainTabs.ets:45:9
[39m
[39m
[31m17 ERROR: [31m10505001 ArkTS Compiler Error
Error Message: Property 'ICON_AND_TEXT' does not exist on type 'typeof BottomTabBarStyle'. At File: /Users/abhi/Desktop/HarmonyOS Ports/OpenTwit-Web/entry/src/main/ets/pages/MainTabs.ets:45:48
[39m
[39m
[31m18 ERROR: [31m10505001 ArkTS Compiler Error
Error Message: Expected 0-1 arguments, but got 2. At File: /Users/abhi/Desktop/HarmonyOS Ports/OpenTwit-Web/entry/src/main/ets/pages/MainTabs.ets:50:9
[39m
[39m
[31m19 ERROR: [31m10505001 ArkTS Compiler Error
Error Message: Property 'ICON_AND_TEXT' does not exist on type 'typeof BottomTabBarStyle'. At File: /Users/abhi/Desktop/HarmonyOS Ports/OpenTwit-Web/entry/src/main/ets/pages/MainTabs.ets:50:48
[39m
[39m
[31m20 ERROR: [31m10903329 ArkTS Compiler Error
Error Message: Unknown resource name 'hw_text_grey'. At File: /Users/abhi/Desktop/HarmonyOS Ports/OpenTwit-Web/entry/src/main/ets/pages/Explore.ets:76:33
[39m
[39m
[31m21 ERROR: [31m10903329 ArkTS Compiler Error
Error Message: Unknown resource name 'hw_text_grey'. At File: /Users/abhi/Desktop/HarmonyOS Ports/OpenTwit-Web/entry/src/main/ets/pages/Explore.ets:109:33
[39m
[39m
[31m22 ERROR: [31m10903329 ArkTS Compiler Error
Error Message: Unknown resource name 'hw_text_grey'. At File: /Users/abhi/Desktop/HarmonyOS Ports/OpenTwit-Web/entry/src/main/ets/pages/Notify.ets:37:27
[39m
[39m
[31m23 ERROR: [31m10905204 ArkTS Compiler Error
Error Message: 'Rectangle({ width: '100%', height: 120 })
            .fill($r('app.color.hw_primary'));' does not meet UI component syntax. At File: /Users/abhi/Desktop/HarmonyOS Ports/OpenTwit-Web/entry/src/main/ets/pages/Profile.ets:25:11
[39m
[39m
[31m24 ERROR: [31m10903329 ArkTS Compiler Error
Error Message: Unknown resource name 'hw_text_grey'. At File: /Users/abhi/Desktop/HarmonyOS Ports/OpenTwit-Web/entry/src/main/ets/pages/Profile.ets:57:29
[39m
[39m
[31m25 ERROR: [31m10903329 ArkTS Compiler Error
Error Message: Unknown resource name 'hw_text_grey'. At File: /Users/abhi/Desktop/HarmonyOS Ports/OpenTwit-Web/entry/src/main/ets/pages/Profile.ets:70:29
[39m
[39m
[31m26 ERROR: [31m10903329 ArkTS Compiler Error
Error Message: Unknown resource name 'hw_text_grey'. At File: /Users/abhi/Desktop/HarmonyOS Ports/OpenTwit-Web/entry/src/main/ets/pages/Messages.ets:48:27
[39m
[39m
[31m27 ERROR: [31m10903329 ArkTS Compiler Error
Error Message: Unknown resource name 'hw_text_grey'. At File: /Users/abhi/Desktop/HarmonyOS Ports/OpenTwit-Web/entry/src/main/ets/pages/Messages.ets:74:37
[39m
[39m
[31m28 ERROR: [31m10903329 ArkTS Compiler Error
Error Message: Unknown resource name 'hw_text_grey'. At File: /Users/abhi/Desktop/HarmonyOS Ports/OpenTwit-Web/entry/src/main/ets/pages/Messages.ets:83:35
[39m
[39m
[31m29 ERROR: [31m10903329 ArkTS Compiler Error
Error Message: Unknown resource name 'hw_text_grey'. At File: /Users/abhi/Desktop/HarmonyOS Ports/OpenTwit-Web/entry/src/main/ets/components/LiveTweetList.ets:35:25
[39m
[39m
[31m30 ERROR: [31m10903329 ArkTS Compiler Error
Error Message: Unknown resource name 'hw_text_grey'. At File: /Users/abhi/Desktop/HarmonyOS Ports/OpenTwit-Web/entry/src/main/ets/components/Composer.ets:25:25
[39m
[39m
[31m31 ERROR: [31m10903329 ArkTS Compiler Error
Error Message: Unknown resource name 'hw_text_grey'. At File: /Users/abhi/Desktop/HarmonyOS Ports/OpenTwit-Web/entry/src/main/ets/components/TweetCard.ets:34:29
[39m
[39m
[31m32 ERROR: [31m10903329 ArkTS Compiler Error
Error Message: Unknown resource name 'hw_text_grey'. At File: /Users/abhi/Desktop/HarmonyOS Ports/OpenTwit-Web/entry/src/main/ets/components/TweetCard.ets:39:29
[39m
[39m
[31m33 ERROR: [31m10903329 ArkTS Compiler Error
Error Message: Unknown resource name 'hw_text_grey'. At File: /Users/abhi/Desktop/HarmonyOS Ports/OpenTwit-Web/entry/src/main/ets/components/TweetCard.ets:54:29
[39m
[39m
[31m34 ERROR: [31m10903329 ArkTS Compiler Error
Error Message: Unknown resource name 'hw_text_grey'. At File: /Users/abhi/Desktop/HarmonyOS Ports/OpenTwit-Web/entry/src/main/ets/components/TweetCard.ets:58:29
[39m
[39m
[31m35 ERROR: [31m10903329 ArkTS Compiler Error
Error Message: Unknown resource name 'hw_text_grey'. At File: /Users/abhi/Desktop/HarmonyOS Ports/OpenTwit-Web/entry/src/main/ets/components/TweetCard.ets:62:29
[39m
[39m
[31mCOMPILE RESULT:FAIL {ERROR:36 WARN:29}[39m
    at runArkPack (/Users/abhi/.hvigor/project_caches/0947245c615fa1be5fb4a847626f95c7/workspace/node_modules/.pnpm/@ohos+hvigor-ohos-plugin@6.24.2/node_modules/@ohos/hvigor-ohos-plugin/node_modules/@ohos/hvigor-arkts-compose/dist/src/arkts-pack.js:1:5076)
ArkTSCompilerError: ArkTS Compiler Error
    at throwArkTsCompilerError (/Users/abhi/.hvigor/project_caches/0947245c615fa1be5fb4a847626f95c7/workspace/node_modules/.pnpm/@ohos+hvigor-ohos-plugin@6.24.2/node_modules/@ohos/hvigor-ohos-plugin/node_modules/@ohos/hvigor-arkts-compose/dist/src/data/compose-error.js:1:423)
    at throwErrorIfHasErrorInfo (/Users/abhi/.hvigor/project_caches/0947245c615fa1be5fb4a847626f95c7/workspace/node_modules/.pnpm/@ohos+hvigor-ohos-plugin@6.24.2/node_modules/@ohos/hvigor-ohos-plugin/node_modules/@ohos/hvigor-arkts-compose/dist/src/plugins/common-plugin.js:1:4923)
    at Object.handler (/Users/abhi/.hvigor/project_caches/0947245c615fa1be5fb4a847626f95c7/workspace/node_modules/.pnpm/@ohos+hvigor-ohos-plugin@6.24.2/node_modules/@ohos/hvigor-ohos-plugin/node_modules/@ohos/hvigor-arkts-compose/dist/src/plugins/common-plugin.js:1:3018)
    at /Users/abhi/.hvigor/project_caches/0947245c615fa1be5fb4a847626f95c7/workspace/node_modules/.pnpm/@ohos+hvigor-ohos-plugin@6.24.2/node_modules/@ohos/hvigor-ohos-plugin/node_modules/@ohos/hvigor-arkts-base/node_modules/rollup/dist/shared/rollup.js:27864:40
[2026-09-18T19:15:30.093] [ERROR] debug-file - BUILD FAILED in 3 s 831 ms 
[2026-09-18T19:15:30.093] [DEBUG] debug-file - Update task entry:default@PreBuild input file:/Users/abhi/Desktop/HarmonyOS Ports/OpenTwit-Web/AppScope/app.json5 cache by regenerate.
[2026-09-18T19:15:30.094] [DEBUG] debug-file - Update task entry:default@PreBuild input file:/Users/abhi/Desktop/HarmonyOS Ports/OpenTwit-Web/entry/src/main/module.json5 cache by regenerate.
[2026-09-18T19:15:30.094] [DEBUG] debug-file - Update task entry:default@PreBuild input file:/Users/abhi/Desktop/HarmonyOS Ports/OpenTwit-Web/build-profile.json5 cache by regenerate.
[2026-09-18T19:15:30.094] [DEBUG] debug-file - Update task entry:default@PreBuild input file:/Users/abhi/Desktop/HarmonyOS Ports/OpenTwit-Web/entry/build-profile.json5 cache by regenerate.
[2026-09-18T19:15:30.094] [DEBUG] debug-file - Update task entry:default@PreBuild input file:/Users/abhi/Desktop/HarmonyOS Ports/OpenTwit-Web/entry/src/main/resources/base/profile/main_pages.json cache by regenerate.
[2026-09-18T19:15:30.094] [DEBUG] debug-file - Update task entry:default@PreBuild input file:/Users/abhi/Desktop/HarmonyOS Ports/OpenTwit-Web/hvigor/hvigor-config.json5 cache by regenerate.
[2026-09-18T19:15:30.094] [DEBUG] debug-file - Update task entry:default@PreBuild input file:/Users/abhi/Desktop/HarmonyOS Ports/OpenTwit-Web/entry/oh-package.json5 cache by regenerate.
[2026-09-18T19:15:30.094] [DEBUG] debug-file - Update task entry:default@PreBuild input file:/Users/abhi/Desktop/HarmonyOS Ports/OpenTwit-Web/oh-package.json5 cache by regenerate.
[2026-09-18T19:15:30.094] [DEBUG] debug-file - Incremental task entry:default@PreBuild post-execution cost:1 ms .
[2026-09-18T19:15:30.094] [DEBUG] debug-file - Update task entry:default@CreateModuleInfo output file:/Users/abhi/Desktop/HarmonyOS Ports/OpenTwit-Web/entry/build/default/generated/profile/default/ModuleInfo.ts cache.
[2026-09-18T19:15:30.094] [DEBUG] debug-file - Incremental task entry:default@CreateModuleInfo post-execution cost:1 ms .
[2026-09-18T19:15:30.094] [DEBUG] debug-file - Update task entry:default@GenerateMetadata input file:/Users/abhi/Desktop/HarmonyOS Ports/OpenTwit-Web/entry/src/main/module.json5 cache by regenerate.
[2026-09-18T19:15:30.094] [DEBUG] debug-file - Update task entry:default@GenerateMetadata output file:/Users/abhi/Desktop/HarmonyOS Ports/OpenTwit-Web/entry/build/default/intermediates/hap_metadata/default/output_metadata.json cache.
[2026-09-18T19:15:30.094] [DEBUG] debug-file - Incremental task entry:default@GenerateMetadata post-execution cost:1 ms .
[2026-09-18T19:15:30.094] [DEBUG] debug-file - Update task entry:default@MergeProfile input file:/Users/abhi/Desktop/HarmonyOS Ports/OpenTwit-Web/AppScope/app.json5 cache by regenerate.
[2026-09-18T19:15:30.094] [DEBUG] debug-file - Update task entry:default@MergeProfile input file:/Users/abhi/Desktop/HarmonyOS Ports/OpenTwit-Web/build-profile.json5 cache by regenerate.
[2026-09-18T19:15:30.094] [DEBUG] debug-file - Update task entry:default@MergeProfile input file:/Users/abhi/Desktop/HarmonyOS Ports/OpenTwit-Web/entry/src/main/module.json5 cache by regenerate.
[2026-09-18T19:15:30.094] [DEBUG] debug-file - Update task entry:default@MergeProfile output file:/Users/abhi/Desktop/HarmonyOS Ports/OpenTwit-Web/entry/build/default/intermediates/merge_profile/default/module.json cache.
[2026-09-18T19:15:30.094] [DEBUG] debug-file - Incremental task entry:default@MergeProfile post-execution cost:1 ms .
[2026-09-18T19:15:30.094] [DEBUG] debug-file - Update task entry:default@CreateBuildProfile input file:/Users/abhi/Desktop/HarmonyOS Ports/OpenTwit-Web/AppScope/app.json5 cache by regenerate.
[2026-09-18T19:15:30.094] [DEBUG] debug-file - Update task entry:default@CreateBuildProfile input file:/Users/abhi/Desktop/HarmonyOS Ports/OpenTwit-Web/build-profile.json5 cache by regenerate.
[2026-09-18T19:15:30.094] [DEBUG] debug-file - Update task entry:default@CreateBuildProfile output file:/Users/abhi/Desktop/HarmonyOS Ports/OpenTwit-Web/entry/build/default/generated/profile/default/BuildProfile.ets cache.
[2026-09-18T19:15:30.094] [DEBUG] debug-file - Incremental task entry:default@CreateBuildProfile post-execution cost:1 ms .
[2026-09-18T19:15:30.094] [DEBUG] debug-file - Update task entry:default@GeneratePkgContextInfo output file:/Users/abhi/Desktop/HarmonyOS Ports/OpenTwit-Web/entry/build/default/intermediates/loader/default/pkgContextInfo.json cache.
[2026-09-18T19:15:30.094] [DEBUG] debug-file - Incremental task entry:default@GeneratePkgContextInfo post-execution cost:1 ms .
[2026-09-18T19:15:30.094] [DEBUG] debug-file - Update task entry:default@GeneratePkgSdkInfo output file:/Users/abhi/Desktop/HarmonyOS Ports/OpenTwit-Web/entry/build/default/intermediates/loader/default/pkgSdkInfo.json cache.
[2026-09-18T19:15:30.094] [DEBUG] debug-file - Incremental task entry:default@GeneratePkgSdkInfo post-execution cost:1 ms .
[2026-09-18T19:15:30.094] [DEBUG] debug-file - Update task entry:default@ProcessIntegratedHsp output file:/Users/abhi/Desktop/HarmonyOS Ports/OpenTwit-Web/build/cache/default/integrated_hsp/integratedHspCache.json cache.
[2026-09-18T19:15:30.094] [DEBUG] debug-file - Incremental task entry:default@ProcessIntegratedHsp post-execution cost:1 ms .
[2026-09-18T19:15:30.094] [DEBUG] debug-file - Update task entry:default@MakePackInfo input file:/Users/abhi/Desktop/HarmonyOS Ports/OpenTwit-Web/AppScope/app.json5 cache by regenerate.
[2026-09-18T19:15:30.094] [DEBUG] debug-file - Update task entry:default@MakePackInfo input file:/Users/abhi/Desktop/HarmonyOS Ports/OpenTwit-Web/entry/src/main/module.json5 cache by regenerate.
[2026-09-18T19:15:30.094] [DEBUG] debug-file - Update task entry:default@MakePackInfo input file:/Users/abhi/Desktop/HarmonyOS Ports/OpenTwit-Web/build-profile.json5 cache by regenerate.
[2026-09-18T19:15:30.094] [DEBUG] debug-file - Update task entry:default@MakePackInfo output file:/Users/abhi/Desktop/HarmonyOS Ports/OpenTwit-Web/entry/build/default/outputs/default/pack.info cache.
[2026-09-18T19:15:30.094] [DEBUG] debug-file - Incremental task entry:default@MakePackInfo post-execution cost:1 ms .
[2026-09-18T19:15:30.094] [DEBUG] debug-file - Update task entry:default@SyscapTransform input file:/Users/abhi/.ohos/sdk-remap/24/toolchains/syscap_tool cache by regenerate.
[2026-09-18T19:15:30.094] [DEBUG] debug-file - Update task entry:default@SyscapTransform input file:/Users/abhi/.ohos/sdk-remap/24/ets/api/device-define cache by regenerate.
[2026-09-18T19:15:30.099] [DEBUG] debug-file - Update task entry:default@SyscapTransform output file:/Users/abhi/Desktop/HarmonyOS Ports/OpenTwit-Web/entry/build/default/intermediates/syscap/default/rpcid.sc cache.
[2026-09-18T19:15:30.099] [DEBUG] debug-file - Incremental task entry:default@SyscapTransform post-execution cost:5 ms .
[2026-09-18T19:15:30.099] [DEBUG] debug-file - Update task entry:default@ProcessProfile input file:/Users/abhi/Desktop/HarmonyOS Ports/OpenTwit-Web/entry/build/default/intermediates/merge_profile/default/module.json cache by regenerate.
[2026-09-18T19:15:30.099] [DEBUG] debug-file - Update task entry:default@ProcessProfile output file:/Users/abhi/Desktop/HarmonyOS Ports/OpenTwit-Web/entry/build/default/intermediates/process_profile/default/module.json cache.
[2026-09-18T19:15:30.099] [DEBUG] debug-file - Incremental task entry:default@ProcessProfile post-execution cost:1 ms .
[2026-09-18T19:15:30.099] [DEBUG] debug-file - Update task entry:default@ProcessRouterMap input file:/Users/abhi/Desktop/HarmonyOS Ports/OpenTwit-Web/entry/oh-package.json5 cache by regenerate.
[2026-09-18T19:15:30.099] [DEBUG] debug-file - Update task entry:default@ProcessRouterMap input file:/Users/abhi/Desktop/HarmonyOS Ports/OpenTwit-Web/oh-package.json5 cache by regenerate.
[2026-09-18T19:15:30.099] [DEBUG] debug-file - Update task entry:default@ProcessRouterMap input file:/Users/abhi/Desktop/HarmonyOS Ports/OpenTwit-Web/entry/src/main/module.json5 cache by regenerate.
[2026-09-18T19:15:30.099] [DEBUG] debug-file - Update task entry:default@ProcessRouterMap output file:/Users/abhi/Desktop/HarmonyOS Ports/OpenTwit-Web/entry/build/default/intermediates/router_map/default/temp-router-map.json cache.
[2026-09-18T19:15:30.099] [DEBUG] debug-file - Update task entry:default@ProcessRouterMap output file:/Users/abhi/Desktop/HarmonyOS Ports/OpenTwit-Web/entry/build/default/intermediates/router_map/default/loader-router-map.json cache.
[2026-09-18T19:15:30.099] [DEBUG] debug-file - Incremental task entry:default@ProcessRouterMap post-execution cost:1 ms .
[2026-09-18T19:15:30.099] [DEBUG] debug-file - Update task entry:default@ProcessShareConfig input file:/Users/abhi/Desktop/HarmonyOS Ports/OpenTwit-Web/entry/oh-package.json5 cache by regenerate.
[2026-09-18T19:15:30.099] [DEBUG] debug-file - Update task entry:default@ProcessShareConfig input file:/Users/abhi/Desktop/HarmonyOS Ports/OpenTwit-Web/oh-package.json5 cache by regenerate.
[2026-09-18T19:15:30.099] [DEBUG] debug-file - Update task entry:default@ProcessShareConfig input file:/Users/abhi/Desktop/HarmonyOS Ports/OpenTwit-Web/entry/src/main/module.json5 cache by regenerate.
[2026-09-18T19:15:30.099] [DEBUG] debug-file - Update task entry:default@ProcessShareConfig output file:/Users/abhi/Desktop/HarmonyOS Ports/OpenTwit-Web/entry/build/default/intermediates/share_config/default/temp-share-config.json cache.
[2026-09-18T19:15:30.099] [DEBUG] debug-file - Incremental task entry:default@ProcessShareConfig post-execution cost:1 ms .
[2026-09-18T19:15:30.099] [DEBUG] debug-file - Update task entry:default@ProcessStartupConfig output file:/Users/abhi/Desktop/HarmonyOS Ports/OpenTwit-Web/entry/build/default/intermediates/startup/default/startup_config.json cache.
[2026-09-18T19:15:30.099] [DEBUG] debug-file - Incremental task entry:default@ProcessStartupConfig post-execution cost:1 ms .
[2026-09-18T19:15:30.099] [DEBUG] debug-file - Update task entry:default@ProcessResource output file:/Users/abhi/Desktop/HarmonyOS Ports/OpenTwit-Web/entry/build/default/intermediates/res/default/resConfig.json cache.
[2026-09-18T19:15:30.099] [DEBUG] debug-file - Update task entry:default@ProcessResource output file:/Users/abhi/Desktop/HarmonyOS Ports/OpenTwit-Web/entry/build/default/intermediates/res/default/opt-compression.json cache.
[2026-09-18T19:15:30.099] [DEBUG] debug-file - Incremental task entry:default@ProcessResource post-execution cost:1 ms .
[2026-09-18T19:15:30.100] [DEBUG] debug-file - Update task entry:default@GenerateLoaderJson input file:/Users/abhi/Desktop/HarmonyOS Ports/OpenTwit-Web/entry/build/default/intermediates/router_map/default/temp-router-map.json cache by regenerate.
[2026-09-18T19:15:30.100] [DEBUG] debug-file - Update task entry:default@GenerateLoaderJson output file:/Users/abhi/Desktop/HarmonyOS Ports/OpenTwit-Web/entry/build/default/intermediates/loader/default/loader.json cache.
[2026-09-18T19:15:30.100] [DEBUG] debug-file - Incremental task entry:default@GenerateLoaderJson post-execution cost:1 ms .
[2026-09-18T19:15:30.100] [DEBUG] debug-file - Update task entry:default@ProcessLibs input file:/Users/abhi/Desktop/HarmonyOS Ports/OpenTwit-Web/build-profile.json5 cache by regenerate.
[2026-09-18T19:15:30.100] [DEBUG] debug-file - Update task entry:default@ProcessLibs input file:/Users/abhi/Desktop/HarmonyOS Ports/OpenTwit-Web/entry/build-profile.json5 cache by regenerate.
[2026-09-18T19:15:30.100] [DEBUG] debug-file - Update task entry:default@ProcessLibs output file:/Users/abhi/Desktop/HarmonyOS Ports/OpenTwit-Web/entry/build/default/intermediates/libs/default cache.
[2026-09-18T19:15:30.100] [DEBUG] debug-file - Incremental task entry:default@ProcessLibs post-execution cost:1 ms .
[2026-09-18T19:15:30.100] [DEBUG] debug-file - Update task entry:default@CompileResource input file:/Users/abhi/Desktop/HarmonyOS Ports/OpenTwit-Web/entry/src/main/resources cache by regenerate.
[2026-09-18T19:15:30.100] [DEBUG] debug-file - Update task entry:default@CompileResource input file:/Users/abhi/Desktop/HarmonyOS Ports/OpenTwit-Web/AppScope/resources cache by regenerate.
[2026-09-18T19:15:30.100] [DEBUG] debug-file - Update task entry:default@CompileResource input file:/Users/abhi/Desktop/HarmonyOS Ports/OpenTwit-Web/entry/build/default/intermediates/process_profile/default/module.json cache by regenerate.
[2026-09-18T19:15:30.100] [DEBUG] debug-file - Update task entry:default@CompileResource input file:/Users/abhi/Desktop/HarmonyOS Ports/OpenTwit-Web/entry/build/default/intermediates/res/default/resConfig.json cache by regenerate.
[2026-09-18T19:15:30.100] [DEBUG] debug-file - Update task entry:default@CompileResource output file:/Users/abhi/Desktop/HarmonyOS Ports/OpenTwit-Web/entry/build/default/intermediates/res/default cache.
[2026-09-18T19:15:30.100] [DEBUG] debug-file - Update task entry:default@CompileResource output file:/Users/abhi/Desktop/HarmonyOS Ports/OpenTwit-Web/entry/build/default/generated/r/default/ResourceTable.h cache.
[2026-09-18T19:15:30.101] [DEBUG] debug-file - Update task entry:default@CompileResource output file:/Users/abhi/Desktop/HarmonyOS Ports/OpenTwit-Web/entry/build/default/generated/r/default/ResourceTable.ts cache.
[2026-09-18T19:15:30.101] [DEBUG] debug-file - Update task entry:default@CompileResource output file:/Users/abhi/Desktop/HarmonyOS Ports/OpenTwit-Web/entry/build/default/generated/r/default cache.
[2026-09-18T19:15:30.101] [DEBUG] debug-file - Incremental task entry:default@CompileResource post-execution cost:1 ms .
[2026-09-18T19:15:30.101] [DEBUG] debug-file - Update task entry:default@DoNativeStrip input file:/Users/abhi/Desktop/HarmonyOS Ports/OpenTwit-Web/entry/build/default/intermediates/libs/default cache by regenerate.
[2026-09-18T19:15:30.101] [DEBUG] debug-file - Update task entry:default@DoNativeStrip output file:/Users/abhi/Desktop/HarmonyOS Ports/OpenTwit-Web/entry/build/default/intermediates/stripped_native_libs/default cache.
[2026-09-18T19:15:30.101] [DEBUG] debug-file - Incremental task entry:default@DoNativeStrip post-execution cost:1 ms .
[2026-09-18T19:15:30.101] [DEBUG] debug-file - Update task entry:default@CompileArkTS input file:/Users/abhi/Desktop/HarmonyOS Ports/OpenTwit-Web/entry/build/default/intermediates/loader/default cache by regenerate.
[2026-09-18T19:15:30.101] [DEBUG] debug-file - Update task entry:default@CompileArkTS input file:/Users/abhi/Desktop/HarmonyOS Ports/OpenTwit-Web/entry/build/default/intermediates/res/default/ResourceTable.txt cache by regenerate.
[2026-09-18T19:15:30.101] [DEBUG] debug-file - Update task entry:default@CompileArkTS input file:/Users/abhi/Desktop/HarmonyOS Ports/OpenTwit-Web/entry/build/default/intermediates/res/default/ark_module.json cache by regenerate.
[2026-09-18T19:15:30.101] [DEBUG] debug-file - Update task entry:default@CompileArkTS input file:/Users/abhi/Desktop/HarmonyOS Ports/OpenTwit-Web/entry/build/default/intermediates/res/default/resources/base/profile cache by regenerate.
[2026-09-18T19:15:30.101] [DEBUG] debug-file - Update task entry:default@CompileArkTS input file:/Users/abhi/Desktop/HarmonyOS Ports/OpenTwit-Web/entry/src/main/ets cache by regenerate.
[2026-09-18T19:15:30.101] [DEBUG] debug-file - Update task entry:default@CompileArkTS input file:/Users/abhi/Desktop/HarmonyOS Ports/OpenTwit-Web/entry/build/default/generated/profile/default/BuildProfile.ets cache by regenerate.
[2026-09-18T19:15:30.101] [DEBUG] debug-file - Update task entry:default@CompileArkTS output file:/Users/abhi/Desktop/HarmonyOS Ports/OpenTwit-Web/entry/build/default/intermediates/loader_out/default/ets cache.
[2026-09-18T19:15:30.102] [DEBUG] debug-file - Incremental task entry:default@CompileArkTS post-execution cost:1 ms .
[2026-09-18T19:15:30.102] [DEBUG] debug-file - Update task entry:default@BuildJS input file:/Users/abhi/Desktop/HarmonyOS Ports/OpenTwit-Web/entry/build/default/intermediates/loader/default cache by regenerate.
[2026-09-18T19:15:30.102] [DEBUG] debug-file - Update task entry:default@BuildJS input file:/Users/abhi/Desktop/HarmonyOS Ports/OpenTwit-Web/entry/build/default/intermediates/res/default/ResourceTable.txt cache by regenerate.
[2026-09-18T19:15:30.102] [DEBUG] debug-file - Update task entry:default@BuildJS input file:/Users/abhi/Desktop/HarmonyOS Ports/OpenTwit-Web/entry/build/default/intermediates/res/default/ark_module.json cache by regenerate.
[2026-09-18T19:15:30.102] [DEBUG] debug-file - Update task entry:default@BuildJS input file:/Users/abhi/Desktop/HarmonyOS Ports/OpenTwit-Web/entry/build/default/intermediates/res/default/resources/base/profile cache by regenerate.
[2026-09-18T19:15:30.102] [DEBUG] debug-file - Update task entry:default@BuildJS output file:/Users/abhi/Desktop/HarmonyOS Ports/OpenTwit-Web/entry/build/default/intermediates/loader_out/default/js cache.
[2026-09-18T19:15:30.102] [DEBUG] debug-file - Incremental task entry:default@BuildJS post-execution cost:1 ms .
[2026-09-18T19:15:30.102] [DEBUG] debug-file - Update task entry:default@CacheNativeLibs input file:/Users/abhi/Desktop/HarmonyOS Ports/OpenTwit-Web/entry/build/default/intermediates/stripped_native_libs/default cache by regenerate.
[2026-09-18T19:15:30.102] [DEBUG] debug-file - Update task entry:default@CacheNativeLibs input file:/Users/abhi/Desktop/HarmonyOS Ports/OpenTwit-Web/entry/build/default/intermediates/libs/default cache by regenerate.
[2026-09-18T19:15:30.102] [DEBUG] debug-file - Update task entry:default@CacheNativeLibs output file:/Users/abhi/Desktop/HarmonyOS Ports/OpenTwit-Web/entry/build/default/intermediates/patch/default/base_native_libs.json cache.
[2026-09-18T19:15:30.102] [DEBUG] debug-file - Update task entry:default@CacheNativeLibs output file:/Users/abhi/Desktop/HarmonyOS Ports/OpenTwit-Web/entry/build/default/intermediates/patch/default/binxo_native_libs.json cache.
[2026-09-18T19:15:30.102] [DEBUG] debug-file - Incremental task entry:default@CacheNativeLibs post-execution cost:1 ms .
[2026-09-18T19:15:30.108] [DEBUG] debug-file - Current worker pool is stopped or closed.
[2026-09-18T19:15:30.108] [DEBUG] debug-file - Clear worker 0.
[2026-09-18T19:15:30.108] [DEBUG] debug-file - Worker 0 has been cleared.
[2026-09-18T19:15:30.108] [DEBUG] debug-file - Current idle worker size: 5.
[2026-09-18T19:15:30.108] [DEBUG] debug-file - Current busy worker size: 0.
[2026-09-18T19:15:30.108] [DEBUG] debug-file - Clear worker 1.
[2026-09-18T19:15:30.108] [DEBUG] debug-file - Worker 1 has been cleared.
[2026-09-18T19:15:30.108] [DEBUG] debug-file - Current idle worker size: 4.
[2026-09-18T19:15:30.108] [DEBUG] debug-file - Current busy worker size: 0.
[2026-09-18T19:15:30.108] [DEBUG] debug-file - Clear worker 8.
[2026-09-18T19:15:30.108] [DEBUG] debug-file - Worker 8 has been cleared.
[2026-09-18T19:15:30.108] [DEBUG] debug-file - Current idle worker size: 3.
[2026-09-18T19:15:30.108] [DEBUG] debug-file - Current busy worker size: 0.
[2026-09-18T19:15:30.108] [DEBUG] debug-file - Clear worker 7.
[2026-09-18T19:15:30.108] [DEBUG] debug-file - Worker 7 has been cleared.
[2026-09-18T19:15:30.108] [DEBUG] debug-file - Current idle worker size: 2.
[2026-09-18T19:15:30.108] [DEBUG] debug-file - Current busy worker size: 0.
[2026-09-18T19:15:30.108] [DEBUG] debug-file - Clear worker 6.
[2026-09-18T19:15:30.108] [DEBUG] debug-file - Worker 6 has been cleared.
[2026-09-18T19:15:30.108] [DEBUG] debug-file - Current idle worker size: 1.
[2026-09-18T19:15:30.108] [DEBUG] debug-file - Current busy worker size: 0.
[2026-09-18T19:15:30.108] [DEBUG] debug-file - Clear worker 4.
[2026-09-18T19:15:30.108] [DEBUG] debug-file - Worker 4 has been cleared.
[2026-09-18T19:15:30.108] [DEBUG] debug-file - Current idle worker size: 0.
[2026-09-18T19:15:30.108] [DEBUG] debug-file - Current busy worker size: 0.
[2026-09-18T19:15:30.109] [DEBUG] debug-file - hvigor build process will be closed.
[2026-09-18T19:15:30.111] [DEBUG] debug-file - Current worker pool is terminated.
[2026-09-18T19:15:30.112] [DEBUG] debug-file - worker[0] exits with exit code 1.
[2026-09-18T19:15:30.112] [DEBUG] debug-file - worker[1] exits with exit code 1.
[2026-09-18T19:15:30.113] [DEBUG] debug-file - worker[8] exits with exit code 1.
[2026-09-18T19:15:30.113] [DEBUG] debug-file - worker[6] exits with exit code 1.
[2026-09-18T19:15:30.113] [DEBUG] debug-file - worker[7] exits with exit code 1.
[2026-09-18T19:15:30.119] [DEBUG] debug-file - worker[4] exits with exit code 1.
[2026-09-18T19:21:03.009] [DEBUG] debug-file - env: nodejsVersion=v18.20.1
[2026-09-18T19:21:03.114] [DEBUG] debug-file - Hvigor init with startParameters:{
  hvigorfileTypeCheck: false,
  parallelExecution: true,
  incrementalExecution: true,
  printStackTrace: false,
  daemon: false,
  analyze: 0,
  logLevel: Level { level: 20000, levelStr: 'INFO', colour: 'green' },
  optimizationStrategy: 'memory',
  hotCompile: undefined,
  hotReloadBuild: undefined,
  customizedParam: undefined
}
[2026-09-18T19:21:03.532] [DEBUG] debug-file - hvigorfile, require result:  { default: { system: [Function: appTasks], plugins: [] } }
[2026-09-18T19:21:03.605] [DEBUG] debug-file - App plugin register hook start...
[2026-09-18T19:21:03.606] [DEBUG] debug-file - Start initialize project's product build option map with build mode debug.
[2026-09-18T19:21:03.607] [DEBUG] debug-file - Obtain build option for product 'default'in this build.
[2026-09-18T19:21:03.609] [DEBUG] debug-file - Start recording SDK configuration permission data.
[2026-09-18T19:21:03.627] [DEBUG] debug-file - Project task initialization takes 3 ms 
[2026-09-18T19:21:03.630] [DEBUG] debug-file - failed to load cangjie to dynamically generate schemas: Error: Cannot find module '@ohos/cangjie-build-support/index'
Require stack:
- /Users/abhi/.hvigor/project_caches/0947245c615fa1be5fb4a847626f95c7/workspace/node_modules/.pnpm/@ohos+hvigor-ohos-plugin@6.24.2/node_modules/@ohos/hvigor-ohos-plugin/src/plugin/hooks/cangjie-register.js
- /Users/abhi/.hvigor/project_caches/0947245c615fa1be5fb4a847626f95c7/workspace/node_modules/.pnpm/@ohos+hvigor-ohos-plugin@6.24.2/node_modules/@ohos/hvigor-ohos-plugin/src/plugin/strategy/stage-init-strategy.js
- /Users/abhi/.hvigor/project_caches/0947245c615fa1be5fb4a847626f95c7/workspace/node_modules/.pnpm/@ohos+hvigor-ohos-plugin@6.24.2/node_modules/@ohos/hvigor-ohos-plugin/src/plugin/builder/abstract-plugin-builder.js
- /Users/abhi/.hvigor/project_caches/0947245c615fa1be5fb4a847626f95c7/workspace/node_modules/.pnpm/@ohos+hvigor-ohos-plugin@6.24.2/node_modules/@ohos/hvigor-ohos-plugin/src/plugin/builder/app-plugin-builder.js
- /Users/abhi/.hvigor/project_caches/0947245c615fa1be5fb4a847626f95c7/workspace/node_modules/.pnpm/@ohos+hvigor-ohos-plugin@6.24.2/node_modules/@ohos/hvigor-ohos-plugin/src/plugin/factory/plugin-factory.js
- /Users/abhi/.hvigor/project_caches/0947245c615fa1be5fb4a847626f95c7/workspace/node_modules/.pnpm/@ohos+hvigor-ohos-plugin@6.24.2/node_modules/@ohos/hvigor-ohos-plugin/index.js
- /Users/abhi/Desktop/HarmonyOS Ports/OpenTwit-Web/hvigorfile.ts
- /Users/abhi/Developer/command-line-tools/hvigor/hvigor/src/base/internal/lifecycle/configuration.js
- /Users/abhi/Developer/command-line-tools/hvigor/hvigor/src/base/boot/index.js
- /Users/abhi/Developer/command-line-tools/hvigor/hvigor/src/cli/main/cli.js
- /Users/abhi/Developer/command-line-tools/hvigor/hvigor/bin/hvigor.js
[2026-09-18T19:21:03.638] [DEBUG] debug-file - project has submodules:entry
[2026-09-18T19:21:03.635] [DEBUG] debug-file - Start initialize module-target build option map, moduleName=entry, buildMode=debug
[2026-09-18T19:21:03.640] [DEBUG] debug-file - Start to initialize dependency information.
[2026-09-18T19:21:03.643] [DEBUG] debug-file - Since there is no instance or instance is terminated, create a new worker pool.
[2026-09-18T19:21:03.651] [DEBUG] debug-file - Executing task :entry:default@GenerateMetadata
[2026-09-18T19:21:03.643] [DEBUG] debug-file - Create  resident worker with id: 0.
[2026-09-18T19:21:03.645] [DEBUG] debug-file - Executing task :entry:default@PreBuild
[2026-09-18T19:21:03.654] [DEBUG] debug-file - Executing task :entry:default@PreCheckSyscap
[2026-09-18T19:21:03.653] [DEBUG] debug-file - Executing task :entry:default@CreateBuildProfile
[2026-09-18T19:21:03.654] [DEBUG] debug-file - Executing task :entry:default@GeneratePkgContextInfo
[2026-09-18T19:21:03.659] [DEBUG] debug-file - Executing task :entry:default@ProcessIntegratedHsp
[2026-09-18T19:21:03.659] [DEBUG] debug-file - Executing task :entry:default@BuildNativeWithCmake
[2026-09-18T19:21:03.660] [DEBUG] debug-file - Executing task :entry:default@MakePackInfo
[2026-09-18T19:21:03.667] [DEBUG] debug-file - Executing task :entry:default@ProcessRouterMap
[2026-09-18T19:21:03.666] [DEBUG] debug-file - Executing task :entry:default@ProcessProfile
[2026-09-18T19:21:03.660] [DEBUG] debug-file - Executing task :entry:default@SyscapTransform
[2026-09-18T19:21:03.668] [DEBUG] debug-file - Executing task :entry:default@ProcessStartupConfig
[2026-09-18T19:21:03.668] [DEBUG] debug-file - Executing task :entry:default@ProcessShareConfig
[2026-09-18T19:21:03.670] [DEBUG] debug-file - Executing task :entry:default@ProcessResource
[2026-09-18T19:21:03.669] [DEBUG] debug-file - Executing task :entry:default@BuildNativeWithNinja
[2026-09-18T19:21:03.671] [DEBUG] debug-file - Executing task :entry:default@GenerateLoaderJson
[2026-09-18T19:21:03.673] [DEBUG] debug-file - Executing task :entry:default@ProcessLibs
[2026-09-18T19:21:03.674] [DEBUG] debug-file - Executing task :entry:default@CompileResource
[2026-09-18T19:21:03.638] [DEBUG] debug-file - start to load updatedOhPackageInfo to the disk
[2026-09-18T19:21:03.533] [DEBUG] debug-file - Starting plugin build process
[2026-09-18T19:21:03.009] [DEBUG] debug-file - env: hvigor-config.json5 content = {
  modelVersion: '5.0.0',
  hvigorVersion: '6.24.2',
  dependencies: { '@ohos/hvigor-ohos-plugin': '6.24.2' }
}
[2026-09-18T19:21:03.115] [DEBUG] debug-file - Cache service initialization finished in 2 ms 
[2026-09-18T19:21:03.532] [DEBUG] debug-file - hvigorfile, binding system plugins [Function: appTasks]
[2026-09-18T19:21:03.606] [DEBUG] debug-file - Picking option from product 'default' with build mode 'debug'.
[2026-09-18T19:21:03.608] [DEBUG] debug-file - /Users/abhi/Desktop/HarmonyOS Ports/OpenTwit-Web/build/cache/default/remote_hsp/remoteHspCache.json not exists.
[2026-09-18T19:21:03.624] [DEBUG] debug-file - Sdk init in 17 ms 
[2026-09-18T19:21:03.627] [DEBUG] debug-file - hvigorfile, begin to bind custom plugins...
[2026-09-18T19:21:03.605] [DEBUG] debug-file - App plugin register hook end...
[2026-09-18T19:21:03.640] [DEBUG] debug-file - Module entry Collected Dependency: 
[2026-09-18T19:21:03.643] [DEBUG] debug-file - Worker pool is initialized with config:  {
  minPoolNum: 2,
  maxPoolNum: undefined,
  maxCoreSize: undefined,
  cacheCapacity: undefined,
  cacheTtl: undefined
}
[2026-09-18T19:21:03.651] [DEBUG] debug-file - Task 'entry:default@GenerateMetadata' cost while wrapping incremental declarations: 1 ms 
[2026-09-18T19:21:03.644] [DEBUG] debug-file - Create  resident worker with id: 1.
[2026-09-18T19:21:03.646] [WARN] debug-file - The project has not explicitly set the 'targetSdkVersion' version at build-profile.json5. It is recommended to configure it. Reference: https://developer.huawei.com/consumer/en/doc/harmonyos-guides/ide-hvigor-build-profile-app#section45865492619
[2026-09-18T19:21:03.654] [DEBUG] debug-file - entry : default@PreCheckSyscap cost memory 0.0155487060546875
[2026-09-18T19:21:03.653] [DEBUG] debug-file - Task 'entry:default@CreateBuildProfile' cost while wrapping incremental declarations: 1 ms 
[2026-09-18T19:21:03.657] [DEBUG] debug-file - Task 'entry:default@GeneratePkgContextInfo' cost while wrapping incremental declarations: 1 ms 
[2026-09-18T19:21:03.659] [DEBUG] debug-file - entry:default@ProcessIntegratedHsp is not up-to-date, since the output file '/Users/abhi/Desktop/HarmonyOS Ports/OpenTwit-Web/build/cache/default/integrated_hsp/integratedHspCache.json' does not exist.
[2026-09-18T19:21:03.659] [DEBUG] debug-file - entry : default@BuildNativeWithCmake cost memory 0.01372528076171875
[2026-09-18T19:21:03.660] [DEBUG] debug-file - Incremental task entry:default@MakePackInfo pre-execution cost: 1 ms .
[2026-09-18T19:21:03.667] [DEBUG] debug-file - Incremental task entry:default@ProcessRouterMap pre-execution cost: 1 ms .
[2026-09-18T19:21:03.667] [DEBUG] debug-file - Task 'entry:default@ProcessProfile' cost while wrapping incremental declarations: 1 ms 
[2026-09-18T19:21:03.660] [DEBUG] debug-file - File: '/Users/abhi/Desktop/HarmonyOS Ports/OpenTwit-Web/entry/src/main/syscap.json' from 'sysCapJsonPath' is not exists, just ignore.
[2026-09-18T19:21:03.669] [DEBUG] debug-file - Task 'entry:default@ProcessStartupConfig' cost while wrapping incremental declarations: 1 ms 
[2026-09-18T19:21:03.668] [DEBUG] debug-file - Incremental task entry:default@ProcessShareConfig pre-execution cost: 1 ms .
[2026-09-18T19:21:03.670] [DEBUG] debug-file - Task 'entry:default@ProcessResource' cost while wrapping incremental declarations: 1 ms 
[2026-09-18T19:21:03.669] [DEBUG] debug-file - entry : default@BuildNativeWithNinja cost memory 0.01860809326171875
[2026-09-18T19:21:03.671] [DEBUG] debug-file - Task 'entry:default@GenerateLoaderJson' cost while wrapping incremental declarations: 1 ms 
[2026-09-18T19:21:03.674] [DEBUG] debug-file - Incremental task entry:default@ProcessLibs pre-execution cost: 1 ms .
[2026-09-18T19:21:03.675] [DEBUG] debug-file - entry:default@CompileResource is not up-to-date, since the input file '/Users/abhi/Desktop/HarmonyOS Ports/OpenTwit-Web/entry/src/main/resources' has been changed.
[2026-09-18T19:21:03.638] [DEBUG] debug-file - load to the disk finished
[2026-09-18T19:21:03.010] [DEBUG] debug-file - env: daemon=false
[2026-09-18T19:21:03.678] [DEBUG] debug-file - current process  memoryUsage: {
  rss: 297975808,
  heapTotal: 162054144,
  heapUsed: 137952272,
  external: 3012942,
  arrayBuffers: 204080
} os memoryUsage :15.84747314453125
[2026-09-18T19:21:03.635] [DEBUG] debug-file - Target 'default' config initialized
[2026-09-18T19:21:03.533] [DEBUG] debug-file - App plugin prepare start...
[2026-09-18T19:21:03.115] [DEBUG] debug-file - hvigorfile, resolving /Users/abhi/Desktop/HarmonyOS Ports/OpenTwit-Web/hvigorfile.ts
[2026-09-18T19:21:03.606] [DEBUG] debug-file - Product 'default' build option initialized
[2026-09-18T19:21:03.627] [DEBUG] debug-file - hvigorfile, no custom plugins were found in /Users/abhi/Desktop/HarmonyOS Ports/OpenTwit-Web/hvigorfile.ts
[2026-09-18T19:21:03.605] [DEBUG] debug-file - Plugin build process completed
[2026-09-18T19:21:03.647] [DEBUG] debug-file - Task 'entry:default@PreBuild' cost while wrapping incremental declarations: 1 ms 
[2026-09-18T19:21:03.654] [DEBUG] debug-file - runTaskFromQueue task cost before running: 543 ms 
[2026-09-18T19:21:03.651] [DEBUG] debug-file - Incremental task entry:default@GenerateMetadata pre-execution cost: 1 ms .
[2026-09-18T19:21:03.657] [DEBUG] debug-file - entry : default@GeneratePkgContextInfo cost memory 0.4634552001953125
[2026-09-18T19:21:03.659] [DEBUG] debug-file - Incremental task entry:default@ProcessIntegratedHsp pre-execution cost: 1 ms .
[2026-09-18T19:21:03.659] [DEBUG] debug-file - runTaskFromQueue task cost before running: 548 ms 
[2026-09-18T19:21:03.660] [DEBUG] debug-file - entry : default@MakePackInfo cost memory 0.09143829345703125
[2026-09-18T19:21:03.668] [DEBUG] debug-file - entry : default@ProcessRouterMap cost memory 0.1074676513671875
[2026-09-18T19:21:03.667] [DEBUG] debug-file - Incremental task entry:default@ProcessProfile pre-execution cost: 1 ms .
[2026-09-18T19:21:03.661] [DEBUG] debug-file - Task 'entry:default@SyscapTransform' cost while wrapping incremental declarations: 1 ms 
[2026-09-18T19:21:03.668] [DEBUG] debug-file - entry : default@ProcessShareConfig cost memory 0.08890533447265625
[2026-09-18T19:21:03.670] [DEBUG] debug-file - Incremental task entry:default@ProcessResource pre-execution cost: 1 ms .
[2026-09-18T19:21:03.669] [DEBUG] debug-file - runTaskFromQueue task cost before running: 558 ms 
[2026-09-18T19:21:03.672] [DEBUG] debug-file - Incremental task entry:default@GenerateLoaderJson pre-execution cost: 1 ms .
[2026-09-18T19:21:03.640] [DEBUG] debug-file - Module entry's total dependency: 0
[2026-09-18T19:21:03.675] [DEBUG] debug-file - Incremental task entry:default@CompileResource pre-execution cost: 1 ms .
[2026-09-18T19:21:03.639] [DEBUG] debug-file - Start to initialize dependency information.
[2026-09-18T19:21:03.674] [DEBUG] debug-file - entry : default@ProcessLibs cost memory 0.0800628662109375
[2026-09-18T19:21:03.635] [DEBUG] debug-file - Module 'entry' target 'default' build option initialized
[2026-09-18T19:21:03.533] [DEBUG] debug-file - App plugin prepare end...
[2026-09-18T19:21:03.669] [DEBUG] debug-file - entry:default@ProcessStartupConfig is not up-to-date, since the output file '/Users/abhi/Desktop/HarmonyOS Ports/OpenTwit-Web/entry/build/default/intermediates/startup/default/startup_config.json' does not exist.
[2026-09-18T19:21:03.010] [DEBUG] debug-file - no-daemon, use the parent process.execArgv --max-old-space-size=8192,--max-semi-space-size=16,--expose-gc
[2026-09-18T19:21:03.654] [DEBUG] debug-file - Incremental task entry:default@CreateBuildProfile pre-execution cost: 1 ms .
[2026-09-18T19:21:03.606] [DEBUG] debug-file - End initialize project's product build option map with build mode 'debug'.
[2026-09-18T19:21:03.627] [DEBUG] debug-file - hvigorfile, resolve finished /Users/abhi/Desktop/HarmonyOS Ports/OpenTwit-Web/hvigorfile.ts
[2026-09-18T19:21:03.654] [INFO] debug-file - Finished :entry:default@PreCheckSyscap... after 1 ms 
[2026-09-18T19:21:03.652] [DEBUG] debug-file - entry : default@GenerateMetadata cost memory 0.27838134765625
[2026-09-18T19:21:03.657] [DEBUG] debug-file - runTaskFromQueue task cost before running: 546 ms 
[2026-09-18T19:21:03.659] [DEBUG] debug-file - entry : default@ProcessIntegratedHsp cost memory 0.04706573486328125
[2026-09-18T19:21:03.659] [INFO] debug-file - Finished :entry:default@BuildNativeWithCmake... after 1 ms 
[2026-09-18T19:21:03.660] [INFO] debug-file - UP-TO-DATE :entry:default@MakePackInfo...  
[2026-09-18T19:21:03.668] [INFO] debug-file - UP-TO-DATE :entry:default@ProcessRouterMap...  
[2026-09-18T19:21:03.667] [DEBUG] debug-file - entry : default@ProcessProfile cost memory 0.110137939453125
[2026-09-18T19:21:03.666] [DEBUG] debug-file - Incremental task entry:default@SyscapTransform pre-execution cost: 5 ms .
[2026-09-18T19:21:03.668] [INFO] debug-file - UP-TO-DATE :entry:default@ProcessShareConfig...  
[2026-09-18T19:21:03.670] [DEBUG] debug-file - entry : default@ProcessResource cost memory 0.11896514892578125
[2026-09-18T19:21:03.669] [INFO] debug-file - Finished :entry:default@BuildNativeWithNinja... after 1 ms 
[2026-09-18T19:21:03.672] [DEBUG] debug-file - entry : default@GenerateLoaderJson cost memory 0.26868438720703125
[2026-09-18T19:21:03.641] [DEBUG] debug-file - Configuration phase cost:527 ms 
[2026-09-18T19:21:03.677] [DEBUG] debug-file - Use tool [/Users/abhi/.ohos/sdk-remap/24/toolchains/restool]
 [
  '/Users/abhi/.ohos/sdk-remap/24/toolchains/restool',
  '-l',
  '/Users/abhi/Desktop/HarmonyOS Ports/OpenTwit-Web/entry/build/default/intermediates/res/default/resConfig.json'
]
[2026-09-18T19:21:03.639] [DEBUG] debug-file - Module OpenTwit-Web Collected Dependency: 
[2026-09-18T19:21:03.674] [INFO] debug-file - UP-TO-DATE :entry:default@ProcessLibs...  
[2026-09-18T19:21:03.533] [DEBUG] debug-file - App plugin creating...
[2026-09-18T19:21:03.635] [DEBUG] debug-file - End initialize module-target build option map, moduleName=entry
[2026-09-18T19:21:03.669] [DEBUG] debug-file - Incremental task entry:default@ProcessStartupConfig pre-execution cost: 1 ms .
[2026-09-18T19:21:03.654] [DEBUG] debug-file - entry : default@CreateBuildProfile cost memory 0.08860015869140625
[2026-09-18T19:21:03.627] [DEBUG] debug-file - hvigorfile, resolving /Users/abhi/Desktop/HarmonyOS Ports/OpenTwit-Web/entry/hvigorfile.ts
[2026-09-18T19:21:03.657] [INFO] debug-file - Finished :entry:default@GeneratePkgContextInfo... after 3 ms 
[2026-09-18T19:21:03.659] [DEBUG] debug-file - runTaskFromQueue task cost before running: 548 ms 
[2026-09-18T19:21:03.649] [DEBUG] debug-file - Incremental task entry:default@PreBuild pre-execution cost: 2 ms .
[2026-09-18T19:21:03.667] [INFO] debug-file - UP-TO-DATE :entry:default@ProcessProfile...  
[2026-09-18T19:21:03.666] [DEBUG] debug-file - entry : default@SyscapTransform cost memory 0.35358428955078125
[2026-09-18T19:21:03.671] [INFO] debug-file - UP-TO-DATE :entry:default@ProcessResource...  
[2026-09-18T19:21:03.670] [DEBUG] debug-file - restool module names: entry; moduleName=entry, taskName=default@ProcessResource
[2026-09-18T19:21:03.673] [INFO] debug-file - UP-TO-DATE :entry:default@GenerateLoaderJson...  
[2026-09-18T19:21:03.642] [DEBUG] debug-file - Configuration task cost before running: 531 ms 
[2026-09-18T19:21:03.639] [DEBUG] debug-file - Module OpenTwit-Web's total dependency: 0
[2026-09-18T19:21:03.674] [DEBUG] debug-file - restool module names: entry; moduleName=entry, taskName=default@CompileResource
[2026-09-18T19:21:03.652] [INFO] debug-file - UP-TO-DATE :entry:default@GenerateMetadata...  
[2026-09-18T19:21:03.635] [DEBUG] debug-file - Start initialize module-target build option map, moduleName=entry, buildMode=release
[2026-09-18T19:21:03.630] [DEBUG] debug-file - hvigorfile, require result:  { default: { system: [Function: hapTasks], plugins: [] } }
[2026-09-18T19:21:03.654] [INFO] debug-file - UP-TO-DATE :entry:default@CreateBuildProfile...  
[2026-09-18T19:21:03.659] [INFO] debug-file - Finished :entry:default@ProcessIntegratedHsp... after 1 ms 
[2026-09-18T19:21:03.649] [DEBUG] debug-file - entry : default@PreBuild cost memory 0.6078567504882812
[2026-09-18T19:21:03.669] [DEBUG] debug-file - entry : default@ProcessStartupConfig cost memory 0.07424163818359375
[2026-09-18T19:21:03.666] [INFO] debug-file - UP-TO-DATE :entry:default@SyscapTransform...  
[2026-09-18T19:21:03.657] [DEBUG] debug-file - Executing task :entry:default@GeneratePkgSdkInfo
[2026-09-18T19:21:03.652] [DEBUG] debug-file - Executing task :entry:default@ConfigureCmake
[2026-09-18T19:21:03.635] [DEBUG] debug-file - Target 'default' config initialized
[2026-09-18T19:21:03.630] [DEBUG] debug-file - hvigorfile, binding system plugins [Function: hapTasks]
[2026-09-18T19:21:03.650] [INFO] debug-file - UP-TO-DATE :entry:default@PreBuild...  
[2026-09-18T19:21:03.669] [DEBUG] debug-file - runTaskFromQueue task cost before running: 558 ms 
[2026-09-18T19:21:03.658] [DEBUG] debug-file - Task 'entry:default@GeneratePkgSdkInfo' cost while wrapping incremental declarations: 1 ms 
[2026-09-18T19:21:03.635] [DEBUG] debug-file - Module 'entry' target 'default' build option initialized
[2026-09-18T19:21:03.630] [DEBUG] debug-file - Starting plugin build process
[2026-09-18T19:21:03.652] [DEBUG] debug-file - entry : default@ConfigureCmake cost memory 0.0120849609375
[2026-09-18T19:21:03.650] [DEBUG] debug-file - Executing task :entry:default@CreateModuleInfo
[2026-09-18T19:21:03.669] [INFO] debug-file - Finished :entry:default@ProcessStartupConfig... after 1 ms 
[2026-09-18T19:21:03.658] [DEBUG] debug-file - Incremental task entry:default@GeneratePkgSdkInfo pre-execution cost: 1 ms .
[2026-09-18T19:21:03.635] [DEBUG] debug-file - End initialize module-target build option map, moduleName=entry
[2026-09-18T19:21:03.630] [DEBUG] debug-file - Hap plugin creating...
[2026-09-18T19:21:03.652] [DEBUG] debug-file - runTaskFromQueue task cost before running: 541 ms 
[2026-09-18T19:21:03.650] [DEBUG] debug-file - Task 'entry:default@CreateModuleInfo' cost while wrapping incremental declarations: 1 ms 
[2026-09-18T19:21:03.658] [DEBUG] debug-file - entry : default@GeneratePkgSdkInfo cost memory 0.10140228271484375
[2026-09-18T19:21:03.635] [DEBUG] debug-file - Start initialize module-target build option map, moduleName=entry, buildMode=debug
[2026-09-18T19:21:03.652] [INFO] debug-file - Finished :entry:default@ConfigureCmake... after 1 ms 
[2026-09-18T19:21:03.650] [DEBUG] debug-file - entry : default@CreateModuleInfo cost memory 0.0359649658203125
[2026-09-18T19:21:03.658] [INFO] debug-file - UP-TO-DATE :entry:default@GeneratePkgSdkInfo...  
[2026-09-18T19:21:03.635] [DEBUG] debug-file - Target 'default' config initialized
[2026-09-18T19:21:03.650] [DEBUG] debug-file - runTaskFromQueue task cost before running: 539 ms 
[2026-09-18T19:21:03.652] [DEBUG] debug-file - Executing task :entry:default@MergeProfile
[2026-09-18T19:21:03.650] [INFO] debug-file - Finished :entry:default@CreateModuleInfo... after 1 ms 
[2026-09-18T19:21:03.652] [DEBUG] debug-file - Task 'entry:default@MergeProfile' cost while wrapping incremental declarations: 1 ms 
[2026-09-18T19:21:03.635] [DEBUG] debug-file - Module 'entry' target 'default' build option initialized
[2026-09-18T19:21:03.653] [DEBUG] debug-file - Incremental task entry:default@MergeProfile pre-execution cost: 1 ms .
[2026-09-18T19:21:03.635] [DEBUG] debug-file - End initialize module-target build option map, moduleName=entry
[2026-09-18T19:21:03.653] [DEBUG] debug-file - entry : default@MergeProfile cost memory 0.10736083984375
[2026-09-18T19:21:03.635] [DEBUG] debug-file - Obtain build option for module 'entry' target 'default'in this build.
[2026-09-18T19:21:03.653] [INFO] debug-file - UP-TO-DATE :entry:default@MergeProfile...  
[2026-09-18T19:21:03.637] [DEBUG] debug-file - Module entry task initialization takes 2 ms 
[2026-09-18T19:21:03.637] [DEBUG] debug-file - Hap plugin register hook start...
[2026-09-18T19:21:03.637] [DEBUG] debug-file - Hap plugin register hook end...
[2026-09-18T19:21:03.637] [DEBUG] debug-file - Plugin build process completed
[2026-09-18T19:21:03.637] [DEBUG] debug-file - hvigorfile, begin to bind custom plugins...
[2026-09-18T19:21:03.637] [DEBUG] debug-file - hvigorfile, no custom plugins were found in /Users/abhi/Desktop/HarmonyOS Ports/OpenTwit-Web/entry/hvigorfile.ts
[2026-09-18T19:21:03.637] [DEBUG] debug-file - hvigorfile, resolve finished /Users/abhi/Desktop/HarmonyOS Ports/OpenTwit-Web/entry/hvigorfile.ts
[2026-09-18T19:21:03.687] [DEBUG] debug-file - Info: Pack: normal pack mode

[2026-09-18T19:21:03.687] [DEBUG] debug-file - Warning: 'extensionPath' value cannot be empty.
at /Users/abhi/Desktop/HarmonyOS Ports/OpenTwit-Web/entry/build/default/intermediates/res/default/opt-compression.json

[2026-09-18T19:21:03.711] [DEBUG] debug-file - Info: hardware concurrency count is : 10
Info: thread count is : 10

[2026-09-18T19:21:03.711] [DEBUG] debug-file - Info: thread pool is started

[2026-09-18T19:21:03.711] [DEBUG] debug-file - Info: GenericCompiler::CompileFiles

[2026-09-18T19:21:03.712] [DEBUG] debug-file - Info: GenericCompiler::CompileFiles

[2026-09-18T19:21:03.712] [DEBUG] debug-file - Warning: '/Users/abhi/Desktop/HarmonyOS Ports/OpenTwit-Web/entry/src/main/resources/base/media/app_icon.png' is defined repeatedly.

[2026-09-18T19:21:03.712] [DEBUG] debug-file - Info: GenericCompiler::CompileFiles

[2026-09-18T19:21:03.713] [DEBUG] debug-file - Info: scale icon is not enable.

[2026-09-18T19:21:03.713] [DEBUG] debug-file - Info: restool resources compile success.

[2026-09-18T19:21:03.713] [DEBUG] debug-file - Info: thread pool is stopped

[2026-09-18T19:21:03.715] [DEBUG] debug-file - entry : default@CompileResource cost memory 2.3994674682617188
[2026-09-18T19:21:03.715] [DEBUG] debug-file - runTaskFromQueue task cost before running: 604 ms 
[2026-09-18T19:21:03.716] [DEBUG] debug-file - Executing task :entry:default@DoNativeStrip
[2026-09-18T19:21:03.717] [DEBUG] debug-file - Executing task :entry:default@CompileArkTS
[2026-09-18T19:21:03.723] [DEBUG] debug-file - Executing task :entry:default@BuildJS
[2026-09-18T19:21:03.723] [DEBUG] debug-file - Executing task :entry:default@CacheNativeLibs
[2026-09-18T19:21:03.715] [INFO] debug-file - Finished :entry:default@CompileResource... after 41 ms 
[2026-09-18T19:21:03.717] [DEBUG] debug-file - obfuscationOptions: undefined
[2026-09-18T19:21:03.716] [DEBUG] debug-file - File: '/Users/abhi/Desktop/HarmonyOS Ports/OpenTwit-Web/entry/build/default/intermediates/binxo/default' from 'doBinxoNativeLibs' is not exists, just ignore.
[2026-09-18T19:21:03.723] [DEBUG] debug-file - Task 'entry:default@BuildJS' cost while wrapping incremental declarations: 1 ms 
[2026-09-18T19:21:03.724] [DEBUG] debug-file - File: '/Users/abhi/Desktop/HarmonyOS Ports/OpenTwit-Web/entry/build/default/intermediates/binxo/default' from 'cacheBinxoNativeLibs' is not exists, just ignore.
[2026-09-18T19:21:03.717] [DEBUG] debug-file - Task 'entry:default@CompileArkTS' cost while wrapping incremental declarations: 1 ms 
[2026-09-18T19:21:03.716] [DEBUG] debug-file - Task 'entry:default@DoNativeStrip' cost while wrapping incremental declarations: 1 ms 
[2026-09-18T19:21:03.723] [DEBUG] debug-file - entry : default@BuildJS cost memory 0.11252593994140625
[2026-09-18T19:21:03.724] [DEBUG] debug-file - Task 'entry:default@CacheNativeLibs' cost while wrapping incremental declarations: 1 ms 
[2026-09-18T19:21:03.716] [DEBUG] debug-file - Incremental task entry:default@DoNativeStrip pre-execution cost: 1 ms .
[2026-09-18T19:21:03.723] [DEBUG] debug-file - runTaskFromQueue task cost before running: 612 ms 
[2026-09-18T19:21:03.724] [DEBUG] debug-file - Incremental task entry:default@CacheNativeLibs pre-execution cost: 1 ms .
[2026-09-18T19:21:03.721] [DEBUG] debug-file - build config:
[2026-09-18T19:21:03.716] [DEBUG] debug-file - entry : default@DoNativeStrip cost memory 0.0681610107421875
[2026-09-18T19:21:03.723] [INFO] debug-file - Finished :entry:default@BuildJS... after 1 ms 
[2026-09-18T19:21:03.724] [DEBUG] debug-file - entry : default@CacheNativeLibs cost memory 0.0838623046875
[2026-09-18T19:21:03.721] [DEBUG] debug-file - {
  moduleType: 'entry',
  perf: 0,
  targetName: '.default',
  packageManagerType: 'ohpm',
  localPropertiesPath: '/Users/abhi/Desktop/HarmonyOS Ports/OpenTwit-Web/local.properties',
  isPreview: false,
  isOhosTest: false,
  isLocalTest: false,
  buildMode: 'Debug',
  hotReloadBuild: undefined,
  watchMode: 'false',
  aceProfilePath: '/Users/abhi/Desktop/HarmonyOS Ports/OpenTwit-Web/entry/build/default/intermediates/res/default/resources/base/profile',
  etsLoaderPath: '/Users/abhi/Developer/command-line-tools/sdk/default/openharmony/ets/build-tools/ets-loader',
  modulePath: '/Users/abhi/Desktop/HarmonyOS Ports/OpenTwit-Web/entry',
  testFrameworkPar: {
    testMode: undefined,
    coveragePathFilter: undefined,
    coverageMode: undefined
  },
  needCoverageInsert: false,
  debugLine: false,
  projectTopDir: '/Users/abhi/Desktop/HarmonyOS Ports/OpenTwit-Web',
  compileSdkVersion: 24,
  compatibleSdkVersion: 24,
  originCompatibleSdkVersion: 24,
  compatibleSdkVersionStage: undefined,
  bundleName: 'c***t',
  etsLoaderVersion: '6.1.1.125',
  etsLoaderReleaseType: 'Release',
  aotCompileMode: 'type',
  apPath: '/Users/abhi/Desktop/HarmonyOS Ports/OpenTwit-Web/entry/modules.ap',
  entryModuleName: 'entry',
  entryModuleVersion: '1.0.0',
  entryPackageName: 'entry',
  allModuleNameHash: 'a660c64699cc15ae89ec0a8db121631e43f9cac40a33c65ab3bb5b24a32a70f0',
  externalApiPaths: [],
  compilerTypes: [],
  isCrossplatform: false,
  hvigorPluginFile: undefined,
  compilePluginPath: undefined,
  buildGeneratedProfilePath: '/Users/abhi/Desktop/HarmonyOS Ports/OpenTwit-Web/entry/build/default/generated/profile/default',
  bundleType: 'app',
  arkTSVersion: undefined,
  apiVersion: 24,
  needCompleteSourcesMap: false,
  isFaMode: false,
  buildDir: '/Users/abhi/Desktop/HarmonyOS Ports/OpenTwit-Web/entry/build',
  deviceTypes: [ 'default', 'tablet' ],
  pkgContextInfo: undefined,
  ohPackagePathMap: {},
  dependencyAliasMap: {},
  permission: { requestPermissions: [ [Object] ], definePermissions: undefined },
  useGetCurrentBundleName: false,
  projectArkOption: undefined,
  sourceMapDir: undefined,
  branchElimination: false,
  transformLib: undefined,
  tsImportSendable: false,
  resolveConflictMode: true,
  depName2RootPath: {},
  depName2DepInfo: {},
  depName2OhExports: {},
  rootPathSet: [ '/Users/abhi/Desktop/HarmonyOS Ports/OpenTwit-Web' ],
  useNativeResolver: true,
  shouldEmitJs: true,
  useTscResolve: false,
  singleFileEmit: false,
  userProjectConfig: {
    autoLazyImport: false,
    allowEmptyBundleName: false,
    reExportCheckMode: 'noCheck',
    executionMode: 'memory',
    usePathPlaceholder: false,
    writeRollupCache: true,
    isExpandImportEnabled: false,
    expandImportExclude: '',
    lazyImportExclude: '',
    lazyImportInclude: '',
    ignoreCrossplatformCheck: false,
    isHarDeduplicateEnabled: false,
    skipOhModulesLint: false,
    enableStrictCheckOHModule: false,
    disableSendableCheckRules: [],
    useDeclarationFileSignature: false,
    customizedOptions: undefined,
    integratedHsp: false,
    isPreloadSoEnabled: false
  },
  executionMode: 'memory',
  arkCompileCachePath: '/Users/abhi/Desktop/HarmonyOS Ports/OpenTwit-Web/entry/build/default/cache/default/default@CompileArkTS/esmodule',
  autoLazyFilter: undefined,
  isHarDeduplicateEnabled: false,
  intermediateHarDuplicateDirPath: '/Users/abhi/Desktop/HarmonyOS Ports/OpenTwit-Web/entry/build/default/intermediates/har_duplicate/default',
  autoLazyImport: false,
  allowEmptyBundleName: false,
  reExportCheckMode: 'noCheck',
  usePathPlaceholder: false,
  writeRollupCache: true,
  isExpandImportEnabled: false,
  expandImportExclude: '',
  lazyImportExclude: '',
  lazyImportInclude: '',
  ignoreCrossplatformCheck: false,
  skipOhModulesLint: false,
  enableStrictCheckOHModule: false,
  disableSendableCheckRules: [],
  useDeclarationFileSignature: false,
  customizedOptions: undefined,
  integratedHsp: false,
  isPreloadSoEnabled: false,
  strictMode: undefined,
  useNormalizedOHMUrl: false,
  caseSensitiveCheck: false,
  strictCheckerOnly: false,
  aceModuleJsonPath: '/Users/abhi/Desktop/HarmonyOS Ports/OpenTwit-Web/entry/build/default/intermediates/res/default/ark_module.json',
  appResource: '/Users/abhi/Desktop/HarmonyOS Ports/OpenTwit-Web/entry/build/default/intermediates/res/default/ResourceTable.txt',
  rawFileResource: '/Users/abhi/Desktop/HarmonyOS Ports/OpenTwit-Web/entry/build/default/intermediates/res/default/resources/rawfile',
  resourceTableHash: 'd7a9236f79d294e315bc3d1b504e5b678296b83b90f2a4955d74858ab482ce10',
  runtimeOS: 'OpenHarmony',
  sdkInfo: 'true:24:6.1.1.125:Release',
  aceModuleRoot: '/Users/abhi/Desktop/HarmonyOS Ports/OpenTwit-Web/entry/src/main/ets',
  compileMode: 'esmodule',
  aceSuperVisualPath: '/Users/abhi/Desktop/HarmonyOS Ports/OpenTwit-Web/entry/src/main/supervisual',
  aceBuildJson: '/Users/abhi/Desktop/HarmonyOS Ports/OpenTwit-Web/entry/build/default/intermediates/loader/default/loader.json',
  cachePath: '/Users/abhi/Desktop/HarmonyOS Ports/OpenTwit-Web/entry/build/default/cache/default/default@CompileArkTS/esmodule/debug',
  aceModuleBuild: '/Users/abhi/Desktop/HarmonyOS Ports/OpenTwit-Web/entry/build/default/intermediates/loader_out/default/ets',
  supportChunks: true,
  declaredFilesPath: undefined,
  shouldCollectDirectImportees: false,
  isByteCodeHarOptimize: false,
  expandImportPath: undefined,
  resourceTableTs: '/Users/abhi/Desktop/HarmonyOS Ports/OpenTwit-Web/entry/build/default/generated/r/default/ResourceTable.ts',
  moduleMetaInfoFiles: [
    {
      filePath: '/Users/abhi/Desktop/HarmonyOS Ports/OpenTwit-Web/entry/build/default/generated/r/default/ResourceTable.ts',
      ohmurl: 'com.example.opentwit/entry/build/generated/r/ResourceTable'
    }
  ],
  pkgNameToPkgBriefInfo: {
    entry: {
      pkgRoot: '/Users/abhi/Desktop/HarmonyOS Ports/OpenTwit-Web/entry',
      originalSourceRoots: undefined,
      sourceRoots: [Array],
      pkgName: 'entry'
    }
  },
  projectModel: {
    '/Users/abhi/Desktop/HarmonyOS Ports/OpenTwit-Web/entry/src/main': {
      moduleName: 'entry',
      modulePkgPath: '/Users/abhi/Desktop/HarmonyOS Ports/OpenTwit-Web/entry',
      belongProjectPath: '/Users/abhi/Desktop/HarmonyOS Ports/OpenTwit-Web'
    },
    '/Users/abhi/Desktop/HarmonyOS Ports/OpenTwit-Web/entry': {
      moduleName: 'entry',
      modulePkgPath: '/Users/abhi/Desktop/HarmonyOS Ports/OpenTwit-Web/entry',
      belongProjectPath: '/Users/abhi/Desktop/HarmonyOS Ports/OpenTwit-Web'
    },
    '/Users/abhi/Desktop/HarmonyOS Ports/OpenTwit-Web': {
      moduleName: 'OpenTwit-Web',
      modulePkgPath: '/Users/abhi/Desktop/HarmonyOS Ports/OpenTwit-Web',
      belongProjectPath: '/Users/abhi/Desktop/HarmonyOS Ports/OpenTwit-Web'
    }
  },
  pkgJsonFileHash: '609e42aafe57c1140ce946bba289e7e1f03709e595812d94d07acc55c62a42dd',
  allModulePaths: [ '/Users/abhi/Desktop/HarmonyOS Ports/OpenTwit-Web/entry' ],
  routerMap: {},
  obfuscationOptions: undefined,
  byteCodeHarToDependencyKeys: undefined,
  compileBlockPkg: [],
  mockParams: {
    decorator: '@MockSetup',
    packageName: '@ohos/hamock',
    etsSourceRootPath: 'src/main/ets',
    mockConfigPath: undefined,
    mockConfigKey2ModuleInfo: {},
    source2ModuleIdMap: {}
  },
  copyCodeResourceEnable: true,
  copyCodeResourceExcludes: [],
  copyCodeResourceIncludes: undefined,
  uiTransformOptimization: false,
  sdkPath: '/Users/abhi/.ohos/sdk-remap',
  needPreloadSoFileSet: {},
  preloadSoFilePath: '/Users/abhi/Desktop/HarmonyOS Ports/OpenTwit-Web/entry/build/default/intermediates/preload/default/preload.json',
  useSourceHash: false,
  localModuleParamMap: {},
  otherPaths: {
    'entry/*': [ '../*', '../../../build/default/generated/profile/default/*' ]
  },
  collectImportersConfig: undefined
}
[2026-09-18T19:21:03.716] [INFO] debug-file - UP-TO-DATE :entry:default@DoNativeStrip...  
[2026-09-18T19:21:03.724] [INFO] debug-file - UP-TO-DATE :entry:default@CacheNativeLibs...  
[2026-09-18T19:21:03.721] [DEBUG] debug-file - default@CompileArkTS work[0] is submitted.
[2026-09-18T19:21:03.721] [DEBUG] debug-file - default@CompileArkTS work[0] is pushed to ready queue.
[2026-09-18T19:21:03.721] [DEBUG] debug-file - A work dispatched to worker[9] failed because unable to get work from ready queue.
[2026-09-18T19:21:03.721] [DEBUG] debug-file - A work dispatched to worker[8] failed because unable to get work from ready queue.
[2026-09-18T19:21:03.721] [DEBUG] debug-file - A work dispatched to worker[7] failed because unable to get work from ready queue.
[2026-09-18T19:21:03.721] [DEBUG] debug-file - A work dispatched to worker[6] failed because unable to get work from ready queue.
[2026-09-18T19:21:03.721] [DEBUG] debug-file - A work dispatched to worker[5] failed because unable to get work from ready queue.
[2026-09-18T19:21:03.721] [DEBUG] debug-file - Create  resident worker with id: 4.
[2026-09-18T19:21:03.722] [DEBUG] debug-file - default@CompileArkTS work[0] has been dispatched to worker[4].
[2026-09-18T19:21:03.722] [DEBUG] debug-file - default@CompileArkTS work[0] is dispatched.
[2026-09-18T19:21:03.722] [DEBUG] debug-file - CopyResources startTime: 13870211638750
[2026-09-18T19:21:03.722] [DEBUG] debug-file - default@CompileArkTS work[1] is submitted.
[2026-09-18T19:21:03.722] [DEBUG] debug-file - default@CompileArkTS work[1] is pushed to ready queue.
[2026-09-18T19:21:03.722] [DEBUG] debug-file - A work dispatched to worker[9] failed because unable to get work from ready queue.
[2026-09-18T19:21:03.722] [DEBUG] debug-file - Create  resident worker with id: 8.
[2026-09-18T19:21:03.722] [DEBUG] debug-file - default@CompileArkTS work[1] has been dispatched to worker[8].
[2026-09-18T19:21:03.722] [DEBUG] debug-file - default@CompileArkTS work[1] is dispatched.
[2026-09-18T19:21:03.722] [DEBUG] debug-file - entry : default@CompileArkTS cost memory 1.6803665161132812
[2026-09-18T19:21:03.935] [DEBUG] debug-file - worker[8] has one work done.
[2026-09-18T19:21:03.935] [DEBUG] debug-file - CopyResources is end, endTime: 13870424943958
[2026-09-18T19:21:03.935] [DEBUG] debug-file - default@CompileArkTS work[1] done.
[2026-09-18T19:21:03.935] [DEBUG] debug-file - A work dispatched to worker[8] failed because unable to get work from ready queue.
[2026-09-18T19:21:06.115] [DEBUG] debug-file - worker[4] has one work error.
[2026-09-18T19:21:06.115] [DEBUG] debug-file - Ark compile task finished.finished time is 13872605127541
[2026-09-18T19:21:06.115] [DEBUG] debug-file - default@CompileArkTS work[0] failed.
[2026-09-18T19:21:06.116] [ERROR] debug-file - Failed :entry:default@CompileArkTS... 
[2026-09-18T19:21:06.116] [WARN] debug-file - 
[33m1 WARN: [33m[33mArkTS:WARN File: /Users/abhi/Desktop/HarmonyOS Ports/OpenTwit-Web/entry/src/main/ets/services/WebTimeline.ets:44:54
 Usage of 'ESObject' type is restricted (arkts-limited-esobj)
[39m[39m
[33m2 WARN: [33m[33mArkTS:WARN File: /Users/abhi/Desktop/HarmonyOS Ports/OpenTwit-Web/entry/src/main/ets/services/WebTimeline.ets:74:17
 Usage of 'ESObject' type is restricted (arkts-limited-esobj)
[39m[39m
[33m3 WARN: [33m[33mArkTS:WARN File: /Users/abhi/Desktop/HarmonyOS Ports/OpenTwit-Web/entry/src/main/ets/services/WebTimeline.ets:81:25
 Usage of 'ESObject' type is restricted (arkts-limited-esobj)
[39m[39m
[33m4 WARN: [33m[33mArkTS:WARN File: /Users/abhi/Desktop/HarmonyOS Ports/OpenTwit-Web/entry/src/main/ets/services/WebTimeline.ets:89:17
 Usage of 'ESObject' type is restricted (arkts-limited-esobj)
[39m[39m
[33m5 WARN: [33m[33mArkTS:WARN File: /Users/abhi/Desktop/HarmonyOS Ports/OpenTwit-Web/entry/src/main/ets/services/WebTimeline.ets:94:19
 Usage of 'ESObject' type is restricted (arkts-limited-esobj)
[39m[39m
[33m6 WARN: [33m[33mArkTS:WARN File: /Users/abhi/Desktop/HarmonyOS Ports/OpenTwit-Web/entry/src/main/ets/services/WebTimeline.ets:100:17
 Usage of 'ESObject' type is restricted (arkts-limited-esobj)
[39m[39m
[33m7 WARN: [33m[33mArkTS:WARN File: /Users/abhi/Desktop/HarmonyOS Ports/OpenTwit-Web/entry/src/main/ets/services/WebTimeline.ets:107:19
 Usage of 'ESObject' type is restricted (arkts-limited-esobj)
[39m[39m
[33m8 WARN: [33m[33mArkTS:WARN File: /Users/abhi/Desktop/HarmonyOS Ports/OpenTwit-Web/entry/src/main/ets/services/WebTimeline.ets:116:17
 Usage of 'ESObject' type is restricted (arkts-limited-esobj)
[39m[39m
[33m9 WARN: [33m[33mArkTS:WARN File: /Users/abhi/Desktop/HarmonyOS Ports/OpenTwit-Web/entry/src/main/ets/services/WebTimeline.ets:123:19
 Usage of 'ESObject' type is restricted (arkts-limited-esobj)
[39m[39m
[33m10 WARN: [33m[33mArkTS:WARN File: /Users/abhi/Desktop/HarmonyOS Ports/OpenTwit-Web/entry/src/main/ets/services/WebTimeline.ets:130:36
 Usage of 'ESObject' type is restricted (arkts-limited-esobj)
[39m[39m
[33m11 WARN: [33m[33mArkTS:WARN: For details about ArkTS syntax errors, see FAQs[39m[39m
[33m12 WARN: [33m[33mArkTS:WARN File: /Users/abhi/Desktop/HarmonyOS Ports/OpenTwit-Web/entry/src/main/ets/common/TokenStore.ets:9:18
 Function may throw exceptions. Special handling is required.
[39m[39m
[33m13 WARN: [33m[33mArkTS:WARN File: /Users/abhi/Desktop/HarmonyOS Ports/OpenTwit-Web/entry/src/main/ets/common/TokenStore.ets:14:11
 Function may throw exceptions. Special handling is required.
[39m[39m
[33m14 WARN: [33m[33mArkTS:WARN File: /Users/abhi/Desktop/HarmonyOS Ports/OpenTwit-Web/entry/src/main/ets/common/TokenStore.ets:15:11
 Function may throw exceptions. Special handling is required.
[39m[39m
[33m15 WARN: [33m[33mArkTS:WARN File: /Users/abhi/Desktop/HarmonyOS Ports/OpenTwit-Web/entry/src/main/ets/common/TokenStore.ets:20:18
 Function may throw exceptions. Special handling is required.
[39m[39m
[33m16 WARN: [33m[33mArkTS:WARN File: /Users/abhi/Desktop/HarmonyOS Ports/OpenTwit-Web/entry/src/main/ets/common/TokenStore.ets:25:11
 Function may throw exceptions. Special handling is required.
[39m[39m
[33m17 WARN: [33m[33mArkTS:WARN File: /Users/abhi/Desktop/HarmonyOS Ports/OpenTwit-Web/entry/src/main/ets/common/TokenStore.ets:26:11
 Function may throw exceptions. Special handling is required.
[39m[39m
[33m18 WARN: [33m[33mArkTS:WARN File: /Users/abhi/Desktop/HarmonyOS Ports/OpenTwit-Web/entry/src/main/ets/common/TokenStore.ets:31:18
 Function may throw exceptions. Special handling is required.
[39m[39m
[33m19 WARN: [33m[33mArkTS:WARN File: /Users/abhi/Desktop/HarmonyOS Ports/OpenTwit-Web/entry/src/main/ets/pages/Home.ets:18:58
 'getContext' has been deprecated.
[39m[39m
[33m20 WARN: [33m[33mArkTS:WARN File: /Users/abhi/Desktop/HarmonyOS Ports/OpenTwit-Web/entry/src/main/ets/pages/Home.ets:24:56
 'getContext' has been deprecated.
[39m[39m
[33m21 WARN: [33m[33mArkTS:WARN File: /Users/abhi/Desktop/HarmonyOS Ports/OpenTwit-Web/entry/src/main/ets/pages/Explore.ets:16:57
 'getContext' has been deprecated.
[39m[39m
[33m22 WARN: [33m[33mArkTS:WARN File: /Users/abhi/Desktop/HarmonyOS Ports/OpenTwit-Web/entry/src/main/ets/pages/Notify.ets:14:57
 'getContext' has been deprecated.
[39m[39m
[33m23 WARN: [33m[33mArkTS:WARN File: /Users/abhi/Desktop/HarmonyOS Ports/OpenTwit-Web/entry/src/main/ets/pages/Messages.ets:13:57
 'getContext' has been deprecated.
[39m[39m
[33m24 WARN: [33m[33mArkTS:WARN File: /Users/abhi/Desktop/HarmonyOS Ports/OpenTwit-Web/entry/src/main/ets/pages/Profile.ets:11:49
 'getContext' has been deprecated.
[39m[39m
[33m25 WARN: [33m[33mArkTS:WARN File: /Users/abhi/Desktop/HarmonyOS Ports/OpenTwit-Web/entry/src/main/ets/pages/Profile.ets:67:22
 'pushUrl' has been deprecated.
[39m[39m
[33m26 WARN: [33m[33mArkTS:WARN File: /Users/abhi/Desktop/HarmonyOS Ports/OpenTwit-Web/entry/src/main/ets/pages/Login.ets:19:46
 'getContext' has been deprecated.
[39m[39m
[33m27 WARN: [33m[33mArkTS:WARN File: /Users/abhi/Desktop/HarmonyOS Ports/OpenTwit-Web/entry/src/main/ets/pages/Login.ets:23:18
 'pushUrl' has been deprecated.
[39m[39m
[33m28 WARN: [33mArkTS:WARN File: /Users/abhi/Desktop/HarmonyOS Ports/OpenTwit-Web/entry/src/main/ets/pages/Login.ets:4:1
 It's not a recommended way to export struct with '@Entry' decorator, which may cause ACE Engine error in component preview mode.[39m[39m
[33m29 WARN: [33mArkTS:WARN File: /Users/abhi/Desktop/HarmonyOS Ports/OpenTwit-Web/entry/src/main/ets/common/Theme.ets:16:1
 It's not a recommended way to export struct with '@Entry' decorator, which may cause ACE Engine error in component preview mode.[39m[39m
[2026-09-18T19:21:06.116] [DEBUG] debug-file - hvigor build process will be closed with an error.
[2026-09-18T19:21:06.124] [DEBUG] debug-file - ERROR: stacktrace = Error: ArkTS Compiler Error
[31m1 ERROR: [31m10505001 ArkTS Compiler Error
Error Message: 'Rectangle' only refers to a type, but is being used as a value here. At File: /Users/abhi/Desktop/HarmonyOS Ports/OpenTwit-Web/entry/src/main/ets/pages/Profile.ets:25:11
[39m
[39m
[31m2 ERROR: [31m10905204 ArkTS Compiler Error
Error Message: 'Rectangle()
            .width('100%')
            .height(120)
            .fill($r('app.color.hw_primary'));' does not meet UI component syntax. At File: /Users/abhi/Desktop/HarmonyOS Ports/OpenTwit-Web/entry/src/main/ets/pages/Profile.ets:25:11
[39m
[39m
[31mCOMPILE RESULT:FAIL {ERROR:3 WARN:29}[39m
    at runArkPack (/Users/abhi/.hvigor/project_caches/0947245c615fa1be5fb4a847626f95c7/workspace/node_modules/.pnpm/@ohos+hvigor-ohos-plugin@6.24.2/node_modules/@ohos/hvigor-ohos-plugin/node_modules/@ohos/hvigor-arkts-compose/dist/src/arkts-pack.js:1:5076)
ArkTSCompilerError: ArkTS Compiler Error
    at throwArkTsCompilerError (/Users/abhi/.hvigor/project_caches/0947245c615fa1be5fb4a847626f95c7/workspace/node_modules/.pnpm/@ohos+hvigor-ohos-plugin@6.24.2/node_modules/@ohos/hvigor-ohos-plugin/node_modules/@ohos/hvigor-arkts-compose/dist/src/data/compose-error.js:1:423)
    at throwErrorIfHasErrorInfo (/Users/abhi/.hvigor/project_caches/0947245c615fa1be5fb4a847626f95c7/workspace/node_modules/.pnpm/@ohos+hvigor-ohos-plugin@6.24.2/node_modules/@ohos/hvigor-ohos-plugin/node_modules/@ohos/hvigor-arkts-compose/dist/src/plugins/common-plugin.js:1:4923)
    at Object.handler (/Users/abhi/.hvigor/project_caches/0947245c615fa1be5fb4a847626f95c7/workspace/node_modules/.pnpm/@ohos+hvigor-ohos-plugin@6.24.2/node_modules/@ohos/hvigor-ohos-plugin/node_modules/@ohos/hvigor-arkts-compose/dist/src/plugins/common-plugin.js:1:3018)
    at /Users/abhi/.hvigor/project_caches/0947245c615fa1be5fb4a847626f95c7/workspace/node_modules/.pnpm/@ohos+hvigor-ohos-plugin@6.24.2/node_modules/@ohos/hvigor-ohos-plugin/node_modules/@ohos/hvigor-arkts-base/node_modules/rollup/dist/shared/rollup.js:27864:40
[2026-09-18T19:21:06.124] [ERROR] debug-file - Error: ArkTS Compiler Error
[31m1 ERROR: [31m10505001 ArkTS Compiler Error
Error Message: 'Rectangle' only refers to a type, but is being used as a value here. At File: /Users/abhi/Desktop/HarmonyOS Ports/OpenTwit-Web/entry/src/main/ets/pages/Profile.ets:25:11
[39m
[39m
[31m2 ERROR: [31m10905204 ArkTS Compiler Error
Error Message: 'Rectangle()
            .width('100%')
            .height(120)
            .fill($r('app.color.hw_primary'));' does not meet UI component syntax. At File: /Users/abhi/Desktop/HarmonyOS Ports/OpenTwit-Web/entry/src/main/ets/pages/Profile.ets:25:11
[39m
[39m
[31mCOMPILE RESULT:FAIL {ERROR:3 WARN:29}[39m
    at runArkPack (/Users/abhi/.hvigor/project_caches/0947245c615fa1be5fb4a847626f95c7/workspace/node_modules/.pnpm/@ohos+hvigor-ohos-plugin@6.24.2/node_modules/@ohos/hvigor-ohos-plugin/node_modules/@ohos/hvigor-arkts-compose/dist/src/arkts-pack.js:1:5076)
ArkTSCompilerError: ArkTS Compiler Error
    at throwArkTsCompilerError (/Users/abhi/.hvigor/project_caches/0947245c615fa1be5fb4a847626f95c7/workspace/node_modules/.pnpm/@ohos+hvigor-ohos-plugin@6.24.2/node_modules/@ohos/hvigor-ohos-plugin/node_modules/@ohos/hvigor-arkts-compose/dist/src/data/compose-error.js:1:423)
    at throwErrorIfHasErrorInfo (/Users/abhi/.hvigor/project_caches/0947245c615fa1be5fb4a847626f95c7/workspace/node_modules/.pnpm/@ohos+hvigor-ohos-plugin@6.24.2/node_modules/@ohos/hvigor-ohos-plugin/node_modules/@ohos/hvigor-arkts-compose/dist/src/plugins/common-plugin.js:1:4923)
    at Object.handler (/Users/abhi/.hvigor/project_caches/0947245c615fa1be5fb4a847626f95c7/workspace/node_modules/.pnpm/@ohos+hvigor-ohos-plugin@6.24.2/node_modules/@ohos/hvigor-ohos-plugin/node_modules/@ohos/hvigor-arkts-compose/dist/src/plugins/common-plugin.js:1:3018)
    at /Users/abhi/.hvigor/project_caches/0947245c615fa1be5fb4a847626f95c7/workspace/node_modules/.pnpm/@ohos+hvigor-ohos-plugin@6.24.2/node_modules/@ohos/hvigor-ohos-plugin/node_modules/@ohos/hvigor-arkts-base/node_modules/rollup/dist/shared/rollup.js:27864:40
[2026-09-18T19:21:06.124] [ERROR] debug-file - BUILD FAILED in 3 s 13 ms 
[2026-09-18T19:21:06.124] [DEBUG] debug-file - There is no need to refresh cache, since the incremental task entry:default@PreBuild is up-to-date.
[2026-09-18T19:21:06.124] [DEBUG] debug-file - Update task entry:default@CreateModuleInfo output file:/Users/abhi/Desktop/HarmonyOS Ports/OpenTwit-Web/entry/build/default/generated/profile/default/ModuleInfo.ts cache.
[2026-09-18T19:21:06.125] [DEBUG] debug-file - Incremental task entry:default@CreateModuleInfo post-execution cost:1 ms .
[2026-09-18T19:21:06.125] [DEBUG] debug-file - There is no need to refresh cache, since the incremental task entry:default@GenerateMetadata is up-to-date.
[2026-09-18T19:21:06.125] [DEBUG] debug-file - There is no need to refresh cache, since the incremental task entry:default@MergeProfile is up-to-date.
[2026-09-18T19:21:06.125] [DEBUG] debug-file - There is no need to refresh cache, since the incremental task entry:default@CreateBuildProfile is up-to-date.
[2026-09-18T19:21:06.125] [DEBUG] debug-file - Update task entry:default@GeneratePkgContextInfo output file:/Users/abhi/Desktop/HarmonyOS Ports/OpenTwit-Web/entry/build/default/intermediates/loader/default/pkgContextInfo.json cache.
[2026-09-18T19:21:06.125] [DEBUG] debug-file - Incremental task entry:default@GeneratePkgContextInfo post-execution cost:1 ms .
[2026-09-18T19:21:06.125] [DEBUG] debug-file - There is no need to refresh cache, since the incremental task entry:default@GeneratePkgSdkInfo is up-to-date.
[2026-09-18T19:21:06.125] [DEBUG] debug-file - Update task entry:default@ProcessIntegratedHsp output file:/Users/abhi/Desktop/HarmonyOS Ports/OpenTwit-Web/build/cache/default/integrated_hsp/integratedHspCache.json cache.
[2026-09-18T19:21:06.125] [DEBUG] debug-file - Incremental task entry:default@ProcessIntegratedHsp post-execution cost:1 ms .
[2026-09-18T19:21:06.125] [DEBUG] debug-file - There is no need to refresh cache, since the incremental task entry:default@MakePackInfo is up-to-date.
[2026-09-18T19:21:06.125] [DEBUG] debug-file - There is no need to refresh cache, since the incremental task entry:default@SyscapTransform is up-to-date.
[2026-09-18T19:21:06.125] [DEBUG] debug-file - There is no need to refresh cache, since the incremental task entry:default@ProcessProfile is up-to-date.
[2026-09-18T19:21:06.125] [DEBUG] debug-file - There is no need to refresh cache, since the incremental task entry:default@ProcessRouterMap is up-to-date.
[2026-09-18T19:21:06.125] [DEBUG] debug-file - There is no need to refresh cache, since the incremental task entry:default@ProcessShareConfig is up-to-date.
[2026-09-18T19:21:06.125] [DEBUG] debug-file - Update task entry:default@ProcessStartupConfig output file:/Users/abhi/Desktop/HarmonyOS Ports/OpenTwit-Web/entry/build/default/intermediates/startup/default/startup_config.json cache.
[2026-09-18T19:21:06.125] [DEBUG] debug-file - Incremental task entry:default@ProcessStartupConfig post-execution cost:1 ms .
[2026-09-18T19:21:06.125] [DEBUG] debug-file - There is no need to refresh cache, since the incremental task entry:default@ProcessResource is up-to-date.
[2026-09-18T19:21:06.125] [DEBUG] debug-file - There is no need to refresh cache, since the incremental task entry:default@GenerateLoaderJson is up-to-date.
[2026-09-18T19:21:06.125] [DEBUG] debug-file - There is no need to refresh cache, since the incremental task entry:default@ProcessLibs is up-to-date.
[2026-09-18T19:21:06.125] [DEBUG] debug-file - Update task entry:default@CompileResource input file:/Users/abhi/Desktop/HarmonyOS Ports/OpenTwit-Web/entry/src/main/resources cache from map.
[2026-09-18T19:21:06.125] [DEBUG] debug-file - Update task entry:default@CompileResource input file:/Users/abhi/Desktop/HarmonyOS Ports/OpenTwit-Web/AppScope/resources cache by regenerate.
[2026-09-18T19:21:06.125] [DEBUG] debug-file - Update task entry:default@CompileResource input file:/Users/abhi/Desktop/HarmonyOS Ports/OpenTwit-Web/entry/build/default/intermediates/process_profile/default/module.json cache by regenerate.
[2026-09-18T19:21:06.125] [DEBUG] debug-file - Update task entry:default@CompileResource input file:/Users/abhi/Desktop/HarmonyOS Ports/OpenTwit-Web/entry/build/default/intermediates/res/default/resConfig.json cache by regenerate.
[2026-09-18T19:21:06.125] [DEBUG] debug-file - Update task entry:default@CompileResource output file:/Users/abhi/Desktop/HarmonyOS Ports/OpenTwit-Web/entry/build/default/intermediates/res/default cache.
[2026-09-18T19:21:06.125] [DEBUG] debug-file - Update task entry:default@CompileResource output file:/Users/abhi/Desktop/HarmonyOS Ports/OpenTwit-Web/entry/build/default/generated/r/default/ResourceTable.h cache.
[2026-09-18T19:21:06.125] [DEBUG] debug-file - Update task entry:default@CompileResource output file:/Users/abhi/Desktop/HarmonyOS Ports/OpenTwit-Web/entry/build/default/generated/r/default/ResourceTable.ts cache.
[2026-09-18T19:21:06.126] [DEBUG] debug-file - Update task entry:default@CompileResource output file:/Users/abhi/Desktop/HarmonyOS Ports/OpenTwit-Web/entry/build/default/generated/r/default cache.
[2026-09-18T19:21:06.126] [DEBUG] debug-file - Incremental task entry:default@CompileResource post-execution cost:1 ms .
[2026-09-18T19:21:06.126] [DEBUG] debug-file - There is no need to refresh cache, since the incremental task entry:default@DoNativeStrip is up-to-date.
[2026-09-18T19:21:06.126] [DEBUG] debug-file - Update task entry:default@CompileArkTS input file:/Users/abhi/Desktop/HarmonyOS Ports/OpenTwit-Web/entry/build/default/intermediates/loader/default cache by regenerate.
[2026-09-18T19:21:06.126] [DEBUG] debug-file - Update task entry:default@CompileArkTS input file:/Users/abhi/Desktop/HarmonyOS Ports/OpenTwit-Web/entry/build/default/intermediates/res/default/ResourceTable.txt cache by regenerate.
[2026-09-18T19:21:06.126] [DEBUG] debug-file - Update task entry:default@CompileArkTS input file:/Users/abhi/Desktop/HarmonyOS Ports/OpenTwit-Web/entry/build/default/intermediates/res/default/ark_module.json cache by regenerate.
[2026-09-18T19:21:06.126] [DEBUG] debug-file - Update task entry:default@CompileArkTS input file:/Users/abhi/Desktop/HarmonyOS Ports/OpenTwit-Web/entry/build/default/intermediates/res/default/resources/base/profile cache by regenerate.
[2026-09-18T19:21:06.126] [DEBUG] debug-file - Update task entry:default@CompileArkTS input file:/Users/abhi/Desktop/HarmonyOS Ports/OpenTwit-Web/entry/src/main/ets cache by regenerate.
[2026-09-18T19:21:06.126] [DEBUG] debug-file - Update task entry:default@CompileArkTS input file:/Users/abhi/Desktop/HarmonyOS Ports/OpenTwit-Web/entry/build/default/generated/profile/default/BuildProfile.ets cache by regenerate.
[2026-09-18T19:21:06.126] [DEBUG] debug-file - Update task entry:default@CompileArkTS output file:/Users/abhi/Desktop/HarmonyOS Ports/OpenTwit-Web/entry/build/default/intermediates/loader_out/default/ets cache.
[2026-09-18T19:21:06.126] [DEBUG] debug-file - Incremental task entry:default@CompileArkTS post-execution cost:1 ms .
[2026-09-18T19:21:06.126] [DEBUG] debug-file - Update task entry:default@BuildJS input file:/Users/abhi/Desktop/HarmonyOS Ports/OpenTwit-Web/entry/build/default/intermediates/loader/default cache by regenerate.
[2026-09-18T19:21:06.126] [DEBUG] debug-file - Update task entry:default@BuildJS input file:/Users/abhi/Desktop/HarmonyOS Ports/OpenTwit-Web/entry/build/default/intermediates/res/default/ResourceTable.txt cache by regenerate.
[2026-09-18T19:21:06.126] [DEBUG] debug-file - Update task entry:default@BuildJS input file:/Users/abhi/Desktop/HarmonyOS Ports/OpenTwit-Web/entry/build/default/intermediates/res/default/ark_module.json cache by regenerate.
[2026-09-18T19:21:06.127] [DEBUG] debug-file - Update task entry:default@BuildJS input file:/Users/abhi/Desktop/HarmonyOS Ports/OpenTwit-Web/entry/build/default/intermediates/res/default/resources/base/profile cache by regenerate.
[2026-09-18T19:21:06.127] [DEBUG] debug-file - Update task entry:default@BuildJS output file:/Users/abhi/Desktop/HarmonyOS Ports/OpenTwit-Web/entry/build/default/intermediates/loader_out/default/js cache.
[2026-09-18T19:21:06.127] [DEBUG] debug-file - Incremental task entry:default@BuildJS post-execution cost:1 ms .
[2026-09-18T19:21:06.127] [DEBUG] debug-file - There is no need to refresh cache, since the incremental task entry:default@CacheNativeLibs is up-to-date.
[2026-09-18T19:21:06.131] [DEBUG] debug-file - Current worker pool is stopped or closed.
[2026-09-18T19:21:06.131] [DEBUG] debug-file - Clear worker 0.
[2026-09-18T19:21:06.131] [DEBUG] debug-file - Worker 0 has been cleared.
[2026-09-18T19:21:06.131] [DEBUG] debug-file - Current idle worker size: 3.
[2026-09-18T19:21:06.131] [DEBUG] debug-file - Current busy worker size: 0.
[2026-09-18T19:21:06.131] [DEBUG] debug-file - Clear worker 1.
[2026-09-18T19:21:06.131] [DEBUG] debug-file - Worker 1 has been cleared.
[2026-09-18T19:21:06.131] [DEBUG] debug-file - Current idle worker size: 2.
[2026-09-18T19:21:06.131] [DEBUG] debug-file - Current busy worker size: 0.
[2026-09-18T19:21:06.131] [DEBUG] debug-file - Clear worker 8.
[2026-09-18T19:21:06.131] [DEBUG] debug-file - Worker 8 has been cleared.
[2026-09-18T19:21:06.131] [DEBUG] debug-file - Current idle worker size: 1.
[2026-09-18T19:21:06.131] [DEBUG] debug-file - Current busy worker size: 0.
[2026-09-18T19:21:06.131] [DEBUG] debug-file - Clear worker 4.
[2026-09-18T19:21:06.131] [DEBUG] debug-file - Worker 4 has been cleared.
[2026-09-18T19:21:06.131] [DEBUG] debug-file - Current idle worker size: 0.
[2026-09-18T19:21:06.131] [DEBUG] debug-file - Current busy worker size: 0.
[2026-09-18T19:21:06.131] [DEBUG] debug-file - hvigor build process will be closed.
[2026-09-18T19:21:06.133] [DEBUG] debug-file - Current worker pool is terminated.
[2026-09-18T19:21:06.133] [DEBUG] debug-file - worker[1] exits with exit code 1.
[2026-09-18T19:21:06.133] [DEBUG] debug-file - worker[0] exits with exit code 1.
[2026-09-18T19:21:06.133] [DEBUG] debug-file - worker[8] exits with exit code 1.
[2026-09-18T19:21:06.140] [DEBUG] debug-file - worker[4] exits with exit code 1.
[2026-09-18T19:21:31.853] [DEBUG] debug-file - env: nodejsVersion=v18.20.1
[2026-09-18T19:21:31.958] [DEBUG] debug-file - Hvigor init with startParameters:{
  hvigorfileTypeCheck: false,
  parallelExecution: true,
  incrementalExecution: true,
  printStackTrace: false,
  daemon: false,
  analyze: 0,
  logLevel: Level { level: 20000, levelStr: 'INFO', colour: 'green' },
  optimizationStrategy: 'memory',
  hotCompile: undefined,
  hotReloadBuild: undefined,
  customizedParam: undefined
}
[2026-09-18T19:21:32.373] [DEBUG] debug-file - hvigorfile, require result:  { default: { system: [Function: appTasks], plugins: [] } }
[2026-09-18T19:21:32.374] [DEBUG] debug-file - Starting plugin build process
[2026-09-18T19:21:32.446] [DEBUG] debug-file - App plugin register hook start...
[2026-09-18T19:21:32.446] [DEBUG] debug-file - Start initialize project's product build option map with build mode debug.
[2026-09-18T19:21:32.447] [DEBUG] debug-file - Obtain build option for product 'default'in this build.
[2026-09-18T19:21:32.449] [DEBUG] debug-file - Start recording SDK configuration permission data.
[2026-09-18T19:21:32.468] [DEBUG] debug-file - Project task initialization takes 3 ms 
[2026-09-18T19:21:32.472] [DEBUG] debug-file - failed to load cangjie to dynamically generate schemas: Error: Cannot find module '@ohos/cangjie-build-support/index'
Require stack:
- /Users/abhi/.hvigor/project_caches/0947245c615fa1be5fb4a847626f95c7/workspace/node_modules/.pnpm/@ohos+hvigor-ohos-plugin@6.24.2/node_modules/@ohos/hvigor-ohos-plugin/src/plugin/hooks/cangjie-register.js
- /Users/abhi/.hvigor/project_caches/0947245c615fa1be5fb4a847626f95c7/workspace/node_modules/.pnpm/@ohos+hvigor-ohos-plugin@6.24.2/node_modules/@ohos/hvigor-ohos-plugin/src/plugin/strategy/stage-init-strategy.js
- /Users/abhi/.hvigor/project_caches/0947245c615fa1be5fb4a847626f95c7/workspace/node_modules/.pnpm/@ohos+hvigor-ohos-plugin@6.24.2/node_modules/@ohos/hvigor-ohos-plugin/src/plugin/builder/abstract-plugin-builder.js
- /Users/abhi/.hvigor/project_caches/0947245c615fa1be5fb4a847626f95c7/workspace/node_modules/.pnpm/@ohos+hvigor-ohos-plugin@6.24.2/node_modules/@ohos/hvigor-ohos-plugin/src/plugin/builder/app-plugin-builder.js
- /Users/abhi/.hvigor/project_caches/0947245c615fa1be5fb4a847626f95c7/workspace/node_modules/.pnpm/@ohos+hvigor-ohos-plugin@6.24.2/node_modules/@ohos/hvigor-ohos-plugin/src/plugin/factory/plugin-factory.js
- /Users/abhi/.hvigor/project_caches/0947245c615fa1be5fb4a847626f95c7/workspace/node_modules/.pnpm/@ohos+hvigor-ohos-plugin@6.24.2/node_modules/@ohos/hvigor-ohos-plugin/index.js
- /Users/abhi/Desktop/HarmonyOS Ports/OpenTwit-Web/hvigorfile.ts
- /Users/abhi/Developer/command-line-tools/hvigor/hvigor/src/base/internal/lifecycle/configuration.js
- /Users/abhi/Developer/command-line-tools/hvigor/hvigor/src/base/boot/index.js
- /Users/abhi/Developer/command-line-tools/hvigor/hvigor/src/cli/main/cli.js
- /Users/abhi/Developer/command-line-tools/hvigor/hvigor/bin/hvigor.js
[2026-09-18T19:21:32.477] [DEBUG] debug-file - Start initialize module-target build option map, moduleName=entry, buildMode=debug
[2026-09-18T19:21:32.480] [DEBUG] debug-file - project has submodules:entry
[2026-09-18T19:21:32.480] [DEBUG] debug-file - start to load updatedOhPackageInfo to the disk
[2026-09-18T19:21:32.482] [DEBUG] debug-file - Start to initialize dependency information.
[2026-09-18T19:21:32.485] [DEBUG] debug-file - Since there is no instance or instance is terminated, create a new worker pool.
[2026-09-18T19:21:32.485] [DEBUG] debug-file - Create  resident worker with id: 0.
[2026-09-18T19:21:32.488] [DEBUG] debug-file - Executing task :entry:default@PreBuild
[2026-09-18T19:21:32.493] [DEBUG] debug-file - Executing task :entry:default@GenerateMetadata
[2026-09-18T19:21:32.495] [DEBUG] debug-file - Executing task :entry:default@CreateBuildProfile
[2026-09-18T19:21:32.496] [DEBUG] debug-file - Executing task :entry:default@PreCheckSyscap
[2026-09-18T19:21:32.496] [DEBUG] debug-file - Executing task :entry:default@GeneratePkgContextInfo
[2026-09-18T19:21:32.501] [DEBUG] debug-file - Executing task :entry:default@ProcessIntegratedHsp
[2026-09-18T19:21:32.501] [DEBUG] debug-file - Executing task :entry:default@BuildNativeWithCmake
[2026-09-18T19:21:32.502] [DEBUG] debug-file - Executing task :entry:default@MakePackInfo
[2026-09-18T19:21:32.503] [DEBUG] debug-file - Executing task :entry:default@SyscapTransform
[2026-09-18T19:21:32.508] [DEBUG] debug-file - Executing task :entry:default@ProcessProfile
[2026-09-18T19:21:32.509] [DEBUG] debug-file - Executing task :entry:default@ProcessRouterMap
[2026-09-18T19:21:32.510] [DEBUG] debug-file - Executing task :entry:default@ProcessShareConfig
[2026-09-18T19:21:32.511] [DEBUG] debug-file - Executing task :entry:default@ProcessStartupConfig
[2026-09-18T19:21:32.511] [DEBUG] debug-file - Executing task :entry:default@BuildNativeWithNinja
[2026-09-18T19:21:32.512] [DEBUG] debug-file - Executing task :entry:default@ProcessResource
[2026-09-18T19:21:32.513] [DEBUG] debug-file - Executing task :entry:default@GenerateLoaderJson
[2026-09-18T19:21:32.515] [DEBUG] debug-file - Executing task :entry:default@ProcessLibs
[2026-09-18T19:21:32.516] [DEBUG] debug-file - Executing task :entry:default@CompileResource
[2026-09-18T19:21:32.518] [DEBUG] debug-file - Executing task :entry:default@DoNativeStrip
[2026-09-18T19:21:32.519] [DEBUG] debug-file - Executing task :entry:default@CompileArkTS
[2026-09-18T19:21:32.524] [DEBUG] debug-file - Executing task :entry:default@BuildJS
[2026-09-18T19:21:32.525] [DEBUG] debug-file - Executing task :entry:default@CacheNativeLibs
[2026-09-18T19:21:31.854] [DEBUG] debug-file - env: hvigor-config.json5 content = {
  modelVersion: '5.0.0',
  hvigorVersion: '6.24.2',
  dependencies: { '@ohos/hvigor-ohos-plugin': '6.24.2' }
}
[2026-09-18T19:21:31.960] [DEBUG] debug-file - Cache service initialization finished in 2 ms 
[2026-09-18T19:21:32.374] [DEBUG] debug-file - hvigorfile, binding system plugins [Function: appTasks]
[2026-09-18T19:21:32.374] [DEBUG] debug-file - App plugin prepare start...
[2026-09-18T19:21:32.446] [DEBUG] debug-file - App plugin register hook end...
[2026-09-18T19:21:32.446] [DEBUG] debug-file - Picking option from product 'default' with build mode 'debug'.
[2026-09-18T19:21:32.448] [DEBUG] debug-file - /Users/abhi/Desktop/HarmonyOS Ports/OpenTwit-Web/build/cache/default/remote_hsp/remoteHspCache.json not exists.
[2026-09-18T19:21:32.465] [DEBUG] debug-file - Sdk init in 17 ms 
[2026-09-18T19:21:32.468] [DEBUG] debug-file - hvigorfile, begin to bind custom plugins...
[2026-09-18T19:21:32.481] [DEBUG] debug-file - load to the disk finished
[2026-09-18T19:21:32.482] [DEBUG] debug-file - Module entry Collected Dependency: 
[2026-09-18T19:21:32.485] [DEBUG] debug-file - Worker pool is initialized with config:  {
  minPoolNum: 2,
  maxPoolNum: undefined,
  maxCoreSize: undefined,
  cacheCapacity: undefined,
  cacheTtl: undefined
}
[2026-09-18T19:21:32.486] [DEBUG] debug-file - Create  resident worker with id: 1.
[2026-09-18T19:21:32.488] [WARN] debug-file - The project has not explicitly set the 'targetSdkVersion' version at build-profile.json5. It is recommended to configure it. Reference: https://developer.huawei.com/consumer/en/doc/harmonyos-guides/ide-hvigor-build-profile-app#section45865492619
[2026-09-18T19:21:32.493] [DEBUG] debug-file - Task 'entry:default@GenerateMetadata' cost while wrapping incremental declarations: 1 ms 
[2026-09-18T19:21:32.495] [DEBUG] debug-file - Task 'entry:default@CreateBuildProfile' cost while wrapping incremental declarations: 1 ms 
[2026-09-18T19:21:32.496] [DEBUG] debug-file - entry : default@PreCheckSyscap cost memory 0.01552581787109375
[2026-09-18T19:21:32.499] [DEBUG] debug-file - Task 'entry:default@GeneratePkgContextInfo' cost while wrapping incremental declarations: 1 ms 
[2026-09-18T19:21:32.501] [DEBUG] debug-file - entry:default@ProcessIntegratedHsp is not up-to-date, since the output file '/Users/abhi/Desktop/HarmonyOS Ports/OpenTwit-Web/build/cache/default/integrated_hsp/integratedHspCache.json' does not exist.
[2026-09-18T19:21:32.501] [DEBUG] debug-file - entry : default@BuildNativeWithCmake cost memory 0.013702392578125
[2026-09-18T19:21:32.502] [DEBUG] debug-file - Incremental task entry:default@MakePackInfo pre-execution cost: 1 ms .
[2026-09-18T19:21:32.477] [DEBUG] debug-file - Target 'default' config initialized
[2026-09-18T19:21:32.510] [DEBUG] debug-file - Incremental task entry:default@ProcessRouterMap pre-execution cost: 1 ms .
[2026-09-18T19:21:32.510] [DEBUG] debug-file - Incremental task entry:default@ProcessShareConfig pre-execution cost: 1 ms .
[2026-09-18T19:21:32.511] [DEBUG] debug-file - Task 'entry:default@ProcessStartupConfig' cost while wrapping incremental declarations: 1 ms 
[2026-09-18T19:21:32.511] [DEBUG] debug-file - entry : default@BuildNativeWithNinja cost memory 0.018585205078125
[2026-09-18T19:21:32.512] [DEBUG] debug-file - Task 'entry:default@ProcessResource' cost while wrapping incremental declarations: 1 ms 
[2026-09-18T19:21:32.513] [DEBUG] debug-file - Task 'entry:default@GenerateLoaderJson' cost while wrapping incremental declarations: 1 ms 
[2026-09-18T19:21:32.516] [DEBUG] debug-file - Incremental task entry:default@ProcessLibs pre-execution cost: 1 ms .
[2026-09-18T19:21:32.517] [DEBUG] debug-file - Incremental task entry:default@CompileResource pre-execution cost: 2 ms .
[2026-09-18T19:21:32.518] [DEBUG] debug-file - File: '/Users/abhi/Desktop/HarmonyOS Ports/OpenTwit-Web/entry/build/default/intermediates/binxo/default' from 'doBinxoNativeLibs' is not exists, just ignore.
[2026-09-18T19:21:32.519] [DEBUG] debug-file - obfuscationOptions: undefined
[2026-09-18T19:21:32.509] [DEBUG] debug-file - Task 'entry:default@ProcessProfile' cost while wrapping incremental declarations: 1 ms 
[2026-09-18T19:21:32.525] [DEBUG] debug-file - File: '/Users/abhi/Desktop/HarmonyOS Ports/OpenTwit-Web/entry/build/default/intermediates/binxo/default' from 'cacheBinxoNativeLibs' is not exists, just ignore.
[2026-09-18T19:21:32.503] [DEBUG] debug-file - File: '/Users/abhi/Desktop/HarmonyOS Ports/OpenTwit-Web/entry/src/main/syscap.json' from 'sysCapJsonPath' is not exists, just ignore.
[2026-09-18T19:21:32.524] [DEBUG] debug-file - Task 'entry:default@BuildJS' cost while wrapping incremental declarations: 1 ms 
[2026-09-18T19:21:31.854] [DEBUG] debug-file - env: daemon=false
[2026-09-18T19:21:31.960] [DEBUG] debug-file - hvigorfile, resolving /Users/abhi/Desktop/HarmonyOS Ports/OpenTwit-Web/hvigorfile.ts
[2026-09-18T19:21:32.374] [DEBUG] debug-file - App plugin prepare end...
[2026-09-18T19:21:32.446] [DEBUG] debug-file - Plugin build process completed
[2026-09-18T19:21:32.447] [DEBUG] debug-file - Product 'default' build option initialized
[2026-09-18T19:21:32.468] [DEBUG] debug-file - hvigorfile, no custom plugins were found in /Users/abhi/Desktop/HarmonyOS Ports/OpenTwit-Web/hvigorfile.ts
[2026-09-18T19:21:32.481] [DEBUG] debug-file - Start to initialize dependency information.
[2026-09-18T19:21:32.490] [DEBUG] debug-file - Task 'entry:default@PreBuild' cost while wrapping incremental declarations: 1 ms 
[2026-09-18T19:21:32.494] [DEBUG] debug-file - Incremental task entry:default@GenerateMetadata pre-execution cost: 1 ms .
[2026-09-18T19:21:32.496] [DEBUG] debug-file - Incremental task entry:default@CreateBuildProfile pre-execution cost: 1 ms .
[2026-09-18T19:21:32.496] [DEBUG] debug-file - runTaskFromQueue task cost before running: 540 ms 
[2026-09-18T19:21:32.499] [DEBUG] debug-file - entry : default@GeneratePkgContextInfo cost memory 0.463134765625
[2026-09-18T19:21:32.501] [DEBUG] debug-file - runTaskFromQueue task cost before running: 546 ms 
[2026-09-18T19:21:32.502] [DEBUG] debug-file - entry : default@MakePackInfo cost memory 0.0914306640625
[2026-09-18T19:21:32.477] [DEBUG] debug-file - Module 'entry' target 'default' build option initialized
[2026-09-18T19:21:32.510] [DEBUG] debug-file - entry : default@ProcessRouterMap cost memory 0.10748291015625
[2026-09-18T19:21:32.510] [DEBUG] debug-file - entry : default@ProcessShareConfig cost memory 0.088897705078125
[2026-09-18T19:21:32.511] [DEBUG] debug-file - entry:default@ProcessStartupConfig is not up-to-date, since the output file '/Users/abhi/Desktop/HarmonyOS Ports/OpenTwit-Web/entry/build/default/intermediates/startup/default/startup_config.json' does not exist.
[2026-09-18T19:21:32.511] [DEBUG] debug-file - runTaskFromQueue task cost before running: 556 ms 
[2026-09-18T19:21:32.513] [DEBUG] debug-file - Incremental task entry:default@ProcessResource pre-execution cost: 1 ms .
[2026-09-18T19:21:32.515] [DEBUG] debug-file - Incremental task entry:default@GenerateLoaderJson pre-execution cost: 1 ms .
[2026-09-18T19:21:32.516] [DEBUG] debug-file - entry : default@ProcessLibs cost memory 0.08001708984375
[2026-09-18T19:21:32.517] [DEBUG] debug-file - entry : default@CompileResource cost memory 0.547637939453125
[2026-09-18T19:21:32.518] [DEBUG] debug-file - Task 'entry:default@DoNativeStrip' cost while wrapping incremental declarations: 1 ms 
[2026-09-18T19:21:32.519] [DEBUG] debug-file - Task 'entry:default@CompileArkTS' cost while wrapping incremental declarations: 1 ms 
[2026-09-18T19:21:32.509] [DEBUG] debug-file - Incremental task entry:default@ProcessProfile pre-execution cost: 1 ms .
[2026-09-18T19:21:32.525] [DEBUG] debug-file - Task 'entry:default@CacheNativeLibs' cost while wrapping incremental declarations: 1 ms 
[2026-09-18T19:21:32.503] [DEBUG] debug-file - Task 'entry:default@SyscapTransform' cost while wrapping incremental declarations: 1 ms 
[2026-09-18T19:21:32.525] [DEBUG] debug-file - entry : default@BuildJS cost memory 0.11214447021484375
[2026-09-18T19:21:32.501] [DEBUG] debug-file - Incremental task entry:default@ProcessIntegratedHsp pre-execution cost: 1 ms .
[2026-09-18T19:21:32.482] [DEBUG] debug-file - Module entry's total dependency: 0
[2026-09-18T19:21:31.854] [DEBUG] debug-file - no-daemon, use the parent process.execArgv --max-old-space-size=8192,--max-semi-space-size=16,--expose-gc
[2026-09-18T19:21:32.374] [DEBUG] debug-file - App plugin creating...
[2026-09-18T19:21:32.447] [DEBUG] debug-file - End initialize project's product build option map with build mode 'debug'.
[2026-09-18T19:21:32.468] [DEBUG] debug-file - hvigorfile, resolve finished /Users/abhi/Desktop/HarmonyOS Ports/OpenTwit-Web/hvigorfile.ts
[2026-09-18T19:21:32.481] [DEBUG] debug-file - Module OpenTwit-Web Collected Dependency: 
[2026-09-18T19:21:32.491] [DEBUG] debug-file - Incremental task entry:default@PreBuild pre-execution cost: 2 ms .
[2026-09-18T19:21:32.494] [DEBUG] debug-file - entry : default@GenerateMetadata cost memory 0.07518768310546875
[2026-09-18T19:21:32.499] [DEBUG] debug-file - runTaskFromQueue task cost before running: 543 ms 
[2026-09-18T19:21:32.496] [INFO] debug-file - Finished :entry:default@PreCheckSyscap... after 1 ms 
[2026-09-18T19:21:32.501] [INFO] debug-file - Finished :entry:default@BuildNativeWithCmake... after 1 ms 
[2026-09-18T19:21:32.502] [INFO] debug-file - UP-TO-DATE :entry:default@MakePackInfo...  
[2026-09-18T19:21:32.477] [DEBUG] debug-file - End initialize module-target build option map, moduleName=entry
[2026-09-18T19:21:32.510] [INFO] debug-file - UP-TO-DATE :entry:default@ProcessRouterMap...  
[2026-09-18T19:21:32.510] [INFO] debug-file - UP-TO-DATE :entry:default@ProcessShareConfig...  
[2026-09-18T19:21:32.511] [DEBUG] debug-file - Incremental task entry:default@ProcessStartupConfig pre-execution cost: 1 ms .
[2026-09-18T19:21:32.513] [DEBUG] debug-file - entry : default@ProcessResource cost memory 0.119293212890625
[2026-09-18T19:21:32.515] [DEBUG] debug-file - entry : default@GenerateLoaderJson cost memory 0.2689666748046875
[2026-09-18T19:21:32.516] [INFO] debug-file - UP-TO-DATE :entry:default@ProcessLibs...  
[2026-09-18T19:21:32.517] [INFO] debug-file - UP-TO-DATE :entry:default@CompileResource...  
[2026-09-18T19:21:32.518] [DEBUG] debug-file - Incremental task entry:default@DoNativeStrip pre-execution cost: 1 ms .
[2026-09-18T19:21:32.522] [DEBUG] debug-file - build config:
[2026-09-18T19:21:32.509] [DEBUG] debug-file - entry : default@ProcessProfile cost memory 0.11008453369140625
[2026-09-18T19:21:32.526] [DEBUG] debug-file - Incremental task entry:default@CacheNativeLibs pre-execution cost: 1 ms .
[2026-09-18T19:21:32.508] [DEBUG] debug-file - Incremental task entry:default@SyscapTransform pre-execution cost: 5 ms .
[2026-09-18T19:21:32.525] [DEBUG] debug-file - runTaskFromQueue task cost before running: 569 ms 
[2026-09-18T19:21:32.501] [DEBUG] debug-file - entry : default@ProcessIntegratedHsp cost memory 0.04698944091796875
[2026-09-18T19:21:32.483] [DEBUG] debug-file - Configuration phase cost:524 ms 
[2026-09-18T19:21:32.496] [DEBUG] debug-file - entry : default@CreateBuildProfile cost memory 0.08850860595703125
[2026-09-18T19:21:32.511] [INFO] debug-file - Finished :entry:default@BuildNativeWithNinja... after 1 ms 
[2026-09-18T19:21:32.469] [DEBUG] debug-file - hvigorfile, resolving /Users/abhi/Desktop/HarmonyOS Ports/OpenTwit-Web/entry/hvigorfile.ts
[2026-09-18T19:21:32.481] [DEBUG] debug-file - Module OpenTwit-Web's total dependency: 0
[2026-09-18T19:21:32.491] [DEBUG] debug-file - entry : default@PreBuild cost memory 0.6077728271484375
[2026-09-18T19:21:32.477] [DEBUG] debug-file - Start initialize module-target build option map, moduleName=entry, buildMode=release
[2026-09-18T19:21:32.511] [DEBUG] debug-file - entry : default@ProcessStartupConfig cost memory 0.10543060302734375
[2026-09-18T19:21:32.513] [INFO] debug-file - UP-TO-DATE :entry:default@ProcessResource...  
[2026-09-18T19:21:32.515] [INFO] debug-file - UP-TO-DATE :entry:default@GenerateLoaderJson...  
[2026-09-18T19:21:32.516] [DEBUG] debug-file - restool module names: entry; moduleName=entry, taskName=default@CompileResource
[2026-09-18T19:21:32.518] [DEBUG] debug-file - entry : default@DoNativeStrip cost memory 0.067840576171875
[2026-09-18T19:21:32.522] [DEBUG] debug-file - {
  moduleType: 'entry',
  perf: 0,
  targetName: '.default',
  packageManagerType: 'ohpm',
  localPropertiesPath: '/Users/abhi/Desktop/HarmonyOS Ports/OpenTwit-Web/local.properties',
  isPreview: false,
  isOhosTest: false,
  isLocalTest: false,
  buildMode: 'Debug',
  hotReloadBuild: undefined,
  watchMode: 'false',
  aceProfilePath: '/Users/abhi/Desktop/HarmonyOS Ports/OpenTwit-Web/entry/build/default/intermediates/res/default/resources/base/profile',
  etsLoaderPath: '/Users/abhi/Developer/command-line-tools/sdk/default/openharmony/ets/build-tools/ets-loader',
  modulePath: '/Users/abhi/Desktop/HarmonyOS Ports/OpenTwit-Web/entry',
  testFrameworkPar: {
    testMode: undefined,
    coveragePathFilter: undefined,
    coverageMode: undefined
  },
  needCoverageInsert: false,
  debugLine: false,
  projectTopDir: '/Users/abhi/Desktop/HarmonyOS Ports/OpenTwit-Web',
  compileSdkVersion: 24,
  compatibleSdkVersion: 24,
  originCompatibleSdkVersion: 24,
  compatibleSdkVersionStage: undefined,
  bundleName: 'c***t',
  etsLoaderVersion: '6.1.1.125',
  etsLoaderReleaseType: 'Release',
  aotCompileMode: 'type',
  apPath: '/Users/abhi/Desktop/HarmonyOS Ports/OpenTwit-Web/entry/modules.ap',
  entryModuleName: 'entry',
  entryModuleVersion: '1.0.0',
  entryPackageName: 'entry',
  allModuleNameHash: 'a660c64699cc15ae89ec0a8db121631e43f9cac40a33c65ab3bb5b24a32a70f0',
  externalApiPaths: [],
  compilerTypes: [],
  isCrossplatform: false,
  hvigorPluginFile: undefined,
  compilePluginPath: undefined,
  buildGeneratedProfilePath: '/Users/abhi/Desktop/HarmonyOS Ports/OpenTwit-Web/entry/build/default/generated/profile/default',
  bundleType: 'app',
  arkTSVersion: undefined,
  apiVersion: 24,
  needCompleteSourcesMap: false,
  isFaMode: false,
  buildDir: '/Users/abhi/Desktop/HarmonyOS Ports/OpenTwit-Web/entry/build',
  deviceTypes: [ 'default', 'tablet' ],
  pkgContextInfo: undefined,
  ohPackagePathMap: {},
  dependencyAliasMap: {},
  permission: { requestPermissions: [ [Object] ], definePermissions: undefined },
  useGetCurrentBundleName: false,
  projectArkOption: undefined,
  sourceMapDir: undefined,
  branchElimination: false,
  transformLib: undefined,
  tsImportSendable: false,
  resolveConflictMode: true,
  depName2RootPath: {},
  depName2DepInfo: {},
  depName2OhExports: {},
  rootPathSet: [ '/Users/abhi/Desktop/HarmonyOS Ports/OpenTwit-Web' ],
  useNativeResolver: true,
  shouldEmitJs: true,
  useTscResolve: false,
  singleFileEmit: false,
  userProjectConfig: {
    autoLazyImport: false,
    allowEmptyBundleName: false,
    reExportCheckMode: 'noCheck',
    executionMode: 'memory',
    usePathPlaceholder: false,
    writeRollupCache: true,
    isExpandImportEnabled: false,
    expandImportExclude: '',
    lazyImportExclude: '',
    lazyImportInclude: '',
    ignoreCrossplatformCheck: false,
    isHarDeduplicateEnabled: false,
    skipOhModulesLint: false,
    enableStrictCheckOHModule: false,
    disableSendableCheckRules: [],
    useDeclarationFileSignature: false,
    customizedOptions: undefined,
    integratedHsp: false,
    isPreloadSoEnabled: false
  },
  executionMode: 'memory',
  arkCompileCachePath: '/Users/abhi/Desktop/HarmonyOS Ports/OpenTwit-Web/entry/build/default/cache/default/default@CompileArkTS/esmodule',
  autoLazyFilter: undefined,
  isHarDeduplicateEnabled: false,
  intermediateHarDuplicateDirPath: '/Users/abhi/Desktop/HarmonyOS Ports/OpenTwit-Web/entry/build/default/intermediates/har_duplicate/default',
  autoLazyImport: false,
  allowEmptyBundleName: false,
  reExportCheckMode: 'noCheck',
  usePathPlaceholder: false,
  writeRollupCache: true,
  isExpandImportEnabled: false,
  expandImportExclude: '',
  lazyImportExclude: '',
  lazyImportInclude: '',
  ignoreCrossplatformCheck: false,
  skipOhModulesLint: false,
  enableStrictCheckOHModule: false,
  disableSendableCheckRules: [],
  useDeclarationFileSignature: false,
  customizedOptions: undefined,
  integratedHsp: false,
  isPreloadSoEnabled: false,
  strictMode: undefined,
  useNormalizedOHMUrl: false,
  caseSensitiveCheck: false,
  strictCheckerOnly: false,
  aceModuleJsonPath: '/Users/abhi/Desktop/HarmonyOS Ports/OpenTwit-Web/entry/build/default/intermediates/res/default/ark_module.json',
  appResource: '/Users/abhi/Desktop/HarmonyOS Ports/OpenTwit-Web/entry/build/default/intermediates/res/default/ResourceTable.txt',
  rawFileResource: '/Users/abhi/Desktop/HarmonyOS Ports/OpenTwit-Web/entry/build/default/intermediates/res/default/resources/rawfile',
  resourceTableHash: 'd7a9236f79d294e315bc3d1b504e5b678296b83b90f2a4955d74858ab482ce10',
  runtimeOS: 'OpenHarmony',
  sdkInfo: 'true:24:6.1.1.125:Release',
  aceModuleRoot: '/Users/abhi/Desktop/HarmonyOS Ports/OpenTwit-Web/entry/src/main/ets',
  compileMode: 'esmodule',
  aceSuperVisualPath: '/Users/abhi/Desktop/HarmonyOS Ports/OpenTwit-Web/entry/src/main/supervisual',
  aceBuildJson: '/Users/abhi/Desktop/HarmonyOS Ports/OpenTwit-Web/entry/build/default/intermediates/loader/default/loader.json',
  cachePath: '/Users/abhi/Desktop/HarmonyOS Ports/OpenTwit-Web/entry/build/default/cache/default/default@CompileArkTS/esmodule/debug',
  aceModuleBuild: '/Users/abhi/Desktop/HarmonyOS Ports/OpenTwit-Web/entry/build/default/intermediates/loader_out/default/ets',
  supportChunks: true,
  declaredFilesPath: undefined,
  shouldCollectDirectImportees: false,
  isByteCodeHarOptimize: false,
  expandImportPath: undefined,
  resourceTableTs: '/Users/abhi/Desktop/HarmonyOS Ports/OpenTwit-Web/entry/build/default/generated/r/default/ResourceTable.ts',
  moduleMetaInfoFiles: [
    {
      filePath: '/Users/abhi/Desktop/HarmonyOS Ports/OpenTwit-Web/entry/build/default/generated/r/default/ResourceTable.ts',
      ohmurl: 'com.example.opentwit/entry/build/generated/r/ResourceTable'
    }
  ],
  pkgNameToPkgBriefInfo: {
    entry: {
      pkgRoot: '/Users/abhi/Desktop/HarmonyOS Ports/OpenTwit-Web/entry',
      originalSourceRoots: undefined,
      sourceRoots: [Array],
      pkgName: 'entry'
    }
  },
  projectModel: {
    '/Users/abhi/Desktop/HarmonyOS Ports/OpenTwit-Web/entry/src/main': {
      moduleName: 'entry',
      modulePkgPath: '/Users/abhi/Desktop/HarmonyOS Ports/OpenTwit-Web/entry',
      belongProjectPath: '/Users/abhi/Desktop/HarmonyOS Ports/OpenTwit-Web'
    },
    '/Users/abhi/Desktop/HarmonyOS Ports/OpenTwit-Web/entry': {
      moduleName: 'entry',
      modulePkgPath: '/Users/abhi/Desktop/HarmonyOS Ports/OpenTwit-Web/entry',
      belongProjectPath: '/Users/abhi/Desktop/HarmonyOS Ports/OpenTwit-Web'
    },
    '/Users/abhi/Desktop/HarmonyOS Ports/OpenTwit-Web': {
      moduleName: 'OpenTwit-Web',
      modulePkgPath: '/Users/abhi/Desktop/HarmonyOS Ports/OpenTwit-Web',
      belongProjectPath: '/Users/abhi/Desktop/HarmonyOS Ports/OpenTwit-Web'
    }
  },
  pkgJsonFileHash: '609e42aafe57c1140ce946bba289e7e1f03709e595812d94d07acc55c62a42dd',
  allModulePaths: [ '/Users/abhi/Desktop/HarmonyOS Ports/OpenTwit-Web/entry' ],
  routerMap: {},
  obfuscationOptions: undefined,
  byteCodeHarToDependencyKeys: undefined,
  compileBlockPkg: [],
  mockParams: {
    decorator: '@MockSetup',
    packageName: '@ohos/hamock',
    etsSourceRootPath: 'src/main/ets',
    mockConfigPath: undefined,
    mockConfigKey2ModuleInfo: {},
    source2ModuleIdMap: {}
  },
  copyCodeResourceEnable: true,
  copyCodeResourceExcludes: [],
  copyCodeResourceIncludes: undefined,
  uiTransformOptimization: false,
  sdkPath: '/Users/abhi/.ohos/sdk-remap',
  needPreloadSoFileSet: {},
  preloadSoFilePath: '/Users/abhi/Desktop/HarmonyOS Ports/OpenTwit-Web/entry/build/default/intermediates/preload/default/preload.json',
  useSourceHash: false,
  localModuleParamMap: {},
  otherPaths: {
    'entry/*': [ '../*', '../../../build/default/generated/profile/default/*' ]
  },
  collectImportersConfig: undefined
}
[2026-09-18T19:21:32.509] [INFO] debug-file - UP-TO-DATE :entry:default@ProcessProfile...  
[2026-09-18T19:21:32.526] [DEBUG] debug-file - entry : default@CacheNativeLibs cost memory 0.08353424072265625
[2026-09-18T19:21:32.508] [DEBUG] debug-file - entry : default@SyscapTransform cost memory 0.1076812744140625
[2026-09-18T19:21:32.525] [INFO] debug-file - Finished :entry:default@BuildJS... after 1 ms 
[2026-09-18T19:21:32.501] [DEBUG] debug-file - runTaskFromQueue task cost before running: 545 ms 
[2026-09-18T19:21:32.484] [DEBUG] debug-file - Configuration task cost before running: 528 ms 
[2026-09-18T19:21:32.496] [INFO] debug-file - UP-TO-DATE :entry:default@CreateBuildProfile...  
[2026-09-18T19:21:32.494] [INFO] debug-file - UP-TO-DATE :entry:default@GenerateMetadata...  
[2026-09-18T19:21:32.472] [DEBUG] debug-file - hvigorfile, require result:  { default: { system: [Function: hapTasks], plugins: [] } }
[2026-09-18T19:21:32.492] [INFO] debug-file - UP-TO-DATE :entry:default@PreBuild...  
[2026-09-18T19:21:32.477] [DEBUG] debug-file - Target 'default' config initialized
[2026-09-18T19:21:32.511] [DEBUG] debug-file - runTaskFromQueue task cost before running: 555 ms 
[2026-09-18T19:21:32.499] [INFO] debug-file - Finished :entry:default@GeneratePkgContextInfo... after 3 ms 
[2026-09-18T19:21:32.518] [INFO] debug-file - UP-TO-DATE :entry:default@DoNativeStrip...  
[2026-09-18T19:21:32.523] [DEBUG] debug-file - default@CompileArkTS work[0] is submitted.
[2026-09-18T19:21:32.526] [INFO] debug-file - UP-TO-DATE :entry:default@CacheNativeLibs...  
[2026-09-18T19:21:32.512] [DEBUG] debug-file - restool module names: entry; moduleName=entry, taskName=default@ProcessResource
[2026-09-18T19:21:32.501] [INFO] debug-file - Finished :entry:default@ProcessIntegratedHsp... after 1 ms 
[2026-09-18T19:21:32.508] [INFO] debug-file - UP-TO-DATE :entry:default@SyscapTransform...  
[2026-09-18T19:21:32.494] [DEBUG] debug-file - Executing task :entry:default@ConfigureCmake
[2026-09-18T19:21:32.472] [DEBUG] debug-file - hvigorfile, binding system plugins [Function: hapTasks]
[2026-09-18T19:21:32.492] [DEBUG] debug-file - Executing task :entry:default@CreateModuleInfo
[2026-09-18T19:21:32.477] [DEBUG] debug-file - Module 'entry' target 'default' build option initialized
[2026-09-18T19:21:32.511] [INFO] debug-file - Finished :entry:default@ProcessStartupConfig... after 1 ms 
[2026-09-18T19:21:32.500] [DEBUG] debug-file - Executing task :entry:default@GeneratePkgSdkInfo
[2026-09-18T19:21:32.523] [DEBUG] debug-file - default@CompileArkTS work[0] is pushed to ready queue.
[2026-09-18T19:21:32.494] [DEBUG] debug-file - entry : default@ConfigureCmake cost memory 0.01206207275390625
[2026-09-18T19:21:32.472] [DEBUG] debug-file - Starting plugin build process
[2026-09-18T19:21:32.492] [DEBUG] debug-file - Task 'entry:default@CreateModuleInfo' cost while wrapping incremental declarations: 1 ms 
[2026-09-18T19:21:32.477] [DEBUG] debug-file - End initialize module-target build option map, moduleName=entry
[2026-09-18T19:21:32.500] [DEBUG] debug-file - Task 'entry:default@GeneratePkgSdkInfo' cost while wrapping incremental declarations: 1 ms 
[2026-09-18T19:21:32.523] [DEBUG] debug-file - A work dispatched to worker[9] failed because unable to get work from ready queue.
[2026-09-18T19:21:32.494] [DEBUG] debug-file - runTaskFromQueue task cost before running: 538 ms 
[2026-09-18T19:21:32.472] [DEBUG] debug-file - Hap plugin creating...
[2026-09-18T19:21:32.492] [DEBUG] debug-file - entry : default@CreateModuleInfo cost memory 0.26723480224609375
[2026-09-18T19:21:32.477] [DEBUG] debug-file - Start initialize module-target build option map, moduleName=entry, buildMode=debug
[2026-09-18T19:21:32.500] [DEBUG] debug-file - Incremental task entry:default@GeneratePkgSdkInfo pre-execution cost: 1 ms .
[2026-09-18T19:21:32.523] [DEBUG] debug-file - A work dispatched to worker[8] failed because unable to get work from ready queue.
[2026-09-18T19:21:32.494] [INFO] debug-file - Finished :entry:default@ConfigureCmake... after 1 ms 
[2026-09-18T19:21:32.492] [DEBUG] debug-file - runTaskFromQueue task cost before running: 537 ms 
[2026-09-18T19:21:32.477] [DEBUG] debug-file - Target 'default' config initialized
[2026-09-18T19:21:32.500] [DEBUG] debug-file - entry : default@GeneratePkgSdkInfo cost memory 0.10132598876953125
[2026-09-18T19:21:32.523] [DEBUG] debug-file - A work dispatched to worker[7] failed because unable to get work from ready queue.
[2026-09-18T19:21:32.494] [DEBUG] debug-file - Executing task :entry:default@MergeProfile
[2026-09-18T19:21:32.492] [INFO] debug-file - Finished :entry:default@CreateModuleInfo... after 1 ms 
[2026-09-18T19:21:32.477] [DEBUG] debug-file - Module 'entry' target 'default' build option initialized
[2026-09-18T19:21:32.500] [INFO] debug-file - UP-TO-DATE :entry:default@GeneratePkgSdkInfo...  
[2026-09-18T19:21:32.523] [DEBUG] debug-file - A work dispatched to worker[6] failed because unable to get work from ready queue.
[2026-09-18T19:21:32.494] [DEBUG] debug-file - Task 'entry:default@MergeProfile' cost while wrapping incremental declarations: 1 ms 
[2026-09-18T19:21:32.477] [DEBUG] debug-file - End initialize module-target build option map, moduleName=entry
[2026-09-18T19:21:32.523] [DEBUG] debug-file - A work dispatched to worker[5] failed because unable to get work from ready queue.
[2026-09-18T19:21:32.495] [DEBUG] debug-file - Incremental task entry:default@MergeProfile pre-execution cost: 1 ms .
[2026-09-18T19:21:32.477] [DEBUG] debug-file - Obtain build option for module 'entry' target 'default'in this build.
[2026-09-18T19:21:32.523] [DEBUG] debug-file - Create  resident worker with id: 4.
[2026-09-18T19:21:32.495] [DEBUG] debug-file - entry : default@MergeProfile cost memory 0.10712432861328125
[2026-09-18T19:21:32.479] [DEBUG] debug-file - Module entry task initialization takes 2 ms 
[2026-09-18T19:21:32.524] [DEBUG] debug-file - default@CompileArkTS work[0] has been dispatched to worker[4].
[2026-09-18T19:21:32.495] [INFO] debug-file - UP-TO-DATE :entry:default@MergeProfile...  
[2026-09-18T19:21:32.479] [DEBUG] debug-file - Hap plugin register hook start...
[2026-09-18T19:21:32.524] [DEBUG] debug-file - default@CompileArkTS work[0] is dispatched.
[2026-09-18T19:21:32.479] [DEBUG] debug-file - Hap plugin register hook end...
[2026-09-18T19:21:32.524] [DEBUG] debug-file - CopyResources startTime: 13899013503958
[2026-09-18T19:21:32.479] [DEBUG] debug-file - Plugin build process completed
[2026-09-18T19:21:32.524] [DEBUG] debug-file - default@CompileArkTS work[1] is submitted.
[2026-09-18T19:21:32.479] [DEBUG] debug-file - hvigorfile, begin to bind custom plugins...
[2026-09-18T19:21:32.524] [DEBUG] debug-file - default@CompileArkTS work[1] is pushed to ready queue.
[2026-09-18T19:21:32.479] [DEBUG] debug-file - hvigorfile, no custom plugins were found in /Users/abhi/Desktop/HarmonyOS Ports/OpenTwit-Web/entry/hvigorfile.ts
[2026-09-18T19:21:32.524] [DEBUG] debug-file - A work dispatched to worker[9] failed because unable to get work from ready queue.
[2026-09-18T19:21:32.479] [DEBUG] debug-file - hvigorfile, resolve finished /Users/abhi/Desktop/HarmonyOS Ports/OpenTwit-Web/entry/hvigorfile.ts
[2026-09-18T19:21:32.524] [DEBUG] debug-file - Create  resident worker with id: 8.
[2026-09-18T19:21:32.524] [DEBUG] debug-file - default@CompileArkTS work[1] has been dispatched to worker[8].
[2026-09-18T19:21:32.524] [DEBUG] debug-file - default@CompileArkTS work[1] is dispatched.
[2026-09-18T19:21:32.524] [DEBUG] debug-file - entry : default@CompileArkTS cost memory 1.4340744018554688
[2026-09-18T19:21:32.736] [DEBUG] debug-file - worker[8] has one work done.
[2026-09-18T19:21:32.736] [DEBUG] debug-file - CopyResources is end, endTime: 13899225658750
[2026-09-18T19:21:32.736] [DEBUG] debug-file - default@CompileArkTS work[1] done.
[2026-09-18T19:21:32.736] [DEBUG] debug-file - A work dispatched to worker[8] failed because unable to get work from ready queue.
[2026-09-18T19:21:34.970] [WARN] debug-file - [33mWARN: [33m[33mArkTS:WARN File: /Users/abhi/Desktop/HarmonyOS Ports/OpenTwit-Web/entry/src/main/ets/services/WebTimeline.ets:44:54
 Usage of 'ESObject' type is restricted (arkts-limited-esobj)
[39m[39m
[33mWARN: [33m[33mArkTS:WARN File: /Users/abhi/Desktop/HarmonyOS Ports/OpenTwit-Web/entry/src/main/ets/services/WebTimeline.ets:74:17
 Usage of 'ESObject' type is restricted (arkts-limited-esobj)
[39m[39m
[33mWARN: [33m[33mArkTS:WARN File: /Users/abhi/Desktop/HarmonyOS Ports/OpenTwit-Web/entry/src/main/ets/services/WebTimeline.ets:81:25
 Usage of 'ESObject' type is restricted (arkts-limited-esobj)
[39m[39m
[33mWARN: [33m[33mArkTS:WARN File: /Users/abhi/Desktop/HarmonyOS Ports/OpenTwit-Web/entry/src/main/ets/services/WebTimeline.ets:89:17
 Usage of 'ESObject' type is restricted (arkts-limited-esobj)
[39m[39m
[33mWARN: [33m[33mArkTS:WARN File: /Users/abhi/Desktop/HarmonyOS Ports/OpenTwit-Web/entry/src/main/ets/services/WebTimeline.ets:94:19
 Usage of 'ESObject' type is restricted (arkts-limited-esobj)
[39m[39m
[33mWARN: [33m[33mArkTS:WARN File: /Users/abhi/Desktop/HarmonyOS Ports/OpenTwit-Web/entry/src/main/ets/services/WebTimeline.ets:100:17
 Usage of 'ESObject' type is restricted (arkts-limited-esobj)
[39m[39m
[33mWARN: [33m[33mArkTS:WARN File: /Users/abhi/Desktop/HarmonyOS Ports/OpenTwit-Web/entry/src/main/ets/services/WebTimeline.ets:107:19
 Usage of 'ESObject' type is restricted (arkts-limited-esobj)
[39m[39m
[33mWARN: [33m[33mArkTS:WARN File: /Users/abhi/Desktop/HarmonyOS Ports/OpenTwit-Web/entry/src/main/ets/services/WebTimeline.ets:116:17
 Usage of 'ESObject' type is restricted (arkts-limited-esobj)
[39m[39m
[33mWARN: [33m[33mArkTS:WARN File: /Users/abhi/Desktop/HarmonyOS Ports/OpenTwit-Web/entry/src/main/ets/services/WebTimeline.ets:123:19
 Usage of 'ESObject' type is restricted (arkts-limited-esobj)
[39m[39m
[33mWARN: [33m[33mArkTS:WARN File: /Users/abhi/Desktop/HarmonyOS Ports/OpenTwit-Web/entry/src/main/ets/services/WebTimeline.ets:130:36
 Usage of 'ESObject' type is restricted (arkts-limited-esobj)
[39m[39m
[33mWARN: [33m[33mArkTS:WARN: For details about ArkTS syntax errors, see FAQs[39m[39m
[33mWARN: [33m[33mArkTS:WARN File: /Users/abhi/Desktop/HarmonyOS Ports/OpenTwit-Web/entry/src/main/ets/common/TokenStore.ets:9:18
 Function may throw exceptions. Special handling is required.
[39m[39m
[33mWARN: [33m[33mArkTS:WARN File: /Users/abhi/Desktop/HarmonyOS Ports/OpenTwit-Web/entry/src/main/ets/common/TokenStore.ets:14:11
 Function may throw exceptions. Special handling is required.
[39m[39m
[33mWARN: [33m[33mArkTS:WARN File: /Users/abhi/Desktop/HarmonyOS Ports/OpenTwit-Web/entry/src/main/ets/common/TokenStore.ets:15:11
 Function may throw exceptions. Special handling is required.
[39m[39m
[33mWARN: [33m[33mArkTS:WARN File: /Users/abhi/Desktop/HarmonyOS Ports/OpenTwit-Web/entry/src/main/ets/common/TokenStore.ets:20:18
 Function may throw exceptions. Special handling is required.
[39m[39m
[33mWARN: [33m[33mArkTS:WARN File: /Users/abhi/Desktop/HarmonyOS Ports/OpenTwit-Web/entry/src/main/ets/common/TokenStore.ets:25:11
 Function may throw exceptions. Special handling is required.
[39m[39m
[33mWARN: [33m[33mArkTS:WARN File: /Users/abhi/Desktop/HarmonyOS Ports/OpenTwit-Web/entry/src/main/ets/common/TokenStore.ets:26:11
 Function may throw exceptions. Special handling is required.
[39m[39m
[33mWARN: [33m[33mArkTS:WARN File: /Users/abhi/Desktop/HarmonyOS Ports/OpenTwit-Web/entry/src/main/ets/common/TokenStore.ets:31:18
 Function may throw exceptions. Special handling is required.
[39m[39m
[33mWARN: [33m[33mArkTS:WARN File: /Users/abhi/Desktop/HarmonyOS Ports/OpenTwit-Web/entry/src/main/ets/pages/Home.ets:18:58
 'getContext' has been deprecated.
[39m[39m
[33mWARN: [33m[33mArkTS:WARN File: /Users/abhi/Desktop/HarmonyOS Ports/OpenTwit-Web/entry/src/main/ets/pages/Home.ets:24:56
 'getContext' has been deprecated.
[39m[39m
[33mWARN: [33m[33mArkTS:WARN File: /Users/abhi/Desktop/HarmonyOS Ports/OpenTwit-Web/entry/src/main/ets/pages/Explore.ets:16:57
 'getContext' has been deprecated.
[39m[39m
[33mWARN: [33m[33mArkTS:WARN File: /Users/abhi/Desktop/HarmonyOS Ports/OpenTwit-Web/entry/src/main/ets/pages/Notify.ets:14:57
 'getContext' has been deprecated.
[39m[39m
[33mWARN: [33m[33mArkTS:WARN File: /Users/abhi/Desktop/HarmonyOS Ports/OpenTwit-Web/entry/src/main/ets/pages/Messages.ets:13:57
 'getContext' has been deprecated.
[39m[39m
[33mWARN: [33m[33mArkTS:WARN File: /Users/abhi/Desktop/HarmonyOS Ports/OpenTwit-Web/entry/src/main/ets/pages/Profile.ets:11:49
 'getContext' has been deprecated.
[39m[39m
[33mWARN: [33m[33mArkTS:WARN File: /Users/abhi/Desktop/HarmonyOS Ports/OpenTwit-Web/entry/src/main/ets/pages/Profile.ets:67:22
 'pushUrl' has been deprecated.
[39m[39m
[33mWARN: [33m[33mArkTS:WARN File: /Users/abhi/Desktop/HarmonyOS Ports/OpenTwit-Web/entry/src/main/ets/pages/Login.ets:19:46
 'getContext' has been deprecated.
[39m[39m
[33mWARN: [33m[33mArkTS:WARN File: /Users/abhi/Desktop/HarmonyOS Ports/OpenTwit-Web/entry/src/main/ets/pages/Login.ets:23:18
 'pushUrl' has been deprecated.
[39m[39m
[33mWARN: [33mArkTS:WARN File: /Users/abhi/Desktop/HarmonyOS Ports/OpenTwit-Web/entry/src/main/ets/pages/Login.ets:4:1
 It's not a recommended way to export struct with '@Entry' decorator, which may cause ACE Engine error in component preview mode.[39m[39m
[33mWARN: [33mArkTS:WARN File: /Users/abhi/Desktop/HarmonyOS Ports/OpenTwit-Web/entry/src/main/ets/common/Theme.ets:16:1
 It's not a recommended way to export struct with '@Entry' decorator, which may cause ACE Engine error in component preview mode.[39m[39m

[2026-09-18T19:21:34.970] [DEBUG] debug-file - Ark compile task finished.finished time is 13901460317000
[2026-09-18T19:21:34.971] [DEBUG] debug-file - worker[4] has one work done.
[2026-09-18T19:21:34.971] [DEBUG] debug-file - default@CompileArkTS work[0] done.
[2026-09-18T19:21:34.971] [DEBUG] debug-file - A work dispatched to worker[4] failed because unable to get work from ready queue.
[2026-09-18T19:21:34.975] [DEBUG] debug-file - default@PackageHap work[2] is submitted.
[2026-09-18T19:21:34.972] [INFO] debug-file - Finished :entry:default@CompileArkTS... after 1 s 941 ms 
[2026-09-18T19:21:34.974] [DEBUG] debug-file - Executing task :entry:default@PackageHap
[2026-09-18T19:21:34.975] [DEBUG] debug-file - default@PackageHap work[2] is pushed to ready queue.
[2026-09-18T19:21:34.972] [DEBUG] debug-file - Executing task :entry:default@GeneratePkgModuleJson
[2026-09-18T19:21:34.975] [DEBUG] debug-file - Use tool [/Users/abhi/.ohos/sdk-remap/24/toolchains/lib/app_packing_tool.jar]
 [
  'java',
  '-Dfile.encoding=utf-8',
  '-jar',
  '/Users/abhi/.ohos/sdk-remap/24/toolchains/lib/app_packing_tool.jar',
  '--mode',
  'hap',
  '--force',
  'true',
  '--lib-path',
  '/Users/abhi/Desktop/HarmonyOS Ports/OpenTwit-Web/entry/build/default/intermediates/stripped_native_libs/default',
  '--json-path',
  '/Users/abhi/Desktop/HarmonyOS Ports/OpenTwit-Web/entry/build/default/intermediates/package/default/module.json',
  '--resources-path',
  '/Users/abhi/Desktop/HarmonyOS Ports/OpenTwit-Web/entry/build/default/intermediates/res/default/resources',
  '--index-path',
  '/Users/abhi/Desktop/HarmonyOS Ports/OpenTwit-Web/entry/build/default/intermediates/res/default/resources.index',
  '--pack-info-path',
  '/Users/abhi/Desktop/HarmonyOS Ports/OpenTwit-Web/entry/build/default/outputs/default/pack.info',
  '--out-path',
  '/Users/abhi/Desktop/HarmonyOS Ports/OpenTwit-Web/entry/build/default/outputs/default/entry-default-unsigned.hap',
  '--rpcid-path',
  '/Users/abhi/Desktop/HarmonyOS Ports/OpenTwit-Web/entry/build/default/intermediates/syscap/default/rpcid.sc',
  '--ets-path',
  '/Users/abhi/Desktop/HarmonyOS Ports/OpenTwit-Web/entry/build/default/intermediates/loader_out/default/ets',
  '--pkg-sdk-info-path',
  '/Users/abhi/Desktop/HarmonyOS Ports/OpenTwit-Web/entry/build/default/intermediates/loader/default/pkgSdkInfo.json'
]
[2026-09-18T19:21:34.975] [DEBUG] debug-file - A work dispatched to worker[9] failed because unable to get work from ready queue.
[2026-09-18T19:21:34.972] [DEBUG] debug-file - File: '/Users/abhi/Desktop/HarmonyOS Ports/OpenTwit-Web/entry/build/default/intermediates/preload/default/preload.json' from 'preloadSoJsonPath' is not exists, just ignore.
[2026-09-18T19:21:34.975] [DEBUG] debug-file - default@PackageHap work[2] has been dispatched to worker[8].
[2026-09-18T19:21:34.972] [DEBUG] debug-file - Error occurs while handling @Input 'shouldDeduplicateHar': The "data" argument must be of type string or an instance of Buffer, TypedArray, or DataView. Received undefined
[2026-09-18T19:21:34.975] [DEBUG] debug-file - default@PackageHap work[2] is dispatched.
[2026-09-18T19:21:34.972] [DEBUG] debug-file - Task 'entry:default@GeneratePkgModuleJson' cost while wrapping incremental declarations: 1 ms 
[2026-09-18T19:21:34.976] [DEBUG] debug-file - entry : default@PackageHap cost memory 0.28631591796875
[2026-09-18T19:21:34.973] [DEBUG] debug-file - entry : default@GeneratePkgModuleJson cost memory 0.1224365234375
[2026-09-18T19:21:34.973] [DEBUG] debug-file - runTaskFromQueue task cost before running: 3 s 17 ms 
[2026-09-18T19:21:34.973] [INFO] debug-file - Finished :entry:default@GeneratePkgModuleJson... after 1 ms 
[2026-09-18T19:21:34.973] [DEBUG] debug-file - Executing task :entry:default@ProcessCompiledResources
[2026-09-18T19:21:34.973] [DEBUG] debug-file - File: '/Users/abhi/Desktop/HarmonyOS Ports/OpenTwit-Web/entry/build/default/intermediates/preload/default/preload.json' from 'preloadSoJsonPath' is not exists, just ignore.
[2026-09-18T19:21:34.973] [DEBUG] debug-file - Task 'entry:default@ProcessCompiledResources' cost while wrapping incremental declarations: 1 ms 
[2026-09-18T19:21:34.973] [DEBUG] debug-file - entry : default@ProcessCompiledResources cost memory 0.04522705078125
[2026-09-18T19:21:34.973] [DEBUG] debug-file - runTaskFromQueue task cost before running: 3 s 17 ms 
[2026-09-18T19:21:34.973] [INFO] debug-file - Finished :entry:default@ProcessCompiledResources... after 1 ms 
[2026-09-18T19:21:35.015] [DEBUG] debug-file - current process  memoryUsage: {
  rss: 809107456,
  heapTotal: 81559552,
  heapUsed: 55910920,
  external: 2409006,
  arrayBuffers: 255552
} os memoryUsage :15.929901123046875
[2026-09-18T19:21:35.259] [DEBUG] debug-file - worker[8] has one work done.
[2026-09-18T19:21:35.260] [DEBUG] debug-file - default@PackageHap work[2] done.
[2026-09-18T19:21:35.260] [DEBUG] debug-file - Executing task :entry:default@PackingCheck
[2026-09-18T19:21:35.263] [DEBUG] debug-file - Executing task :entry:default@SignHap
[2026-09-18T19:21:35.266] [ERROR] debug-file - Failed :entry:default@SignHap... 
[2026-09-18T19:21:35.260] [DEBUG] debug-file - A work dispatched to worker[8] failed because unable to get work from ready queue.
[2026-09-18T19:21:35.266] [DEBUG] debug-file - hvigor build process will be closed with an error.
[2026-09-18T19:21:35.260] [INFO] debug-file - Finished :entry:default@PackageHap... after 248 ms 
[2026-09-18T19:21:35.273] [ERROR] debug-file - [31m00303116 Configuration Error
Error Message: The length of the storePassword or keyPassword field in the signature configuration is less than 32. At file: /Users/abhi/Desktop/HarmonyOS Ports/OpenTwit-Web/build-profile.json5

* Try the following:
  > Re-execute sign your app/atomic service automatically：clear the signingConfigs field in the /Users/abhi/Desktop/HarmonyOS Ports/OpenTwit-Web/build-profile.json5 file and go to Project Structure > Project > Signing Configs and apply the signature material
  > Verify if signingConfigs is overridden in the project-level and module-level hvigorfile.ts. If so, use the error message to ensure the configuration is correct.
[39m

[31m* Try:
> Run with --stacktrace option to get the stack trace.
> Run with --debug option to get more log output.

[2026-09-18T19:21:35.263] [DEBUG] debug-file - entry : default@PackingCheck cost memory 0.46883392333984375
[2026-09-18T19:21:35.273] [DEBUG] debug-file - ERROR: stacktrace = AdaptorError: [31m00303116 Configuration Error
Error Message: The length of the storePassword or keyPassword field in the signature configuration is less than 32. At file: /Users/abhi/Desktop/HarmonyOS Ports/OpenTwit-Web/build-profile.json5

* Try the following:
  > Re-execute sign your app/atomic service automatically：clear the signingConfigs field in the /Users/abhi/Desktop/HarmonyOS Ports/OpenTwit-Web/build-profile.json5 file and go to Project Structure > Project > Signing Configs and apply the signature material
  > Verify if signingConfigs is overridden in the project-level and module-level hvigorfile.ts. If so, use the error message to ensure the configuration is correct.
[39m
    at OhosLogger.printErrorExit (/Users/abhi/Developer/command-line-tools/hvigor/hvigor/src/base/log/hvigor-log.js:1:5087)
    at DecipherUtil.decryptPwd (/Users/abhi/.hvigor/project_caches/0947245c615fa1be5fb4a847626f95c7/workspace/node_modules/.pnpm/@ohos+hvigor-ohos-plugin@6.24.2/node_modules/@ohos/hvigor-ohos-plugin/src/utils/decipher-util.js:1:506)
    at HapSignCommandBuilder.getKeyStorePwd (/Users/abhi/.hvigor/project_caches/0947245c615fa1be5fb4a847626f95c7/workspace/node_modules/.pnpm/@ohos+hvigor-ohos-plugin@6.24.2/node_modules/@ohos/hvigor-ohos-plugin/src/tasks/sign/command-builder-impl/common-sign-command-builder.js:1:1341)
    at HapSignCommandBuilder.initCommandParams (/Users/abhi/.hvigor/project_caches/0947245c615fa1be5fb4a847626f95c7/workspace/node_modules/.pnpm/@ohos+hvigor-ohos-plugin@6.24.2/node_modules/@ohos/hvigor-ohos-plugin/src/tasks/sign/command-builder-impl/hap-sign-command-builder.js:1:771)
    at HapSignCommandBuilder.getSignCommand (/Users/abhi/.hvigor/project_caches/0947245c615fa1be5fb4a847626f95c7/workspace/node_modules/.pnpm/@ohos+hvigor-ohos-plugin@6.24.2/node_modules/@ohos/hvigor-ohos-plugin/src/tasks/sign/command-builder-impl/common-sign-command-builder.js:1:1053)
    at SignUtil.executeSign (/Users/abhi/.hvigor/project_caches/0947245c615fa1be5fb4a847626f95c7/workspace/node_modules/.pnpm/@ohos+hvigor-ohos-plugin@6.24.2/node_modules/@ohos/hvigor-ohos-plugin/src/tasks/sign/sign-util.js:1:4163)
    at SignUtil.sign (/Users/abhi/.hvigor/project_caches/0947245c615fa1be5fb4a847626f95c7/workspace/node_modules/.pnpm/@ohos+hvigor-ohos-plugin@6.24.2/node_modules/@ohos/hvigor-ohos-plugin/src/tasks/sign/sign-util.js:1:2319)
    at SignHap.doTaskAction (/Users/abhi/.hvigor/project_caches/0947245c615fa1be5fb4a847626f95c7/workspace/node_modules/.pnpm/@ohos+hvigor-ohos-plugin@6.24.2/node_modules/@ohos/hvigor-ohos-plugin/src/tasks/sign-hap.js:1:1763)
    at SignHap.<anonymous> (/Users/abhi/.hvigor/project_caches/0947245c615fa1be5fb4a847626f95c7/workspace/node_modules/.pnpm/@ohos+hvigor-ohos-plugin@6.24.2/node_modules/@ohos/hvigor-ohos-plugin/src/tasks/task/ohos-module-task.js:1:2137)
    at async SignHap.execute (/Users/abhi/Developer/command-line-tools/hvigor/hvigor/src/base/external/task/core-task-impl.js:1:2258)
[2026-09-18T19:21:35.263] [DEBUG] debug-file - runTaskFromQueue task cost before running: 3 s 307 ms 
[2026-09-18T19:21:35.273] [ERROR] debug-file - AdaptorError: [31m00303116 Configuration Error
Error Message: The length of the storePassword or keyPassword field in the signature configuration is less than 32. At file: /Users/abhi/Desktop/HarmonyOS Ports/OpenTwit-Web/build-profile.json5

* Try the following:
  > Re-execute sign your app/atomic service automatically：clear the signingConfigs field in the /Users/abhi/Desktop/HarmonyOS Ports/OpenTwit-Web/build-profile.json5 file and go to Project Structure > Project > Signing Configs and apply the signature material
  > Verify if signingConfigs is overridden in the project-level and module-level hvigorfile.ts. If so, use the error message to ensure the configuration is correct.
[39m
    at OhosLogger.printErrorExit (/Users/abhi/Developer/command-line-tools/hvigor/hvigor/src/base/log/hvigor-log.js:1:5087)
    at DecipherUtil.decryptPwd (/Users/abhi/.hvigor/project_caches/0947245c615fa1be5fb4a847626f95c7/workspace/node_modules/.pnpm/@ohos+hvigor-ohos-plugin@6.24.2/node_modules/@ohos/hvigor-ohos-plugin/src/utils/decipher-util.js:1:506)
    at HapSignCommandBuilder.getKeyStorePwd (/Users/abhi/.hvigor/project_caches/0947245c615fa1be5fb4a847626f95c7/workspace/node_modules/.pnpm/@ohos+hvigor-ohos-plugin@6.24.2/node_modules/@ohos/hvigor-ohos-plugin/src/tasks/sign/command-builder-impl/common-sign-command-builder.js:1:1341)
    at HapSignCommandBuilder.initCommandParams (/Users/abhi/.hvigor/project_caches/0947245c615fa1be5fb4a847626f95c7/workspace/node_modules/.pnpm/@ohos+hvigor-ohos-plugin@6.24.2/node_modules/@ohos/hvigor-ohos-plugin/src/tasks/sign/command-builder-impl/hap-sign-command-builder.js:1:771)
    at HapSignCommandBuilder.getSignCommand (/Users/abhi/.hvigor/project_caches/0947245c615fa1be5fb4a847626f95c7/workspace/node_modules/.pnpm/@ohos+hvigor-ohos-plugin@6.24.2/node_modules/@ohos/hvigor-ohos-plugin/src/tasks/sign/command-builder-impl/common-sign-command-builder.js:1:1053)
    at SignUtil.executeSign (/Users/abhi/.hvigor/project_caches/0947245c615fa1be5fb4a847626f95c7/workspace/node_modules/.pnpm/@ohos+hvigor-ohos-plugin@6.24.2/node_modules/@ohos/hvigor-ohos-plugin/src/tasks/sign/sign-util.js:1:4163)
    at SignUtil.sign (/Users/abhi/.hvigor/project_caches/0947245c615fa1be5fb4a847626f95c7/workspace/node_modules/.pnpm/@ohos+hvigor-ohos-plugin@6.24.2/node_modules/@ohos/hvigor-ohos-plugin/src/tasks/sign/sign-util.js:1:2319)
    at SignHap.doTaskAction (/Users/abhi/.hvigor/project_caches/0947245c615fa1be5fb4a847626f95c7/workspace/node_modules/.pnpm/@ohos+hvigor-ohos-plugin@6.24.2/node_modules/@ohos/hvigor-ohos-plugin/src/tasks/sign-hap.js:1:1763)
    at SignHap.<anonymous> (/Users/abhi/.hvigor/project_caches/0947245c615fa1be5fb4a847626f95c7/workspace/node_modules/.pnpm/@ohos+hvigor-ohos-plugin@6.24.2/node_modules/@ohos/hvigor-ohos-plugin/src/tasks/task/ohos-module-task.js:1:2137)
    at async SignHap.execute (/Users/abhi/Developer/command-line-tools/hvigor/hvigor/src/base/external/task/core-task-impl.js:1:2258)
[2026-09-18T19:21:35.263] [INFO] debug-file - Finished :entry:default@PackingCheck... after 3 ms 
[2026-09-18T19:21:35.274] [ERROR] debug-file - BUILD FAILED in 3 s 318 ms 
[2026-09-18T19:21:35.274] [DEBUG] debug-file - There is no need to refresh cache, since the incremental task entry:default@PreBuild is up-to-date.
[2026-09-18T19:21:35.274] [DEBUG] debug-file - Update task entry:default@CreateModuleInfo output file:/Users/abhi/Desktop/HarmonyOS Ports/OpenTwit-Web/entry/build/default/generated/profile/default/ModuleInfo.ts cache.
[2026-09-18T19:21:35.274] [DEBUG] debug-file - Incremental task entry:default@CreateModuleInfo post-execution cost:1 ms .
[2026-09-18T19:21:35.274] [DEBUG] debug-file - There is no need to refresh cache, since the incremental task entry:default@GenerateMetadata is up-to-date.
[2026-09-18T19:21:35.274] [DEBUG] debug-file - There is no need to refresh cache, since the incremental task entry:default@MergeProfile is up-to-date.
[2026-09-18T19:21:35.274] [DEBUG] debug-file - There is no need to refresh cache, since the incremental task entry:default@CreateBuildProfile is up-to-date.
[2026-09-18T19:21:35.274] [DEBUG] debug-file - Update task entry:default@GeneratePkgContextInfo output file:/Users/abhi/Desktop/HarmonyOS Ports/OpenTwit-Web/entry/build/default/intermediates/loader/default/pkgContextInfo.json cache.
[2026-09-18T19:21:35.274] [DEBUG] debug-file - Incremental task entry:default@GeneratePkgContextInfo post-execution cost:1 ms .
[2026-09-18T19:21:35.274] [DEBUG] debug-file - There is no need to refresh cache, since the incremental task entry:default@GeneratePkgSdkInfo is up-to-date.
[2026-09-18T19:21:35.274] [DEBUG] debug-file - Update task entry:default@ProcessIntegratedHsp output file:/Users/abhi/Desktop/HarmonyOS Ports/OpenTwit-Web/build/cache/default/integrated_hsp/integratedHspCache.json cache.
[2026-09-18T19:21:35.274] [DEBUG] debug-file - Incremental task entry:default@ProcessIntegratedHsp post-execution cost:1 ms .
[2026-09-18T19:21:35.274] [DEBUG] debug-file - There is no need to refresh cache, since the incremental task entry:default@MakePackInfo is up-to-date.
[2026-09-18T19:21:35.274] [DEBUG] debug-file - There is no need to refresh cache, since the incremental task entry:default@SyscapTransform is up-to-date.
[2026-09-18T19:21:35.274] [DEBUG] debug-file - There is no need to refresh cache, since the incremental task entry:default@ProcessProfile is up-to-date.
[2026-09-18T19:21:35.274] [DEBUG] debug-file - There is no need to refresh cache, since the incremental task entry:default@ProcessRouterMap is up-to-date.
[2026-09-18T19:21:35.274] [DEBUG] debug-file - There is no need to refresh cache, since the incremental task entry:default@ProcessShareConfig is up-to-date.
[2026-09-18T19:21:35.274] [DEBUG] debug-file - Update task entry:default@ProcessStartupConfig output file:/Users/abhi/Desktop/HarmonyOS Ports/OpenTwit-Web/entry/build/default/intermediates/startup/default/startup_config.json cache.
[2026-09-18T19:21:35.275] [DEBUG] debug-file - Incremental task entry:default@ProcessStartupConfig post-execution cost:1 ms .
[2026-09-18T19:21:35.275] [DEBUG] debug-file - There is no need to refresh cache, since the incremental task entry:default@ProcessResource is up-to-date.
[2026-09-18T19:21:35.275] [DEBUG] debug-file - There is no need to refresh cache, since the incremental task entry:default@GenerateLoaderJson is up-to-date.
[2026-09-18T19:21:35.275] [DEBUG] debug-file - There is no need to refresh cache, since the incremental task entry:default@ProcessLibs is up-to-date.
[2026-09-18T19:21:35.275] [DEBUG] debug-file - There is no need to refresh cache, since the incremental task entry:default@CompileResource is up-to-date.
[2026-09-18T19:21:35.275] [DEBUG] debug-file - There is no need to refresh cache, since the incremental task entry:default@DoNativeStrip is up-to-date.
[2026-09-18T19:21:35.275] [DEBUG] debug-file - Update task entry:default@CompileArkTS input file:/Users/abhi/Desktop/HarmonyOS Ports/OpenTwit-Web/entry/build/default/intermediates/loader/default cache by regenerate.
[2026-09-18T19:21:35.275] [DEBUG] debug-file - Update task entry:default@CompileArkTS input file:/Users/abhi/Desktop/HarmonyOS Ports/OpenTwit-Web/entry/build/default/intermediates/res/default/ResourceTable.txt cache by regenerate.
[2026-09-18T19:21:35.275] [DEBUG] debug-file - Update task entry:default@CompileArkTS input file:/Users/abhi/Desktop/HarmonyOS Ports/OpenTwit-Web/entry/build/default/intermediates/res/default/ark_module.json cache by regenerate.
[2026-09-18T19:21:35.275] [DEBUG] debug-file - Update task entry:default@CompileArkTS input file:/Users/abhi/Desktop/HarmonyOS Ports/OpenTwit-Web/entry/build/default/intermediates/res/default/resources/base/profile cache by regenerate.
[2026-09-18T19:21:35.275] [DEBUG] debug-file - Update task entry:default@CompileArkTS input file:/Users/abhi/Desktop/HarmonyOS Ports/OpenTwit-Web/entry/src/main/ets cache by regenerate.
[2026-09-18T19:21:35.275] [DEBUG] debug-file - Update task entry:default@CompileArkTS input file:/Users/abhi/Desktop/HarmonyOS Ports/OpenTwit-Web/entry/build/default/generated/profile/default/BuildProfile.ets cache by regenerate.
[2026-09-18T19:21:35.275] [DEBUG] debug-file - Update task entry:default@CompileArkTS output file:/Users/abhi/Desktop/HarmonyOS Ports/OpenTwit-Web/entry/build/default/intermediates/loader_out/default/ets cache.
[2026-09-18T19:21:35.275] [DEBUG] debug-file - Incremental task entry:default@CompileArkTS post-execution cost:1 ms .
[2026-09-18T19:21:35.276] [DEBUG] debug-file - Update task entry:default@BuildJS input file:/Users/abhi/Desktop/HarmonyOS Ports/OpenTwit-Web/entry/build/default/intermediates/loader/default cache by regenerate.
[2026-09-18T19:21:35.276] [DEBUG] debug-file - Update task entry:default@BuildJS input file:/Users/abhi/Desktop/HarmonyOS Ports/OpenTwit-Web/entry/build/default/intermediates/res/default/ResourceTable.txt cache by regenerate.
[2026-09-18T19:21:35.276] [DEBUG] debug-file - Update task entry:default@BuildJS input file:/Users/abhi/Desktop/HarmonyOS Ports/OpenTwit-Web/entry/build/default/intermediates/res/default/ark_module.json cache by regenerate.
[2026-09-18T19:21:35.276] [DEBUG] debug-file - Update task entry:default@BuildJS input file:/Users/abhi/Desktop/HarmonyOS Ports/OpenTwit-Web/entry/build/default/intermediates/res/default/resources/base/profile cache by regenerate.
[2026-09-18T19:21:35.276] [DEBUG] debug-file - Update task entry:default@BuildJS output file:/Users/abhi/Desktop/HarmonyOS Ports/OpenTwit-Web/entry/build/default/intermediates/loader_out/default/js cache.
[2026-09-18T19:21:35.276] [DEBUG] debug-file - Incremental task entry:default@BuildJS post-execution cost:1 ms .
[2026-09-18T19:21:35.276] [DEBUG] debug-file - There is no need to refresh cache, since the incremental task entry:default@CacheNativeLibs is up-to-date.
[2026-09-18T19:21:35.276] [DEBUG] debug-file - Update task entry:default@GeneratePkgModuleJson input file:/Users/abhi/Desktop/HarmonyOS Ports/OpenTwit-Web/entry/build/default/intermediates/res/default/module.json cache by regenerate.
[2026-09-18T19:21:35.276] [DEBUG] debug-file - Update task entry:default@GeneratePkgModuleJson output file:/Users/abhi/Desktop/HarmonyOS Ports/OpenTwit-Web/entry/build/default/intermediates/package/default/module.json cache.
[2026-09-18T19:21:35.276] [DEBUG] debug-file - Incremental task entry:default@GeneratePkgModuleJson post-execution cost:1 ms .
[2026-09-18T19:21:35.276] [DEBUG] debug-file - Incremental task entry:default@ProcessCompiledResources post-execution cost:1 ms .
[2026-09-18T19:21:35.276] [DEBUG] debug-file - Update task entry:default@PackageHap input file:/Users/abhi/Desktop/HarmonyOS Ports/OpenTwit-Web/entry/build/default/intermediates/stripped_native_libs/default cache by regenerate.
[2026-09-18T19:21:35.276] [DEBUG] debug-file - Update task entry:default@PackageHap input file:/Users/abhi/Desktop/HarmonyOS Ports/OpenTwit-Web/entry/build/default/intermediates/res/default/module.json cache by regenerate.
[2026-09-18T19:21:35.276] [DEBUG] debug-file - Update task entry:default@PackageHap input file:/Users/abhi/Desktop/HarmonyOS Ports/OpenTwit-Web/entry/build/default/intermediates/res/default/resources cache by regenerate.
[2026-09-18T19:21:35.276] [DEBUG] debug-file - Update task entry:default@PackageHap input file:/Users/abhi/Desktop/HarmonyOS Ports/OpenTwit-Web/entry/build/default/intermediates/res/default/resources.index cache by regenerate.
[2026-09-18T19:21:35.276] [DEBUG] debug-file - Update task entry:default@PackageHap input file:/Users/abhi/Desktop/HarmonyOS Ports/OpenTwit-Web/entry/build/default/outputs/default/pack.info cache by regenerate.
[2026-09-18T19:21:35.276] [DEBUG] debug-file - Update task entry:default@PackageHap input file:/Users/abhi/Desktop/HarmonyOS Ports/OpenTwit-Web/entry/build/default/intermediates/syscap/default/rpcid.sc cache by regenerate.
[2026-09-18T19:21:35.276] [DEBUG] debug-file - Update task entry:default@PackageHap input file:/Users/abhi/Desktop/HarmonyOS Ports/OpenTwit-Web/entry/build/default/intermediates/loader_out/default/ets cache by regenerate.
[2026-09-18T19:21:35.276] [DEBUG] debug-file - Update task entry:default@PackageHap input file:/Users/abhi/Desktop/HarmonyOS Ports/OpenTwit-Web/entry/build/default/intermediates/loader/default/pkgSdkInfo.json cache by regenerate.
[2026-09-18T19:21:35.276] [DEBUG] debug-file - Update task entry:default@PackageHap input file:/Users/abhi/Desktop/HarmonyOS Ports/OpenTwit-Web/entry/build/default/intermediates/loader_out/default/ets/sourceMaps.map cache by regenerate.
[2026-09-18T19:21:35.276] [DEBUG] debug-file - Update task entry:default@PackageHap input file:/Users/abhi/Desktop/HarmonyOS Ports/OpenTwit-Web/entry/build/default/generated/profile/default/BuildProfile.ets cache by regenerate.
[2026-09-18T19:21:35.276] [DEBUG] debug-file - Update task entry:default@PackageHap output file:/Users/abhi/Desktop/HarmonyOS Ports/OpenTwit-Web/entry/build/default/outputs/default/entry-default-unsigned.hap cache.
[2026-09-18T19:21:35.276] [DEBUG] debug-file - Update task entry:default@PackageHap output file:/Users/abhi/Desktop/HarmonyOS Ports/OpenTwit-Web/entry/build/default/intermediates/source_map/default/sourceMaps.map cache.
[2026-09-18T19:21:35.276] [DEBUG] debug-file - Update task entry:default@PackageHap output file:/Users/abhi/Desktop/HarmonyOS Ports/OpenTwit-Web/entry/build/default/outputs/default/mapping/sourceMaps.map cache.
[2026-09-18T19:21:35.276] [DEBUG] debug-file - Incremental task entry:default@PackageHap post-execution cost:1 ms .
[2026-09-18T19:21:35.276] [DEBUG] debug-file - Update task entry:default@SignHap input file:/Users/abhi/.ohos/config/debug.cer cache by regenerate.
[2026-09-18T19:21:35.276] [DEBUG] debug-file - Update task entry:default@SignHap input file:/Users/abhi/.ohos/config/debug.p7b cache by regenerate.
[2026-09-18T19:21:35.276] [DEBUG] debug-file - Update task entry:default@SignHap input file:/Users/abhi/.ohos/config/debug.p12 cache by regenerate.
[2026-09-18T19:21:35.276] [DEBUG] debug-file - Update task entry:default@SignHap input file:/Users/abhi/Desktop/HarmonyOS Ports/OpenTwit-Web/entry/build/default/outputs/default/entry-default-unsigned.hap cache by regenerate.
[2026-09-18T19:21:35.276] [DEBUG] debug-file - Update task entry:default@SignHap output file:/Users/abhi/Desktop/HarmonyOS Ports/OpenTwit-Web/entry/build/default/outputs/default/entry-default-signed.hap cache.
[2026-09-18T19:21:35.276] [DEBUG] debug-file - Incremental task entry:default@SignHap post-execution cost:1 ms .
[2026-09-18T19:21:35.281] [DEBUG] debug-file - Current worker pool is stopped or closed.
[2026-09-18T19:21:35.281] [DEBUG] debug-file - Clear worker 0.
[2026-09-18T19:21:35.281] [DEBUG] debug-file - Worker 0 has been cleared.
[2026-09-18T19:21:35.281] [DEBUG] debug-file - Current idle worker size: 3.
[2026-09-18T19:21:35.281] [DEBUG] debug-file - Current busy worker size: 0.
[2026-09-18T19:21:35.281] [DEBUG] debug-file - Clear worker 1.
[2026-09-18T19:21:35.281] [DEBUG] debug-file - Worker 1 has been cleared.
[2026-09-18T19:21:35.281] [DEBUG] debug-file - Current idle worker size: 2.
[2026-09-18T19:21:35.281] [DEBUG] debug-file - Current busy worker size: 0.
[2026-09-18T19:21:35.281] [DEBUG] debug-file - Clear worker 4.
[2026-09-18T19:21:35.281] [DEBUG] debug-file - Worker 4 has been cleared.
[2026-09-18T19:21:35.281] [DEBUG] debug-file - Current idle worker size: 1.
[2026-09-18T19:21:35.281] [DEBUG] debug-file - Current busy worker size: 0.
[2026-09-18T19:21:35.281] [DEBUG] debug-file - Clear worker 8.
[2026-09-18T19:21:35.281] [DEBUG] debug-file - Worker 8 has been cleared.
[2026-09-18T19:21:35.281] [DEBUG] debug-file - Current idle worker size: 0.
[2026-09-18T19:21:35.281] [DEBUG] debug-file - Current busy worker size: 0.
[2026-09-18T19:21:35.281] [DEBUG] debug-file - hvigor build process will be closed.
[2026-09-18T19:21:35.283] [DEBUG] debug-file - Current worker pool is terminated.
[2026-09-18T19:21:35.283] [DEBUG] debug-file - worker[0] exits with exit code 1.
[2026-09-18T19:21:35.283] [DEBUG] debug-file - worker[1] exits with exit code 1.
[2026-09-18T19:21:35.284] [DEBUG] debug-file - worker[8] exits with exit code 1.
[2026-09-18T19:21:35.291] [DEBUG] debug-file - worker[4] exits with exit code 1.
[2026-09-18T20:02:39.230] [DEBUG] debug-file - env: nodejsVersion=v18.20.1
[2026-09-18T20:02:39.352] [DEBUG] debug-file - Hvigor init with startParameters:{
  hvigorfileTypeCheck: false,
  parallelExecution: true,
  incrementalExecution: true,
  printStackTrace: false,
  daemon: false,
  analyze: 0,
  logLevel: Level { level: 20000, levelStr: 'INFO', colour: 'green' },
  optimizationStrategy: 'memory',
  hotCompile: undefined,
  hotReloadBuild: undefined,
  customizedParam: undefined
}
[2026-09-18T20:02:40.068] [DEBUG] debug-file - hvigorfile, require result:  { default: { system: [Function: appTasks], plugins: [] } }
[2026-09-18T20:02:40.069] [DEBUG] debug-file - Starting plugin build process
[2026-09-18T20:02:40.142] [DEBUG] debug-file - App plugin register hook start...
[2026-09-18T20:02:40.142] [DEBUG] debug-file - Start initialize project's product build option map with build mode debug.
[2026-09-18T20:02:40.143] [DEBUG] debug-file - Obtain build option for product 'default'in this build.
[2026-09-18T20:02:40.146] [DEBUG] debug-file - Start recording SDK configuration permission data.
[2026-09-18T20:02:40.165] [DEBUG] debug-file - Project task initialization takes 3 ms 
[2026-09-18T20:02:40.172] [DEBUG] debug-file - Start initialize module-target build option map, moduleName=entry, buildMode=debug
[2026-09-18T20:02:40.168] [DEBUG] debug-file - failed to load cangjie to dynamically generate schemas: Error: Cannot find module '@ohos/cangjie-build-support/index'
Require stack:
- /Users/abhi/.hvigor/project_caches/0947245c615fa1be5fb4a847626f95c7/workspace/node_modules/.pnpm/@ohos+hvigor-ohos-plugin@6.24.2/node_modules/@ohos/hvigor-ohos-plugin/src/plugin/hooks/cangjie-register.js
- /Users/abhi/.hvigor/project_caches/0947245c615fa1be5fb4a847626f95c7/workspace/node_modules/.pnpm/@ohos+hvigor-ohos-plugin@6.24.2/node_modules/@ohos/hvigor-ohos-plugin/src/plugin/strategy/stage-init-strategy.js
- /Users/abhi/.hvigor/project_caches/0947245c615fa1be5fb4a847626f95c7/workspace/node_modules/.pnpm/@ohos+hvigor-ohos-plugin@6.24.2/node_modules/@ohos/hvigor-ohos-plugin/src/plugin/builder/abstract-plugin-builder.js
- /Users/abhi/.hvigor/project_caches/0947245c615fa1be5fb4a847626f95c7/workspace/node_modules/.pnpm/@ohos+hvigor-ohos-plugin@6.24.2/node_modules/@ohos/hvigor-ohos-plugin/src/plugin/builder/app-plugin-builder.js
- /Users/abhi/.hvigor/project_caches/0947245c615fa1be5fb4a847626f95c7/workspace/node_modules/.pnpm/@ohos+hvigor-ohos-plugin@6.24.2/node_modules/@ohos/hvigor-ohos-plugin/src/plugin/factory/plugin-factory.js
- /Users/abhi/.hvigor/project_caches/0947245c615fa1be5fb4a847626f95c7/workspace/node_modules/.pnpm/@ohos+hvigor-ohos-plugin@6.24.2/node_modules/@ohos/hvigor-ohos-plugin/index.js
- /Users/abhi/Desktop/HarmonyOS Ports/OpenTwit-Web/hvigorfile.ts
- /Users/abhi/Developer/command-line-tools/hvigor/hvigor/src/base/internal/lifecycle/configuration.js
- /Users/abhi/Developer/command-line-tools/hvigor/hvigor/src/base/boot/index.js
- /Users/abhi/Developer/command-line-tools/hvigor/hvigor/src/cli/main/cli.js
- /Users/abhi/Developer/command-line-tools/hvigor/hvigor/bin/hvigor.js
[2026-09-18T20:02:40.176] [DEBUG] debug-file - start to load updatedOhPackageInfo to the disk
[2026-09-18T20:02:40.175] [DEBUG] debug-file - project has submodules:entry
[2026-09-18T20:02:40.177] [DEBUG] debug-file - Start to initialize dependency information.
[2026-09-18T20:02:40.180] [DEBUG] debug-file - Since there is no instance or instance is terminated, create a new worker pool.
[2026-09-18T20:02:40.181] [DEBUG] debug-file - Create  resident worker with id: 0.
[2026-09-18T20:02:40.183] [DEBUG] debug-file - Executing task :entry:default@PreBuild
[2026-09-18T20:02:40.189] [DEBUG] debug-file - Executing task :entry:default@GenerateMetadata
[2026-09-18T20:02:40.192] [DEBUG] debug-file - Executing task :entry:default@PreCheckSyscap
[2026-09-18T20:02:40.191] [DEBUG] debug-file - Executing task :entry:default@CreateBuildProfile
[2026-09-18T20:02:40.197] [DEBUG] debug-file - Executing task :entry:default@BuildNativeWithCmake
[2026-09-18T20:02:40.192] [DEBUG] debug-file - Executing task :entry:default@GeneratePkgContextInfo
[2026-09-18T20:02:40.197] [DEBUG] debug-file - Executing task :entry:default@ProcessIntegratedHsp
[2026-09-18T20:02:40.197] [DEBUG] debug-file - Executing task :entry:default@MakePackInfo
[2026-09-18T20:02:40.198] [DEBUG] debug-file - Executing task :entry:default@SyscapTransform
[2026-09-18T20:02:40.207] [DEBUG] debug-file - Executing task :entry:default@ProcessRouterMap
[2026-09-18T20:02:40.206] [DEBUG] debug-file - Executing task :entry:default@ProcessProfile
[2026-09-18T20:02:40.208] [DEBUG] debug-file - Executing task :entry:default@ProcessShareConfig
[2026-09-18T20:02:40.209] [DEBUG] debug-file - Executing task :entry:default@ProcessStartupConfig
[2026-09-18T20:02:40.211] [DEBUG] debug-file - Executing task :entry:default@ProcessResource
[2026-09-18T20:02:40.212] [DEBUG] debug-file - Executing task :entry:default@GenerateLoaderJson
[2026-09-18T20:02:40.209] [DEBUG] debug-file - Executing task :entry:default@BuildNativeWithNinja
[2026-09-18T20:02:40.215] [DEBUG] debug-file - Executing task :entry:default@CompileResource
[2026-09-18T20:02:40.214] [DEBUG] debug-file - Executing task :entry:default@ProcessLibs
[2026-09-18T20:02:40.217] [DEBUG] debug-file - Executing task :entry:default@DoNativeStrip
[2026-09-18T20:02:40.218] [DEBUG] debug-file - Executing task :entry:default@CompileArkTS
[2026-09-18T20:02:40.225] [DEBUG] debug-file - Executing task :entry:default@BuildJS
[2026-09-18T20:02:40.227] [DEBUG] debug-file - Executing task :entry:default@CacheNativeLibs
[2026-09-18T20:02:39.230] [DEBUG] debug-file - env: hvigor-config.json5 content = {
  modelVersion: '5.0.0',
  hvigorVersion: '6.24.2',
  dependencies: { '@ohos/hvigor-ohos-plugin': '6.24.2' }
}
[2026-09-18T20:02:39.354] [DEBUG] debug-file - Cache service initialization finished in 2 ms 
[2026-09-18T20:02:40.068] [DEBUG] debug-file - hvigorfile, binding system plugins [Function: appTasks]
[2026-09-18T20:02:40.069] [DEBUG] debug-file - App plugin prepare start...
[2026-09-18T20:02:40.142] [DEBUG] debug-file - App plugin register hook end...
[2026-09-18T20:02:40.142] [DEBUG] debug-file - Picking option from product 'default' with build mode 'debug'.
[2026-09-18T20:02:40.144] [DEBUG] debug-file - /Users/abhi/Desktop/HarmonyOS Ports/OpenTwit-Web/build/cache/default/remote_hsp/remoteHspCache.json not exists.
[2026-09-18T20:02:40.161] [DEBUG] debug-file - Sdk init in 18 ms 
[2026-09-18T20:02:40.165] [DEBUG] debug-file - hvigorfile, begin to bind custom plugins...
[2026-09-18T20:02:40.173] [DEBUG] debug-file - Target 'default' config initialized
[2026-09-18T20:02:40.176] [DEBUG] debug-file - load to the disk finished
[2026-09-18T20:02:40.178] [DEBUG] debug-file - Module entry Collected Dependency: 
[2026-09-18T20:02:40.180] [DEBUG] debug-file - Worker pool is initialized with config:  {
  minPoolNum: 2,
  maxPoolNum: undefined,
  maxCoreSize: undefined,
  cacheCapacity: undefined,
  cacheTtl: undefined
}
[2026-09-18T20:02:40.181] [DEBUG] debug-file - Create  resident worker with id: 1.
[2026-09-18T20:02:40.184] [WARN] debug-file - The project has not explicitly set the 'targetSdkVersion' version at build-profile.json5. It is recommended to configure it. Reference: https://developer.huawei.com/consumer/en/doc/harmonyos-guides/ide-hvigor-build-profile-app#section45865492619
[2026-09-18T20:02:40.189] [DEBUG] debug-file - Task 'entry:default@GenerateMetadata' cost while wrapping incremental declarations: 1 ms 
[2026-09-18T20:02:40.192] [DEBUG] debug-file - entry : default@PreCheckSyscap cost memory 0.0155487060546875
[2026-09-18T20:02:40.191] [DEBUG] debug-file - Task 'entry:default@CreateBuildProfile' cost while wrapping incremental declarations: 1 ms 
[2026-09-18T20:02:40.197] [DEBUG] debug-file - entry : default@BuildNativeWithCmake cost memory 0.01372528076171875
[2026-09-18T20:02:40.195] [DEBUG] debug-file - Task 'entry:default@GeneratePkgContextInfo' cost while wrapping incremental declarations: 1 ms 
[2026-09-18T20:02:40.197] [DEBUG] debug-file - entry:default@ProcessIntegratedHsp is not up-to-date, since the output file '/Users/abhi/Desktop/HarmonyOS Ports/OpenTwit-Web/build/cache/default/integrated_hsp/integratedHspCache.json' does not exist.
[2026-09-18T20:02:40.198] [DEBUG] debug-file - Incremental task entry:default@MakePackInfo pre-execution cost: 1 ms .
[2026-09-18T20:02:40.198] [DEBUG] debug-file - File: '/Users/abhi/Desktop/HarmonyOS Ports/OpenTwit-Web/entry/src/main/syscap.json' from 'sysCapJsonPath' is not exists, just ignore.
[2026-09-18T20:02:40.208] [DEBUG] debug-file - Incremental task entry:default@ProcessRouterMap pre-execution cost: 1 ms .
[2026-09-18T20:02:40.207] [DEBUG] debug-file - Task 'entry:default@ProcessProfile' cost while wrapping incremental declarations: 1 ms 
[2026-09-18T20:02:40.208] [DEBUG] debug-file - Incremental task entry:default@ProcessShareConfig pre-execution cost: 1 ms .
[2026-09-18T20:02:40.209] [DEBUG] debug-file - Task 'entry:default@ProcessStartupConfig' cost while wrapping incremental declarations: 1 ms 
[2026-09-18T20:02:40.211] [DEBUG] debug-file - Task 'entry:default@ProcessResource' cost while wrapping incremental declarations: 1 ms 
[2026-09-18T20:02:40.212] [DEBUG] debug-file - Task 'entry:default@GenerateLoaderJson' cost while wrapping incremental declarations: 1 ms 
[2026-09-18T20:02:40.210] [DEBUG] debug-file - entry : default@BuildNativeWithNinja cost memory 0.01860809326171875
[2026-09-18T20:02:40.216] [DEBUG] debug-file - Incremental task entry:default@CompileResource pre-execution cost: 2 ms .
[2026-09-18T20:02:40.215] [DEBUG] debug-file - Incremental task entry:default@ProcessLibs pre-execution cost: 1 ms .
[2026-09-18T20:02:40.217] [DEBUG] debug-file - File: '/Users/abhi/Desktop/HarmonyOS Ports/OpenTwit-Web/entry/build/default/intermediates/binxo/default' from 'doBinxoNativeLibs' is not exists, just ignore.
[2026-09-18T20:02:40.218] [DEBUG] debug-file - obfuscationOptions: undefined
[2026-09-18T20:02:40.225] [DEBUG] debug-file - Task 'entry:default@BuildJS' cost while wrapping incremental declarations: 1 ms 
[2026-09-18T20:02:40.227] [DEBUG] debug-file - File: '/Users/abhi/Desktop/HarmonyOS Ports/OpenTwit-Web/entry/build/default/intermediates/binxo/default' from 'cacheBinxoNativeLibs' is not exists, just ignore.
[2026-09-18T20:02:39.231] [DEBUG] debug-file - env: daemon=false
[2026-09-18T20:02:39.354] [DEBUG] debug-file - hvigorfile, resolving /Users/abhi/Desktop/HarmonyOS Ports/OpenTwit-Web/hvigorfile.ts
[2026-09-18T20:02:40.069] [DEBUG] debug-file - App plugin prepare end...
[2026-09-18T20:02:40.142] [DEBUG] debug-file - Plugin build process completed
[2026-09-18T20:02:40.143] [DEBUG] debug-file - Product 'default' build option initialized
[2026-09-18T20:02:40.165] [DEBUG] debug-file - hvigorfile, no custom plugins were found in /Users/abhi/Desktop/HarmonyOS Ports/OpenTwit-Web/hvigorfile.ts
[2026-09-18T20:02:40.173] [DEBUG] debug-file - Module 'entry' target 'default' build option initialized
[2026-09-18T20:02:40.185] [DEBUG] debug-file - Task 'entry:default@PreBuild' cost while wrapping incremental declarations: 1 ms 
[2026-09-18T20:02:40.189] [DEBUG] debug-file - Incremental task entry:default@GenerateMetadata pre-execution cost: 1 ms .
[2026-09-18T20:02:40.192] [DEBUG] debug-file - runTaskFromQueue task cost before running: 842 ms 
[2026-09-18T20:02:40.191] [DEBUG] debug-file - Incremental task entry:default@CreateBuildProfile pre-execution cost: 1 ms .
[2026-09-18T20:02:40.197] [DEBUG] debug-file - runTaskFromQueue task cost before running: 848 ms 
[2026-09-18T20:02:40.195] [DEBUG] debug-file - entry : default@GeneratePkgContextInfo cost memory 0.7100448608398438
[2026-09-18T20:02:40.178] [DEBUG] debug-file - Module entry's total dependency: 0
[2026-09-18T20:02:40.199] [DEBUG] debug-file - Task 'entry:default@SyscapTransform' cost while wrapping incremental declarations: 1 ms 
[2026-09-18T20:02:40.208] [DEBUG] debug-file - entry : default@ProcessRouterMap cost memory 0.11051177978515625
[2026-09-18T20:02:40.207] [DEBUG] debug-file - Incremental task entry:default@ProcessProfile pre-execution cost: 1 ms .
[2026-09-18T20:02:40.176] [DEBUG] debug-file - Start to initialize dependency information.
[2026-09-18T20:02:40.209] [DEBUG] debug-file - entry:default@ProcessStartupConfig is not up-to-date, since the output file '/Users/abhi/Desktop/HarmonyOS Ports/OpenTwit-Web/entry/build/default/intermediates/startup/default/startup_config.json' does not exist.
[2026-09-18T20:02:40.211] [DEBUG] debug-file - Incremental task entry:default@ProcessResource pre-execution cost: 1 ms .
[2026-09-18T20:02:40.213] [DEBUG] debug-file - Incremental task entry:default@GenerateLoaderJson pre-execution cost: 1 ms .
[2026-09-18T20:02:40.197] [DEBUG] debug-file - Incremental task entry:default@ProcessIntegratedHsp pre-execution cost: 1 ms .
[2026-09-18T20:02:40.216] [DEBUG] debug-file - entry : default@CompileResource cost memory 0.3377227783203125
[2026-09-18T20:02:40.215] [DEBUG] debug-file - entry : default@ProcessLibs cost memory 0.08150482177734375
[2026-09-18T20:02:40.217] [DEBUG] debug-file - Task 'entry:default@DoNativeStrip' cost while wrapping incremental declarations: 1 ms 
[2026-09-18T20:02:40.198] [DEBUG] debug-file - entry : default@MakePackInfo cost memory 0.0943450927734375
[2026-09-18T20:02:40.225] [DEBUG] debug-file - entry : default@BuildJS cost memory 0.112213134765625
[2026-09-18T20:02:40.227] [DEBUG] debug-file - Task 'entry:default@CacheNativeLibs' cost while wrapping incremental declarations: 1 ms 
[2026-09-18T20:02:39.231] [DEBUG] debug-file - no-daemon, use the parent process.execArgv --max-old-space-size=8192,--max-semi-space-size=16,--expose-gc
[2026-09-18T20:02:40.210] [DEBUG] debug-file - runTaskFromQueue task cost before running: 860 ms 
[2026-09-18T20:02:40.218] [DEBUG] debug-file - Task 'entry:default@CompileArkTS' cost while wrapping incremental declarations: 1 ms 
[2026-09-18T20:02:40.208] [DEBUG] debug-file - entry : default@ProcessShareConfig cost memory 0.09000396728515625
[2026-09-18T20:02:40.069] [DEBUG] debug-file - App plugin creating...
[2026-09-18T20:02:40.143] [DEBUG] debug-file - End initialize project's product build option map with build mode 'debug'.
[2026-09-18T20:02:40.165] [DEBUG] debug-file - hvigorfile, resolve finished /Users/abhi/Desktop/HarmonyOS Ports/OpenTwit-Web/hvigorfile.ts
[2026-09-18T20:02:40.187] [DEBUG] debug-file - Incremental task entry:default@PreBuild pre-execution cost: 2 ms .
[2026-09-18T20:02:40.192] [INFO] debug-file - Finished :entry:default@PreCheckSyscap... after 1 ms 
[2026-09-18T20:02:40.173] [DEBUG] debug-file - End initialize module-target build option map, moduleName=entry
[2026-09-18T20:02:40.197] [INFO] debug-file - Finished :entry:default@BuildNativeWithCmake... after 1 ms 
[2026-09-18T20:02:40.195] [DEBUG] debug-file - runTaskFromQueue task cost before running: 845 ms 
[2026-09-18T20:02:40.179] [DEBUG] debug-file - Configuration phase cost:825 ms 
[2026-09-18T20:02:40.205] [DEBUG] debug-file - Incremental task entry:default@SyscapTransform pre-execution cost: 7 ms .
[2026-09-18T20:02:40.208] [INFO] debug-file - UP-TO-DATE :entry:default@ProcessRouterMap...  
[2026-09-18T20:02:40.207] [DEBUG] debug-file - entry : default@ProcessProfile cost memory 0.11231231689453125
[2026-09-18T20:02:40.177] [DEBUG] debug-file - Module OpenTwit-Web Collected Dependency: 
[2026-09-18T20:02:40.209] [DEBUG] debug-file - Incremental task entry:default@ProcessStartupConfig pre-execution cost: 1 ms .
[2026-09-18T20:02:40.191] [DEBUG] debug-file - entry : default@CreateBuildProfile cost memory 0.09157562255859375
[2026-09-18T20:02:40.214] [DEBUG] debug-file - entry : default@GenerateLoaderJson cost memory 0.27475738525390625
[2026-09-18T20:02:40.189] [DEBUG] debug-file - entry : default@GenerateMetadata cost memory 0.28475189208984375
[2026-09-18T20:02:40.217] [INFO] debug-file - UP-TO-DATE :entry:default@CompileResource...  
[2026-09-18T20:02:40.215] [INFO] debug-file - UP-TO-DATE :entry:default@ProcessLibs...  
[2026-09-18T20:02:40.211] [DEBUG] debug-file - entry : default@ProcessResource cost memory 0.12151336669921875
[2026-09-18T20:02:40.198] [INFO] debug-file - UP-TO-DATE :entry:default@MakePackInfo...  
[2026-09-18T20:02:40.225] [DEBUG] debug-file - runTaskFromQueue task cost before running: 876 ms 
[2026-09-18T20:02:40.227] [DEBUG] debug-file - Incremental task entry:default@CacheNativeLibs pre-execution cost: 1 ms .
[2026-09-18T20:02:40.210] [INFO] debug-file - Finished :entry:default@BuildNativeWithNinja... after 1 ms 
[2026-09-18T20:02:40.208] [INFO] debug-file - UP-TO-DATE :entry:default@ProcessShareConfig...  
[2026-09-18T20:02:40.165] [DEBUG] debug-file - hvigorfile, resolving /Users/abhi/Desktop/HarmonyOS Ports/OpenTwit-Web/entry/hvigorfile.ts
[2026-09-18T20:02:40.219] [DEBUG] debug-file - entry:default@CompileArkTS is not up-to-date, since the input file '/Users/abhi/Desktop/HarmonyOS Ports/OpenTwit-Web/entry/src/main/ets' has been changed.
[2026-09-18T20:02:40.187] [DEBUG] debug-file - entry : default@PreBuild cost memory 0.8607559204101562
[2026-09-18T20:02:40.197] [DEBUG] debug-file - entry : default@ProcessIntegratedHsp cost memory 0.04703521728515625
[2026-09-18T20:02:40.195] [INFO] debug-file - Finished :entry:default@GeneratePkgContextInfo... after 3 ms 
[2026-09-18T20:02:40.180] [DEBUG] debug-file - Configuration task cost before running: 830 ms 
[2026-09-18T20:02:40.205] [DEBUG] debug-file - entry : default@SyscapTransform cost memory 0.1094512939453125
[2026-09-18T20:02:40.207] [INFO] debug-file - UP-TO-DATE :entry:default@ProcessProfile...  
[2026-09-18T20:02:40.177] [DEBUG] debug-file - Module OpenTwit-Web's total dependency: 0
[2026-09-18T20:02:40.191] [INFO] debug-file - UP-TO-DATE :entry:default@CreateBuildProfile...  
[2026-09-18T20:02:40.214] [INFO] debug-file - UP-TO-DATE :entry:default@GenerateLoaderJson...  
[2026-09-18T20:02:40.189] [INFO] debug-file - UP-TO-DATE :entry:default@GenerateMetadata...  
[2026-09-18T20:02:40.215] [DEBUG] debug-file - restool module names: entry; moduleName=entry, taskName=default@CompileResource
[2026-09-18T20:02:40.212] [INFO] debug-file - UP-TO-DATE :entry:default@ProcessResource...  
[2026-09-18T20:02:40.173] [DEBUG] debug-file - Start initialize module-target build option map, moduleName=entry, buildMode=release
[2026-09-18T20:02:40.225] [INFO] debug-file - Finished :entry:default@BuildJS... after 1 ms 
[2026-09-18T20:02:40.227] [DEBUG] debug-file - entry : default@CacheNativeLibs cost memory 0.085296630859375
[2026-09-18T20:02:40.210] [DEBUG] debug-file - restool module names: entry; moduleName=entry, taskName=default@ProcessResource
[2026-09-18T20:02:40.217] [DEBUG] debug-file - Incremental task entry:default@DoNativeStrip pre-execution cost: 1 ms .
[2026-09-18T20:02:40.168] [DEBUG] debug-file - hvigorfile, require result:  { default: { system: [Function: hapTasks], plugins: [] } }
[2026-09-18T20:02:40.219] [DEBUG] debug-file - Incremental task entry:default@CompileArkTS pre-execution cost: 1 ms .
[2026-09-18T20:02:40.188] [INFO] debug-file - UP-TO-DATE :entry:default@PreBuild...  
[2026-09-18T20:02:40.209] [DEBUG] debug-file - entry : default@ProcessStartupConfig cost memory 0.07424163818359375
[2026-09-18T20:02:40.195] [DEBUG] debug-file - Executing task :entry:default@GeneratePkgSdkInfo
[2026-09-18T20:02:40.197] [DEBUG] debug-file - runTaskFromQueue task cost before running: 847 ms 
[2026-09-18T20:02:40.205] [INFO] debug-file - UP-TO-DATE :entry:default@SyscapTransform...  
[2026-09-18T20:02:40.190] [DEBUG] debug-file - Executing task :entry:default@ConfigureCmake
[2026-09-18T20:02:40.173] [DEBUG] debug-file - Target 'default' config initialized
[2026-09-18T20:02:40.227] [INFO] debug-file - UP-TO-DATE :entry:default@CacheNativeLibs...  
[2026-09-18T20:02:40.217] [DEBUG] debug-file - entry : default@DoNativeStrip cost memory 0.06919097900390625
[2026-09-18T20:02:40.168] [DEBUG] debug-file - hvigorfile, binding system plugins [Function: hapTasks]
[2026-09-18T20:02:40.222] [DEBUG] debug-file - build config:
[2026-09-18T20:02:40.188] [DEBUG] debug-file - Executing task :entry:default@CreateModuleInfo
[2026-09-18T20:02:40.209] [DEBUG] debug-file - runTaskFromQueue task cost before running: 860 ms 
[2026-09-18T20:02:40.196] [DEBUG] debug-file - Task 'entry:default@GeneratePkgSdkInfo' cost while wrapping incremental declarations: 1 ms 
[2026-09-18T20:02:40.197] [INFO] debug-file - Finished :entry:default@ProcessIntegratedHsp... after 1 ms 
[2026-09-18T20:02:40.190] [DEBUG] debug-file - entry : default@ConfigureCmake cost memory 0.0120849609375
[2026-09-18T20:02:40.173] [DEBUG] debug-file - Module 'entry' target 'default' build option initialized
[2026-09-18T20:02:40.217] [INFO] debug-file - UP-TO-DATE :entry:default@DoNativeStrip...  
[2026-09-18T20:02:40.168] [DEBUG] debug-file - Starting plugin build process
[2026-09-18T20:02:40.223] [DEBUG] debug-file - {
  moduleType: 'entry',
  perf: 0,
  targetName: '.default',
  packageManagerType: 'ohpm',
  localPropertiesPath: '/Users/abhi/Desktop/HarmonyOS Ports/OpenTwit-Web/local.properties',
  isPreview: false,
  isOhosTest: false,
  isLocalTest: false,
  buildMode: 'Debug',
  hotReloadBuild: undefined,
  watchMode: 'false',
  aceProfilePath: '/Users/abhi/Desktop/HarmonyOS Ports/OpenTwit-Web/entry/build/default/intermediates/res/default/resources/base/profile',
  etsLoaderPath: '/Users/abhi/Developer/command-line-tools/sdk/default/openharmony/ets/build-tools/ets-loader',
  modulePath: '/Users/abhi/Desktop/HarmonyOS Ports/OpenTwit-Web/entry',
  testFrameworkPar: {
    testMode: undefined,
    coveragePathFilter: undefined,
    coverageMode: undefined
  },
  needCoverageInsert: false,
  debugLine: false,
  projectTopDir: '/Users/abhi/Desktop/HarmonyOS Ports/OpenTwit-Web',
  compileSdkVersion: 24,
  compatibleSdkVersion: 24,
  originCompatibleSdkVersion: 24,
  compatibleSdkVersionStage: undefined,
  bundleName: 'c***t',
  etsLoaderVersion: '6.1.1.125',
  etsLoaderReleaseType: 'Release',
  aotCompileMode: 'type',
  apPath: '/Users/abhi/Desktop/HarmonyOS Ports/OpenTwit-Web/entry/modules.ap',
  entryModuleName: 'entry',
  entryModuleVersion: '1.0.0',
  entryPackageName: 'entry',
  allModuleNameHash: 'a660c64699cc15ae89ec0a8db121631e43f9cac40a33c65ab3bb5b24a32a70f0',
  externalApiPaths: [],
  compilerTypes: [],
  isCrossplatform: false,
  hvigorPluginFile: undefined,
  compilePluginPath: undefined,
  buildGeneratedProfilePath: '/Users/abhi/Desktop/HarmonyOS Ports/OpenTwit-Web/entry/build/default/generated/profile/default',
  bundleType: 'app',
  arkTSVersion: undefined,
  apiVersion: 24,
  needCompleteSourcesMap: false,
  isFaMode: false,
  buildDir: '/Users/abhi/Desktop/HarmonyOS Ports/OpenTwit-Web/entry/build',
  deviceTypes: [ 'default', 'tablet' ],
  pkgContextInfo: undefined,
  ohPackagePathMap: {},
  dependencyAliasMap: {},
  permission: { requestPermissions: [ [Object] ], definePermissions: undefined },
  useGetCurrentBundleName: false,
  projectArkOption: undefined,
  sourceMapDir: undefined,
  branchElimination: false,
  transformLib: undefined,
  tsImportSendable: false,
  resolveConflictMode: true,
  depName2RootPath: {},
  depName2DepInfo: {},
  depName2OhExports: {},
  rootPathSet: [ '/Users/abhi/Desktop/HarmonyOS Ports/OpenTwit-Web' ],
  useNativeResolver: true,
  shouldEmitJs: true,
  useTscResolve: false,
  singleFileEmit: false,
  userProjectConfig: {
    autoLazyImport: false,
    allowEmptyBundleName: false,
    reExportCheckMode: 'noCheck',
    executionMode: 'memory',
    usePathPlaceholder: false,
    writeRollupCache: true,
    isExpandImportEnabled: false,
    expandImportExclude: '',
    lazyImportExclude: '',
    lazyImportInclude: '',
    ignoreCrossplatformCheck: false,
    isHarDeduplicateEnabled: false,
    skipOhModulesLint: false,
    enableStrictCheckOHModule: false,
    disableSendableCheckRules: [],
    useDeclarationFileSignature: false,
    customizedOptions: undefined,
    integratedHsp: false,
    isPreloadSoEnabled: false
  },
  executionMode: 'memory',
  arkCompileCachePath: '/Users/abhi/Desktop/HarmonyOS Ports/OpenTwit-Web/entry/build/default/cache/default/default@CompileArkTS/esmodule',
  autoLazyFilter: undefined,
  isHarDeduplicateEnabled: false,
  intermediateHarDuplicateDirPath: '/Users/abhi/Desktop/HarmonyOS Ports/OpenTwit-Web/entry/build/default/intermediates/har_duplicate/default',
  autoLazyImport: false,
  allowEmptyBundleName: false,
  reExportCheckMode: 'noCheck',
  usePathPlaceholder: false,
  writeRollupCache: true,
  isExpandImportEnabled: false,
  expandImportExclude: '',
  lazyImportExclude: '',
  lazyImportInclude: '',
  ignoreCrossplatformCheck: false,
  skipOhModulesLint: false,
  enableStrictCheckOHModule: false,
  disableSendableCheckRules: [],
  useDeclarationFileSignature: false,
  customizedOptions: undefined,
  integratedHsp: false,
  isPreloadSoEnabled: false,
  strictMode: undefined,
  useNormalizedOHMUrl: false,
  caseSensitiveCheck: false,
  strictCheckerOnly: false,
  aceModuleJsonPath: '/Users/abhi/Desktop/HarmonyOS Ports/OpenTwit-Web/entry/build/default/intermediates/res/default/ark_module.json',
  appResource: '/Users/abhi/Desktop/HarmonyOS Ports/OpenTwit-Web/entry/build/default/intermediates/res/default/ResourceTable.txt',
  rawFileResource: '/Users/abhi/Desktop/HarmonyOS Ports/OpenTwit-Web/entry/build/default/intermediates/res/default/resources/rawfile',
  resourceTableHash: 'd7a9236f79d294e315bc3d1b504e5b678296b83b90f2a4955d74858ab482ce10',
  runtimeOS: 'OpenHarmony',
  sdkInfo: 'true:24:6.1.1.125:Release',
  aceModuleRoot: '/Users/abhi/Desktop/HarmonyOS Ports/OpenTwit-Web/entry/src/main/ets',
  compileMode: 'esmodule',
  aceSuperVisualPath: '/Users/abhi/Desktop/HarmonyOS Ports/OpenTwit-Web/entry/src/main/supervisual',
  aceBuildJson: '/Users/abhi/Desktop/HarmonyOS Ports/OpenTwit-Web/entry/build/default/intermediates/loader/default/loader.json',
  cachePath: '/Users/abhi/Desktop/HarmonyOS Ports/OpenTwit-Web/entry/build/default/cache/default/default@CompileArkTS/esmodule/debug',
  aceModuleBuild: '/Users/abhi/Desktop/HarmonyOS Ports/OpenTwit-Web/entry/build/default/intermediates/loader_out/default/ets',
  supportChunks: true,
  declaredFilesPath: undefined,
  shouldCollectDirectImportees: false,
  isByteCodeHarOptimize: false,
  expandImportPath: undefined,
  resourceTableTs: '/Users/abhi/Desktop/HarmonyOS Ports/OpenTwit-Web/entry/build/default/generated/r/default/ResourceTable.ts',
  moduleMetaInfoFiles: [
    {
      filePath: '/Users/abhi/Desktop/HarmonyOS Ports/OpenTwit-Web/entry/build/default/generated/r/default/ResourceTable.ts',
      ohmurl: 'com.example.opentwit/entry/build/generated/r/ResourceTable'
    }
  ],
  pkgNameToPkgBriefInfo: {
    entry: {
      pkgRoot: '/Users/abhi/Desktop/HarmonyOS Ports/OpenTwit-Web/entry',
      originalSourceRoots: undefined,
      sourceRoots: [Array],
      pkgName: 'entry'
    }
  },
  projectModel: {
    '/Users/abhi/Desktop/HarmonyOS Ports/OpenTwit-Web/entry/src/main': {
      moduleName: 'entry',
      modulePkgPath: '/Users/abhi/Desktop/HarmonyOS Ports/OpenTwit-Web/entry',
      belongProjectPath: '/Users/abhi/Desktop/HarmonyOS Ports/OpenTwit-Web'
    },
    '/Users/abhi/Desktop/HarmonyOS Ports/OpenTwit-Web/entry': {
      moduleName: 'entry',
      modulePkgPath: '/Users/abhi/Desktop/HarmonyOS Ports/OpenTwit-Web/entry',
      belongProjectPath: '/Users/abhi/Desktop/HarmonyOS Ports/OpenTwit-Web'
    },
    '/Users/abhi/Desktop/HarmonyOS Ports/OpenTwit-Web': {
      moduleName: 'OpenTwit-Web',
      modulePkgPath: '/Users/abhi/Desktop/HarmonyOS Ports/OpenTwit-Web',
      belongProjectPath: '/Users/abhi/Desktop/HarmonyOS Ports/OpenTwit-Web'
    }
  },
  pkgJsonFileHash: '609e42aafe57c1140ce946bba289e7e1f03709e595812d94d07acc55c62a42dd',
  allModulePaths: [ '/Users/abhi/Desktop/HarmonyOS Ports/OpenTwit-Web/entry' ],
  routerMap: {},
  obfuscationOptions: undefined,
  byteCodeHarToDependencyKeys: undefined,
  compileBlockPkg: [],
  mockParams: {
    decorator: '@MockSetup',
    packageName: '@ohos/hamock',
    etsSourceRootPath: 'src/main/ets',
    mockConfigPath: undefined,
    mockConfigKey2ModuleInfo: {},
    source2ModuleIdMap: {}
  },
  copyCodeResourceEnable: true,
  copyCodeResourceExcludes: [],
  copyCodeResourceIncludes: undefined,
  uiTransformOptimization: false,
  sdkPath: '/Users/abhi/.ohos/sdk-remap',
  needPreloadSoFileSet: {},
  preloadSoFilePath: '/Users/abhi/Desktop/HarmonyOS Ports/OpenTwit-Web/entry/build/default/intermediates/preload/default/preload.json',
  useSourceHash: false,
  localModuleParamMap: {},
  otherPaths: {
    'entry/*': [ '../*', '../../../build/default/generated/profile/default/*' ]
  },
  collectImportersConfig: undefined
}
[2026-09-18T20:02:40.188] [DEBUG] debug-file - Task 'entry:default@CreateModuleInfo' cost while wrapping incremental declarations: 1 ms 
[2026-09-18T20:02:40.209] [INFO] debug-file - Finished :entry:default@ProcessStartupConfig... after 1 ms 
[2026-09-18T20:02:40.196] [DEBUG] debug-file - Incremental task entry:default@GeneratePkgSdkInfo pre-execution cost: 1 ms .
[2026-09-18T20:02:40.190] [DEBUG] debug-file - runTaskFromQueue task cost before running: 840 ms 
[2026-09-18T20:02:40.173] [DEBUG] debug-file - End initialize module-target build option map, moduleName=entry
[2026-09-18T20:02:40.168] [DEBUG] debug-file - Hap plugin creating...
[2026-09-18T20:02:40.223] [DEBUG] debug-file - default@CompileArkTS work[0] is submitted.
[2026-09-18T20:02:40.188] [DEBUG] debug-file - entry : default@CreateModuleInfo cost memory 0.03603363037109375
[2026-09-18T20:02:40.196] [DEBUG] debug-file - entry : default@GeneratePkgSdkInfo cost memory 0.10256195068359375
[2026-09-18T20:02:40.190] [INFO] debug-file - Finished :entry:default@ConfigureCmake... after 1 ms 
[2026-09-18T20:02:40.173] [DEBUG] debug-file - Start initialize module-target build option map, moduleName=entry, buildMode=debug
[2026-09-18T20:02:40.223] [DEBUG] debug-file - default@CompileArkTS work[0] is pushed to ready queue.
[2026-09-18T20:02:40.188] [DEBUG] debug-file - runTaskFromQueue task cost before running: 839 ms 
[2026-09-18T20:02:40.196] [INFO] debug-file - UP-TO-DATE :entry:default@GeneratePkgSdkInfo...  
[2026-09-18T20:02:40.190] [DEBUG] debug-file - Executing task :entry:default@MergeProfile
[2026-09-18T20:02:40.173] [DEBUG] debug-file - Target 'default' config initialized
[2026-09-18T20:02:40.223] [DEBUG] debug-file - A work dispatched to worker[9] failed because unable to get work from ready queue.
[2026-09-18T20:02:40.188] [INFO] debug-file - Finished :entry:default@CreateModuleInfo... after 1 ms 
[2026-09-18T20:02:40.190] [DEBUG] debug-file - Task 'entry:default@MergeProfile' cost while wrapping incremental declarations: 1 ms 
[2026-09-18T20:02:40.173] [DEBUG] debug-file - Module 'entry' target 'default' build option initialized
[2026-09-18T20:02:40.223] [DEBUG] debug-file - A work dispatched to worker[8] failed because unable to get work from ready queue.
[2026-09-18T20:02:40.191] [DEBUG] debug-file - Incremental task entry:default@MergeProfile pre-execution cost: 1 ms .
[2026-09-18T20:02:40.173] [DEBUG] debug-file - End initialize module-target build option map, moduleName=entry
[2026-09-18T20:02:40.223] [DEBUG] debug-file - A work dispatched to worker[7] failed because unable to get work from ready queue.
[2026-09-18T20:02:40.191] [DEBUG] debug-file - entry : default@MergeProfile cost memory 0.11251068115234375
[2026-09-18T20:02:40.173] [DEBUG] debug-file - Obtain build option for module 'entry' target 'default'in this build.
[2026-09-18T20:02:40.223] [DEBUG] debug-file - A work dispatched to worker[6] failed because unable to get work from ready queue.
[2026-09-18T20:02:40.191] [INFO] debug-file - UP-TO-DATE :entry:default@MergeProfile...  
[2026-09-18T20:02:40.175] [DEBUG] debug-file - Module entry task initialization takes 2 ms 
[2026-09-18T20:02:40.223] [DEBUG] debug-file - A work dispatched to worker[5] failed because unable to get work from ready queue.
[2026-09-18T20:02:40.175] [DEBUG] debug-file - Hap plugin register hook start...
[2026-09-18T20:02:40.223] [DEBUG] debug-file - Create  resident worker with id: 4.
[2026-09-18T20:02:40.175] [DEBUG] debug-file - Hap plugin register hook end...
[2026-09-18T20:02:40.224] [DEBUG] debug-file - default@CompileArkTS work[0] has been dispatched to worker[4].
[2026-09-18T20:02:40.175] [DEBUG] debug-file - Plugin build process completed
[2026-09-18T20:02:40.224] [DEBUG] debug-file - default@CompileArkTS work[0] is dispatched.
[2026-09-18T20:02:40.175] [DEBUG] debug-file - hvigorfile, begin to bind custom plugins...
[2026-09-18T20:02:40.224] [DEBUG] debug-file - CopyResources startTime: 945385280416
[2026-09-18T20:02:40.175] [DEBUG] debug-file - hvigorfile, no custom plugins were found in /Users/abhi/Desktop/HarmonyOS Ports/OpenTwit-Web/entry/hvigorfile.ts
[2026-09-18T20:02:40.224] [DEBUG] debug-file - default@CompileArkTS work[1] is submitted.
[2026-09-18T20:02:40.175] [DEBUG] debug-file - hvigorfile, resolve finished /Users/abhi/Desktop/HarmonyOS Ports/OpenTwit-Web/entry/hvigorfile.ts
[2026-09-18T20:02:40.224] [DEBUG] debug-file - default@CompileArkTS work[1] is pushed to ready queue.
[2026-09-18T20:02:40.224] [DEBUG] debug-file - A work dispatched to worker[9] failed because unable to get work from ready queue.
[2026-09-18T20:02:40.224] [DEBUG] debug-file - Create  resident worker with id: 8.
[2026-09-18T20:02:40.224] [DEBUG] debug-file - default@CompileArkTS work[1] has been dispatched to worker[8].
[2026-09-18T20:02:40.224] [DEBUG] debug-file - default@CompileArkTS work[1] is dispatched.
[2026-09-18T20:02:40.224] [DEBUG] debug-file - entry : default@CompileArkTS cost memory 1.8745956420898438
[2026-09-18T20:02:40.436] [DEBUG] debug-file - worker[8] has one work done.
[2026-09-18T20:02:40.436] [DEBUG] debug-file - CopyResources is end, endTime: 945597076291
[2026-09-18T20:02:40.436] [DEBUG] debug-file - default@CompileArkTS work[1] done.
[2026-09-18T20:02:40.436] [DEBUG] debug-file - A work dispatched to worker[8] failed because unable to get work from ready queue.
[2026-09-18T20:02:42.565] [WARN] debug-file - [33mWARN: [33m[33mArkTS:WARN File: /Users/abhi/Desktop/HarmonyOS Ports/OpenTwit-Web/entry/src/main/ets/services/WebTimeline.ets:44:54
 Usage of 'ESObject' type is restricted (arkts-limited-esobj)
[39m[39m
[33mWARN: [33m[33mArkTS:WARN File: /Users/abhi/Desktop/HarmonyOS Ports/OpenTwit-Web/entry/src/main/ets/services/WebTimeline.ets:74:17
 Usage of 'ESObject' type is restricted (arkts-limited-esobj)
[39m[39m
[33mWARN: [33m[33mArkTS:WARN File: /Users/abhi/Desktop/HarmonyOS Ports/OpenTwit-Web/entry/src/main/ets/services/WebTimeline.ets:81:25
 Usage of 'ESObject' type is restricted (arkts-limited-esobj)
[39m[39m
[33mWARN: [33m[33mArkTS:WARN File: /Users/abhi/Desktop/HarmonyOS Ports/OpenTwit-Web/entry/src/main/ets/services/WebTimeline.ets:89:17
 Usage of 'ESObject' type is restricted (arkts-limited-esobj)
[39m[39m
[33mWARN: [33m[33mArkTS:WARN File: /Users/abhi/Desktop/HarmonyOS Ports/OpenTwit-Web/entry/src/main/ets/services/WebTimeline.ets:94:19
 Usage of 'ESObject' type is restricted (arkts-limited-esobj)
[39m[39m
[33mWARN: [33m[33mArkTS:WARN File: /Users/abhi/Desktop/HarmonyOS Ports/OpenTwit-Web/entry/src/main/ets/services/WebTimeline.ets:100:17
 Usage of 'ESObject' type is restricted (arkts-limited-esobj)
[39m[39m
[33mWARN: [33m[33mArkTS:WARN File: /Users/abhi/Desktop/HarmonyOS Ports/OpenTwit-Web/entry/src/main/ets/services/WebTimeline.ets:107:19
 Usage of 'ESObject' type is restricted (arkts-limited-esobj)
[39m[39m
[33mWARN: [33m[33mArkTS:WARN File: /Users/abhi/Desktop/HarmonyOS Ports/OpenTwit-Web/entry/src/main/ets/services/WebTimeline.ets:116:17
 Usage of 'ESObject' type is restricted (arkts-limited-esobj)
[39m[39m
[33mWARN: [33m[33mArkTS:WARN File: /Users/abhi/Desktop/HarmonyOS Ports/OpenTwit-Web/entry/src/main/ets/services/WebTimeline.ets:123:19
 Usage of 'ESObject' type is restricted (arkts-limited-esobj)
[39m[39m
[33mWARN: [33m[33mArkTS:WARN File: /Users/abhi/Desktop/HarmonyOS Ports/OpenTwit-Web/entry/src/main/ets/services/WebTimeline.ets:130:36
 Usage of 'ESObject' type is restricted (arkts-limited-esobj)
[39m[39m
[33mWARN: [33m[33mArkTS:WARN: For details about ArkTS syntax errors, see FAQs[39m[39m
[33mWARN: [33m[33mArkTS:WARN File: /Users/abhi/Desktop/HarmonyOS Ports/OpenTwit-Web/entry/src/main/ets/common/TokenStore.ets:9:18
 Function may throw exceptions. Special handling is required.
[39m[39m
[33mWARN: [33m[33mArkTS:WARN File: /Users/abhi/Desktop/HarmonyOS Ports/OpenTwit-Web/entry/src/main/ets/common/TokenStore.ets:14:11
 Function may throw exceptions. Special handling is required.
[39m[39m
[33mWARN: [33m[33mArkTS:WARN File: /Users/abhi/Desktop/HarmonyOS Ports/OpenTwit-Web/entry/src/main/ets/common/TokenStore.ets:15:11
 Function may throw exceptions. Special handling is required.
[39m[39m
[33mWARN: [33m[33mArkTS:WARN File: /Users/abhi/Desktop/HarmonyOS Ports/OpenTwit-Web/entry/src/main/ets/common/TokenStore.ets:20:18
 Function may throw exceptions. Special handling is required.
[39m[39m
[33mWARN: [33m[33mArkTS:WARN File: /Users/abhi/Desktop/HarmonyOS Ports/OpenTwit-Web/entry/src/main/ets/common/TokenStore.ets:25:11
 Function may throw exceptions. Special handling is required.
[39m[39m
[33mWARN: [33m[33mArkTS:WARN File: /Users/abhi/Desktop/HarmonyOS Ports/OpenTwit-Web/entry/src/main/ets/common/TokenStore.ets:26:11
 Function may throw exceptions. Special handling is required.
[39m[39m
[33mWARN: [33m[33mArkTS:WARN File: /Users/abhi/Desktop/HarmonyOS Ports/OpenTwit-Web/entry/src/main/ets/common/TokenStore.ets:31:18
 Function may throw exceptions. Special handling is required.
[39m[39m
[33mWARN: [33m[33mArkTS:WARN File: /Users/abhi/Desktop/HarmonyOS Ports/OpenTwit-Web/entry/src/main/ets/pages/Home.ets:19:58
 'getContext' has been deprecated.
[39m[39m
[33mWARN: [33m[33mArkTS:WARN File: /Users/abhi/Desktop/HarmonyOS Ports/OpenTwit-Web/entry/src/main/ets/pages/Explore.ets:16:57
 'getContext' has been deprecated.
[39m[39m
[33mWARN: [33m[33mArkTS:WARN File: /Users/abhi/Desktop/HarmonyOS Ports/OpenTwit-Web/entry/src/main/ets/pages/Notify.ets:14:57
 'getContext' has been deprecated.
[39m[39m
[33mWARN: [33m[33mArkTS:WARN File: /Users/abhi/Desktop/HarmonyOS Ports/OpenTwit-Web/entry/src/main/ets/pages/Messages.ets:13:57
 'getContext' has been deprecated.
[39m[39m
[33mWARN: [33m[33mArkTS:WARN File: /Users/abhi/Desktop/HarmonyOS Ports/OpenTwit-Web/entry/src/main/ets/pages/Profile.ets:11:49
 'getContext' has been deprecated.
[39m[39m
[33mWARN: [33m[33mArkTS:WARN File: /Users/abhi/Desktop/HarmonyOS Ports/OpenTwit-Web/entry/src/main/ets/pages/Profile.ets:67:22
 'pushUrl' has been deprecated.
[39m[39m
[33mWARN: [33m[33mArkTS:WARN File: /Users/abhi/Desktop/HarmonyOS Ports/OpenTwit-Web/entry/src/main/ets/pages/Login.ets:19:46
 'getContext' has been deprecated.
[39m[39m
[33mWARN: [33m[33mArkTS:WARN File: /Users/abhi/Desktop/HarmonyOS Ports/OpenTwit-Web/entry/src/main/ets/pages/Login.ets:23:18
 'pushUrl' has been deprecated.
[39m[39m

[2026-09-18T20:02:42.565] [DEBUG] debug-file - Ark compile task finished.finished time is 947726737375
[2026-09-18T20:02:42.566] [DEBUG] debug-file - worker[4] has one work done.
[2026-09-18T20:02:42.566] [DEBUG] debug-file - default@CompileArkTS work[0] done.
[2026-09-18T20:02:42.568] [DEBUG] debug-file - Executing task :entry:default@PackageHap
[2026-09-18T20:02:42.570] [DEBUG] debug-file - default@PackageHap work[2] is submitted.
[2026-09-18T20:02:42.566] [DEBUG] debug-file - A work dispatched to worker[4] failed because unable to get work from ready queue.
[2026-09-18T20:02:42.569] [DEBUG] debug-file - entry:default@PackageHap is not up-to-date, since the input file '/Users/abhi/Desktop/HarmonyOS Ports/OpenTwit-Web/entry/build/default/intermediates/loader_out/default/ets' has been changed.
[2026-09-18T20:02:42.570] [DEBUG] debug-file - default@PackageHap work[2] is pushed to ready queue.
[2026-09-18T20:02:42.567] [INFO] debug-file - Finished :entry:default@CompileArkTS... after 1 s 837 ms 
[2026-09-18T20:02:42.569] [DEBUG] debug-file - Incremental task entry:default@PackageHap pre-execution cost: 1 ms .
[2026-09-18T20:02:42.570] [DEBUG] debug-file - A work dispatched to worker[9] failed because unable to get work from ready queue.
[2026-09-18T20:02:42.567] [DEBUG] debug-file - Executing task :entry:default@GeneratePkgModuleJson
[2026-09-18T20:02:42.570] [DEBUG] debug-file - Use tool [/Users/abhi/.ohos/sdk-remap/24/toolchains/lib/app_packing_tool.jar]
 [
  'java',
  '-Dfile.encoding=utf-8',
  '-jar',
  '/Users/abhi/.ohos/sdk-remap/24/toolchains/lib/app_packing_tool.jar',
  '--mode',
  'hap',
  '--force',
  'true',
  '--lib-path',
  '/Users/abhi/Desktop/HarmonyOS Ports/OpenTwit-Web/entry/build/default/intermediates/stripped_native_libs/default',
  '--json-path',
  '/Users/abhi/Desktop/HarmonyOS Ports/OpenTwit-Web/entry/build/default/intermediates/package/default/module.json',
  '--resources-path',
  '/Users/abhi/Desktop/HarmonyOS Ports/OpenTwit-Web/entry/build/default/intermediates/res/default/resources',
  '--index-path',
  '/Users/abhi/Desktop/HarmonyOS Ports/OpenTwit-Web/entry/build/default/intermediates/res/default/resources.index',
  '--pack-info-path',
  '/Users/abhi/Desktop/HarmonyOS Ports/OpenTwit-Web/entry/build/default/outputs/default/pack.info',
  '--out-path',
  '/Users/abhi/Desktop/HarmonyOS Ports/OpenTwit-Web/entry/build/default/outputs/default/entry-default-unsigned.hap',
  '--rpcid-path',
  '/Users/abhi/Desktop/HarmonyOS Ports/OpenTwit-Web/entry/build/default/intermediates/syscap/default/rpcid.sc',
  '--ets-path',
  '/Users/abhi/Desktop/HarmonyOS Ports/OpenTwit-Web/entry/build/default/intermediates/loader_out/default/ets',
  '--pkg-sdk-info-path',
  '/Users/abhi/Desktop/HarmonyOS Ports/OpenTwit-Web/entry/build/default/intermediates/loader/default/pkgSdkInfo.json'
]
[2026-09-18T20:02:42.570] [DEBUG] debug-file - default@PackageHap work[2] has been dispatched to worker[8].
[2026-09-18T20:02:42.567] [DEBUG] debug-file - File: '/Users/abhi/Desktop/HarmonyOS Ports/OpenTwit-Web/entry/build/default/intermediates/preload/default/preload.json' from 'preloadSoJsonPath' is not exists, just ignore.
[2026-09-18T20:02:42.570] [DEBUG] debug-file - default@PackageHap work[2] is dispatched.
[2026-09-18T20:02:42.567] [DEBUG] debug-file - Error occurs while handling @Input 'shouldDeduplicateHar': The "data" argument must be of type string or an instance of Buffer, TypedArray, or DataView. Received undefined
[2026-09-18T20:02:42.570] [DEBUG] debug-file - entry : default@PackageHap cost memory 0.390960693359375
[2026-09-18T20:02:42.567] [DEBUG] debug-file - Task 'entry:default@GeneratePkgModuleJson' cost while wrapping incremental declarations: 1 ms 
[2026-09-18T20:02:42.567] [DEBUG] debug-file - Incremental task entry:default@GeneratePkgModuleJson pre-execution cost: 1 ms .
[2026-09-18T20:02:42.567] [DEBUG] debug-file - entry : default@GeneratePkgModuleJson cost memory 0.0743560791015625
[2026-09-18T20:02:42.567] [INFO] debug-file - UP-TO-DATE :entry:default@GeneratePkgModuleJson...  
[2026-09-18T20:02:42.567] [DEBUG] debug-file - Executing task :entry:default@ProcessCompiledResources
[2026-09-18T20:02:42.567] [DEBUG] debug-file - File: '/Users/abhi/Desktop/HarmonyOS Ports/OpenTwit-Web/entry/build/default/intermediates/preload/default/preload.json' from 'preloadSoJsonPath' is not exists, just ignore.
[2026-09-18T20:02:42.567] [DEBUG] debug-file - Task 'entry:default@ProcessCompiledResources' cost while wrapping incremental declarations: 1 ms 
[2026-09-18T20:02:42.568] [DEBUG] debug-file - entry : default@ProcessCompiledResources cost memory 0.045501708984375
[2026-09-18T20:02:42.568] [DEBUG] debug-file - runTaskFromQueue task cost before running: 3 s 218 ms 
[2026-09-18T20:02:42.568] [INFO] debug-file - Finished :entry:default@ProcessCompiledResources... after 1 ms 
[2026-09-18T20:02:42.608] [DEBUG] debug-file - current process  memoryUsage: {
  rss: 790609920,
  heapTotal: 81821696,
  heapUsed: 56007600,
  external: 2409006,
  arrayBuffers: 255552
} os memoryUsage :13.063156127929688
[2026-09-18T20:02:42.845] [DEBUG] debug-file - worker[8] has one work done.
[2026-09-18T20:02:42.845] [DEBUG] debug-file - default@PackageHap work[2] done.
[2026-09-18T20:02:42.846] [DEBUG] debug-file - Executing task :entry:default@PackingCheck
[2026-09-18T20:02:42.849] [DEBUG] debug-file - Executing task :entry:default@SignHap
[2026-09-18T20:02:42.845] [DEBUG] debug-file - A work dispatched to worker[8] failed because unable to get work from ready queue.
[2026-09-18T20:02:42.851] [ERROR] debug-file - Failed :entry:default@SignHap... 
[2026-09-18T20:02:42.848] [DEBUG] debug-file - entry : default@PackingCheck cost memory 0.466583251953125
[2026-09-18T20:02:42.845] [INFO] debug-file - Finished :entry:default@PackageHap... after 240 ms 
[2026-09-18T20:02:42.851] [DEBUG] debug-file - hvigor build process will be closed with an error.
[2026-09-18T20:02:42.848] [DEBUG] debug-file - runTaskFromQueue task cost before running: 3 s 499 ms 
[2026-09-18T20:02:42.859] [ERROR] debug-file - [31m00303116 Configuration Error
Error Message: The length of the storePassword or keyPassword field in the signature configuration is less than 32. At file: /Users/abhi/Desktop/HarmonyOS Ports/OpenTwit-Web/build-profile.json5

* Try the following:
  > Re-execute sign your app/atomic service automatically：clear the signingConfigs field in the /Users/abhi/Desktop/HarmonyOS Ports/OpenTwit-Web/build-profile.json5 file and go to Project Structure > Project > Signing Configs and apply the signature material
  > Verify if signingConfigs is overridden in the project-level and module-level hvigorfile.ts. If so, use the error message to ensure the configuration is correct.
[39m

[31m* Try:
> Run with --stacktrace option to get the stack trace.
> Run with --debug option to get more log output.

[2026-09-18T20:02:42.848] [INFO] debug-file - Finished :entry:default@PackingCheck... after 3 ms 
[2026-09-18T20:02:42.859] [DEBUG] debug-file - ERROR: stacktrace = AdaptorError: [31m00303116 Configuration Error
Error Message: The length of the storePassword or keyPassword field in the signature configuration is less than 32. At file: /Users/abhi/Desktop/HarmonyOS Ports/OpenTwit-Web/build-profile.json5

* Try the following:
  > Re-execute sign your app/atomic service automatically：clear the signingConfigs field in the /Users/abhi/Desktop/HarmonyOS Ports/OpenTwit-Web/build-profile.json5 file and go to Project Structure > Project > Signing Configs and apply the signature material
  > Verify if signingConfigs is overridden in the project-level and module-level hvigorfile.ts. If so, use the error message to ensure the configuration is correct.
[39m
    at OhosLogger.printErrorExit (/Users/abhi/Developer/command-line-tools/hvigor/hvigor/src/base/log/hvigor-log.js:1:5087)
    at DecipherUtil.decryptPwd (/Users/abhi/.hvigor/project_caches/0947245c615fa1be5fb4a847626f95c7/workspace/node_modules/.pnpm/@ohos+hvigor-ohos-plugin@6.24.2/node_modules/@ohos/hvigor-ohos-plugin/src/utils/decipher-util.js:1:506)
    at HapSignCommandBuilder.getKeyStorePwd (/Users/abhi/.hvigor/project_caches/0947245c615fa1be5fb4a847626f95c7/workspace/node_modules/.pnpm/@ohos+hvigor-ohos-plugin@6.24.2/node_modules/@ohos/hvigor-ohos-plugin/src/tasks/sign/command-builder-impl/common-sign-command-builder.js:1:1341)
    at HapSignCommandBuilder.initCommandParams (/Users/abhi/.hvigor/project_caches/0947245c615fa1be5fb4a847626f95c7/workspace/node_modules/.pnpm/@ohos+hvigor-ohos-plugin@6.24.2/node_modules/@ohos/hvigor-ohos-plugin/src/tasks/sign/command-builder-impl/hap-sign-command-builder.js:1:771)
    at HapSignCommandBuilder.getSignCommand (/Users/abhi/.hvigor/project_caches/0947245c615fa1be5fb4a847626f95c7/workspace/node_modules/.pnpm/@ohos+hvigor-ohos-plugin@6.24.2/node_modules/@ohos/hvigor-ohos-plugin/src/tasks/sign/command-builder-impl/common-sign-command-builder.js:1:1053)
    at SignUtil.executeSign (/Users/abhi/.hvigor/project_caches/0947245c615fa1be5fb4a847626f95c7/workspace/node_modules/.pnpm/@ohos+hvigor-ohos-plugin@6.24.2/node_modules/@ohos/hvigor-ohos-plugin/src/tasks/sign/sign-util.js:1:4163)
    at SignUtil.sign (/Users/abhi/.hvigor/project_caches/0947245c615fa1be5fb4a847626f95c7/workspace/node_modules/.pnpm/@ohos+hvigor-ohos-plugin@6.24.2/node_modules/@ohos/hvigor-ohos-plugin/src/tasks/sign/sign-util.js:1:2319)
    at SignHap.doTaskAction (/Users/abhi/.hvigor/project_caches/0947245c615fa1be5fb4a847626f95c7/workspace/node_modules/.pnpm/@ohos+hvigor-ohos-plugin@6.24.2/node_modules/@ohos/hvigor-ohos-plugin/src/tasks/sign-hap.js:1:1763)
    at SignHap.<anonymous> (/Users/abhi/.hvigor/project_caches/0947245c615fa1be5fb4a847626f95c7/workspace/node_modules/.pnpm/@ohos+hvigor-ohos-plugin@6.24.2/node_modules/@ohos/hvigor-ohos-plugin/src/tasks/task/ohos-module-task.js:1:2137)
    at async SignHap.execute (/Users/abhi/Developer/command-line-tools/hvigor/hvigor/src/base/external/task/core-task-impl.js:1:2258)
[2026-09-18T20:02:42.859] [ERROR] debug-file - AdaptorError: [31m00303116 Configuration Error
Error Message: The length of the storePassword or keyPassword field in the signature configuration is less than 32. At file: /Users/abhi/Desktop/HarmonyOS Ports/OpenTwit-Web/build-profile.json5

* Try the following:
  > Re-execute sign your app/atomic service automatically：clear the signingConfigs field in the /Users/abhi/Desktop/HarmonyOS Ports/OpenTwit-Web/build-profile.json5 file and go to Project Structure > Project > Signing Configs and apply the signature material
  > Verify if signingConfigs is overridden in the project-level and module-level hvigorfile.ts. If so, use the error message to ensure the configuration is correct.
[39m
    at OhosLogger.printErrorExit (/Users/abhi/Developer/command-line-tools/hvigor/hvigor/src/base/log/hvigor-log.js:1:5087)
    at DecipherUtil.decryptPwd (/Users/abhi/.hvigor/project_caches/0947245c615fa1be5fb4a847626f95c7/workspace/node_modules/.pnpm/@ohos+hvigor-ohos-plugin@6.24.2/node_modules/@ohos/hvigor-ohos-plugin/src/utils/decipher-util.js:1:506)
    at HapSignCommandBuilder.getKeyStorePwd (/Users/abhi/.hvigor/project_caches/0947245c615fa1be5fb4a847626f95c7/workspace/node_modules/.pnpm/@ohos+hvigor-ohos-plugin@6.24.2/node_modules/@ohos/hvigor-ohos-plugin/src/tasks/sign/command-builder-impl/common-sign-command-builder.js:1:1341)
    at HapSignCommandBuilder.initCommandParams (/Users/abhi/.hvigor/project_caches/0947245c615fa1be5fb4a847626f95c7/workspace/node_modules/.pnpm/@ohos+hvigor-ohos-plugin@6.24.2/node_modules/@ohos/hvigor-ohos-plugin/src/tasks/sign/command-builder-impl/hap-sign-command-builder.js:1:771)
    at HapSignCommandBuilder.getSignCommand (/Users/abhi/.hvigor/project_caches/0947245c615fa1be5fb4a847626f95c7/workspace/node_modules/.pnpm/@ohos+hvigor-ohos-plugin@6.24.2/node_modules/@ohos/hvigor-ohos-plugin/src/tasks/sign/command-builder-impl/common-sign-command-builder.js:1:1053)
    at SignUtil.executeSign (/Users/abhi/.hvigor/project_caches/0947245c615fa1be5fb4a847626f95c7/workspace/node_modules/.pnpm/@ohos+hvigor-ohos-plugin@6.24.2/node_modules/@ohos/hvigor-ohos-plugin/src/tasks/sign/sign-util.js:1:4163)
    at SignUtil.sign (/Users/abhi/.hvigor/project_caches/0947245c615fa1be5fb4a847626f95c7/workspace/node_modules/.pnpm/@ohos+hvigor-ohos-plugin@6.24.2/node_modules/@ohos/hvigor-ohos-plugin/src/tasks/sign/sign-util.js:1:2319)
    at SignHap.doTaskAction (/Users/abhi/.hvigor/project_caches/0947245c615fa1be5fb4a847626f95c7/workspace/node_modules/.pnpm/@ohos+hvigor-ohos-plugin@6.24.2/node_modules/@ohos/hvigor-ohos-plugin/src/tasks/sign-hap.js:1:1763)
    at SignHap.<anonymous> (/Users/abhi/.hvigor/project_caches/0947245c615fa1be5fb4a847626f95c7/workspace/node_modules/.pnpm/@ohos+hvigor-ohos-plugin@6.24.2/node_modules/@ohos/hvigor-ohos-plugin/src/tasks/task/ohos-module-task.js:1:2137)
    at async SignHap.execute (/Users/abhi/Developer/command-line-tools/hvigor/hvigor/src/base/external/task/core-task-impl.js:1:2258)
[2026-09-18T20:02:42.859] [ERROR] debug-file - BUILD FAILED in 3 s 510 ms 
[2026-09-18T20:02:42.860] [DEBUG] debug-file - There is no need to refresh cache, since the incremental task entry:default@PreBuild is up-to-date.
[2026-09-18T20:02:42.860] [DEBUG] debug-file - Update task entry:default@CreateModuleInfo output file:/Users/abhi/Desktop/HarmonyOS Ports/OpenTwit-Web/entry/build/default/generated/profile/default/ModuleInfo.ts cache.
[2026-09-18T20:02:42.860] [DEBUG] debug-file - Incremental task entry:default@CreateModuleInfo post-execution cost:1 ms .
[2026-09-18T20:02:42.860] [DEBUG] debug-file - There is no need to refresh cache, since the incremental task entry:default@GenerateMetadata is up-to-date.
[2026-09-18T20:02:42.860] [DEBUG] debug-file - There is no need to refresh cache, since the incremental task entry:default@MergeProfile is up-to-date.
[2026-09-18T20:02:42.860] [DEBUG] debug-file - There is no need to refresh cache, since the incremental task entry:default@CreateBuildProfile is up-to-date.
[2026-09-18T20:02:42.860] [DEBUG] debug-file - Update task entry:default@GeneratePkgContextInfo output file:/Users/abhi/Desktop/HarmonyOS Ports/OpenTwit-Web/entry/build/default/intermediates/loader/default/pkgContextInfo.json cache.
[2026-09-18T20:02:42.860] [DEBUG] debug-file - Incremental task entry:default@GeneratePkgContextInfo post-execution cost:1 ms .
[2026-09-18T20:02:42.860] [DEBUG] debug-file - There is no need to refresh cache, since the incremental task entry:default@GeneratePkgSdkInfo is up-to-date.
[2026-09-18T20:02:42.860] [DEBUG] debug-file - Update task entry:default@ProcessIntegratedHsp output file:/Users/abhi/Desktop/HarmonyOS Ports/OpenTwit-Web/build/cache/default/integrated_hsp/integratedHspCache.json cache.
[2026-09-18T20:02:42.860] [DEBUG] debug-file - Incremental task entry:default@ProcessIntegratedHsp post-execution cost:1 ms .
[2026-09-18T20:02:42.860] [DEBUG] debug-file - There is no need to refresh cache, since the incremental task entry:default@MakePackInfo is up-to-date.
[2026-09-18T20:02:42.860] [DEBUG] debug-file - There is no need to refresh cache, since the incremental task entry:default@SyscapTransform is up-to-date.
[2026-09-18T20:02:42.860] [DEBUG] debug-file - There is no need to refresh cache, since the incremental task entry:default@ProcessProfile is up-to-date.
[2026-09-18T20:02:42.860] [DEBUG] debug-file - There is no need to refresh cache, since the incremental task entry:default@ProcessRouterMap is up-to-date.
[2026-09-18T20:02:42.860] [DEBUG] debug-file - There is no need to refresh cache, since the incremental task entry:default@ProcessShareConfig is up-to-date.
[2026-09-18T20:02:42.860] [DEBUG] debug-file - Update task entry:default@ProcessStartupConfig output file:/Users/abhi/Desktop/HarmonyOS Ports/OpenTwit-Web/entry/build/default/intermediates/startup/default/startup_config.json cache.
[2026-09-18T20:02:42.860] [DEBUG] debug-file - Incremental task entry:default@ProcessStartupConfig post-execution cost:1 ms .
[2026-09-18T20:02:42.860] [DEBUG] debug-file - There is no need to refresh cache, since the incremental task entry:default@ProcessResource is up-to-date.
[2026-09-18T20:02:42.860] [DEBUG] debug-file - There is no need to refresh cache, since the incremental task entry:default@GenerateLoaderJson is up-to-date.
[2026-09-18T20:02:42.860] [DEBUG] debug-file - There is no need to refresh cache, since the incremental task entry:default@ProcessLibs is up-to-date.
[2026-09-18T20:02:42.860] [DEBUG] debug-file - There is no need to refresh cache, since the incremental task entry:default@CompileResource is up-to-date.
[2026-09-18T20:02:42.860] [DEBUG] debug-file - There is no need to refresh cache, since the incremental task entry:default@DoNativeStrip is up-to-date.
[2026-09-18T20:02:42.860] [DEBUG] debug-file - Update task entry:default@CompileArkTS input file:/Users/abhi/Desktop/HarmonyOS Ports/OpenTwit-Web/entry/build/default/intermediates/loader/default cache by regenerate.
[2026-09-18T20:02:42.860] [DEBUG] debug-file - Update task entry:default@CompileArkTS input file:/Users/abhi/Desktop/HarmonyOS Ports/OpenTwit-Web/entry/build/default/intermediates/res/default/ResourceTable.txt cache by regenerate.
[2026-09-18T20:02:42.860] [DEBUG] debug-file - Update task entry:default@CompileArkTS input file:/Users/abhi/Desktop/HarmonyOS Ports/OpenTwit-Web/entry/build/default/intermediates/res/default/ark_module.json cache by regenerate.
[2026-09-18T20:02:42.860] [DEBUG] debug-file - Update task entry:default@CompileArkTS input file:/Users/abhi/Desktop/HarmonyOS Ports/OpenTwit-Web/entry/build/default/intermediates/res/default/resources/base/profile cache by regenerate.
[2026-09-18T20:02:42.860] [DEBUG] debug-file - Update task entry:default@CompileArkTS input file:/Users/abhi/Desktop/HarmonyOS Ports/OpenTwit-Web/entry/src/main/ets cache from map.
[2026-09-18T20:02:42.860] [DEBUG] debug-file - Update task entry:default@CompileArkTS input file:/Users/abhi/Desktop/HarmonyOS Ports/OpenTwit-Web/entry/build/default/generated/profile/default/BuildProfile.ets cache by regenerate.
[2026-09-18T20:02:42.860] [DEBUG] debug-file - Update task entry:default@CompileArkTS output file:/Users/abhi/Desktop/HarmonyOS Ports/OpenTwit-Web/entry/build/default/intermediates/loader_out/default/ets cache.
[2026-09-18T20:02:42.860] [DEBUG] debug-file - Incremental task entry:default@CompileArkTS post-execution cost:1 ms .
[2026-09-18T20:02:42.861] [DEBUG] debug-file - Update task entry:default@BuildJS input file:/Users/abhi/Desktop/HarmonyOS Ports/OpenTwit-Web/entry/build/default/intermediates/loader/default cache by regenerate.
[2026-09-18T20:02:42.861] [DEBUG] debug-file - Update task entry:default@BuildJS input file:/Users/abhi/Desktop/HarmonyOS Ports/OpenTwit-Web/entry/build/default/intermediates/res/default/ResourceTable.txt cache by regenerate.
[2026-09-18T20:02:42.861] [DEBUG] debug-file - Update task entry:default@BuildJS input file:/Users/abhi/Desktop/HarmonyOS Ports/OpenTwit-Web/entry/build/default/intermediates/res/default/ark_module.json cache by regenerate.
[2026-09-18T20:02:42.861] [DEBUG] debug-file - Update task entry:default@BuildJS input file:/Users/abhi/Desktop/HarmonyOS Ports/OpenTwit-Web/entry/build/default/intermediates/res/default/resources/base/profile cache by regenerate.
[2026-09-18T20:02:42.861] [DEBUG] debug-file - Update task entry:default@BuildJS output file:/Users/abhi/Desktop/HarmonyOS Ports/OpenTwit-Web/entry/build/default/intermediates/loader_out/default/js cache.
[2026-09-18T20:02:42.861] [DEBUG] debug-file - Incremental task entry:default@BuildJS post-execution cost:1 ms .
[2026-09-18T20:02:42.861] [DEBUG] debug-file - There is no need to refresh cache, since the incremental task entry:default@CacheNativeLibs is up-to-date.
[2026-09-18T20:02:42.861] [DEBUG] debug-file - There is no need to refresh cache, since the incremental task entry:default@GeneratePkgModuleJson is up-to-date.
[2026-09-18T20:02:42.861] [DEBUG] debug-file - Incremental task entry:default@ProcessCompiledResources post-execution cost:1 ms .
[2026-09-18T20:02:42.861] [DEBUG] debug-file - Update task entry:default@PackageHap input file:/Users/abhi/Desktop/HarmonyOS Ports/OpenTwit-Web/entry/build/default/intermediates/stripped_native_libs/default cache by regenerate.
[2026-09-18T20:02:42.861] [DEBUG] debug-file - Update task entry:default@PackageHap input file:/Users/abhi/Desktop/HarmonyOS Ports/OpenTwit-Web/entry/build/default/intermediates/res/default/module.json cache by regenerate.
[2026-09-18T20:02:42.861] [DEBUG] debug-file - Update task entry:default@PackageHap input file:/Users/abhi/Desktop/HarmonyOS Ports/OpenTwit-Web/entry/build/default/intermediates/res/default/resources cache by regenerate.
[2026-09-18T20:02:42.861] [DEBUG] debug-file - Update task entry:default@PackageHap input file:/Users/abhi/Desktop/HarmonyOS Ports/OpenTwit-Web/entry/build/default/intermediates/res/default/resources.index cache by regenerate.
[2026-09-18T20:02:42.861] [DEBUG] debug-file - Update task entry:default@PackageHap input file:/Users/abhi/Desktop/HarmonyOS Ports/OpenTwit-Web/entry/build/default/outputs/default/pack.info cache by regenerate.
[2026-09-18T20:02:42.861] [DEBUG] debug-file - Update task entry:default@PackageHap input file:/Users/abhi/Desktop/HarmonyOS Ports/OpenTwit-Web/entry/build/default/intermediates/syscap/default/rpcid.sc cache by regenerate.
[2026-09-18T20:02:42.861] [DEBUG] debug-file - Update task entry:default@PackageHap input file:/Users/abhi/Desktop/HarmonyOS Ports/OpenTwit-Web/entry/build/default/intermediates/loader_out/default/ets cache from map.
[2026-09-18T20:02:42.861] [DEBUG] debug-file - Update task entry:default@PackageHap input file:/Users/abhi/Desktop/HarmonyOS Ports/OpenTwit-Web/entry/build/default/intermediates/loader/default/pkgSdkInfo.json cache by regenerate.
[2026-09-18T20:02:42.861] [DEBUG] debug-file - Update task entry:default@PackageHap input file:/Users/abhi/Desktop/HarmonyOS Ports/OpenTwit-Web/entry/build/default/intermediates/loader_out/default/ets/sourceMaps.map cache by regenerate.
[2026-09-18T20:02:42.861] [DEBUG] debug-file - Update task entry:default@PackageHap input file:/Users/abhi/Desktop/HarmonyOS Ports/OpenTwit-Web/entry/build/default/generated/profile/default/BuildProfile.ets cache by regenerate.
[2026-09-18T20:02:42.861] [DEBUG] debug-file - Update task entry:default@PackageHap output file:/Users/abhi/Desktop/HarmonyOS Ports/OpenTwit-Web/entry/build/default/outputs/default/entry-default-unsigned.hap cache.
[2026-09-18T20:02:42.861] [DEBUG] debug-file - Update task entry:default@PackageHap output file:/Users/abhi/Desktop/HarmonyOS Ports/OpenTwit-Web/entry/build/default/intermediates/source_map/default/sourceMaps.map cache.
[2026-09-18T20:02:42.861] [DEBUG] debug-file - Update task entry:default@PackageHap output file:/Users/abhi/Desktop/HarmonyOS Ports/OpenTwit-Web/entry/build/default/outputs/default/mapping/sourceMaps.map cache.
[2026-09-18T20:02:42.861] [DEBUG] debug-file - Incremental task entry:default@PackageHap post-execution cost:1 ms .
[2026-09-18T20:02:42.861] [DEBUG] debug-file - Update task entry:default@SignHap input file:/Users/abhi/.ohos/config/debug.cer cache by regenerate.
[2026-09-18T20:02:42.861] [DEBUG] debug-file - Update task entry:default@SignHap input file:/Users/abhi/.ohos/config/debug.p7b cache by regenerate.
[2026-09-18T20:02:42.861] [DEBUG] debug-file - Update task entry:default@SignHap input file:/Users/abhi/.ohos/config/debug.p12 cache by regenerate.
[2026-09-18T20:02:42.861] [DEBUG] debug-file - Update task entry:default@SignHap input file:/Users/abhi/Desktop/HarmonyOS Ports/OpenTwit-Web/entry/build/default/outputs/default/entry-default-unsigned.hap cache by regenerate.
[2026-09-18T20:02:42.861] [DEBUG] debug-file - Update task entry:default@SignHap output file:/Users/abhi/Desktop/HarmonyOS Ports/OpenTwit-Web/entry/build/default/outputs/default/entry-default-signed.hap cache.
[2026-09-18T20:02:42.861] [DEBUG] debug-file - Incremental task entry:default@SignHap post-execution cost:1 ms .
[2026-09-18T20:02:42.866] [DEBUG] debug-file - Current worker pool is stopped or closed.
[2026-09-18T20:02:42.866] [DEBUG] debug-file - Clear worker 0.
[2026-09-18T20:02:42.866] [DEBUG] debug-file - Worker 0 has been cleared.
[2026-09-18T20:02:42.866] [DEBUG] debug-file - Current idle worker size: 3.
[2026-09-18T20:02:42.866] [DEBUG] debug-file - Current busy worker size: 0.
[2026-09-18T20:02:42.866] [DEBUG] debug-file - Clear worker 1.
[2026-09-18T20:02:42.866] [DEBUG] debug-file - Worker 1 has been cleared.
[2026-09-18T20:02:42.866] [DEBUG] debug-file - Current idle worker size: 2.
[2026-09-18T20:02:42.866] [DEBUG] debug-file - Current busy worker size: 0.
[2026-09-18T20:02:42.866] [DEBUG] debug-file - Clear worker 4.
[2026-09-18T20:02:42.866] [DEBUG] debug-file - Worker 4 has been cleared.
[2026-09-18T20:02:42.866] [DEBUG] debug-file - Current idle worker size: 1.
[2026-09-18T20:02:42.866] [DEBUG] debug-file - Current busy worker size: 0.
[2026-09-18T20:02:42.866] [DEBUG] debug-file - Clear worker 8.
[2026-09-18T20:02:42.866] [DEBUG] debug-file - Worker 8 has been cleared.
[2026-09-18T20:02:42.866] [DEBUG] debug-file - Current idle worker size: 0.
[2026-09-18T20:02:42.866] [DEBUG] debug-file - Current busy worker size: 0.
[2026-09-18T20:02:42.866] [DEBUG] debug-file - hvigor build process will be closed.
[2026-09-18T20:02:42.868] [DEBUG] debug-file - worker[1] exits with exit code 1.
[2026-09-18T20:02:42.868] [DEBUG] debug-file - worker[0] exits with exit code 1.
[2026-09-18T20:02:42.868] [DEBUG] debug-file - Current worker pool is terminated.
[2026-09-18T20:02:42.869] [DEBUG] debug-file - worker[8] exits with exit code 1.
[2026-09-18T20:02:42.873] [DEBUG] debug-file - worker[4] exits with exit code 1.
[2026-09-18T20:21:24.930] [DEBUG] debug-file - env: nodejsVersion=v18.20.1
[2026-09-18T20:21:25.048] [DEBUG] debug-file - Hvigor init with startParameters:{
  hvigorfileTypeCheck: false,
  parallelExecution: true,
  incrementalExecution: true,
  printStackTrace: false,
  daemon: false,
  analyze: 0,
  logLevel: Level { level: 20000, levelStr: 'INFO', colour: 'green' },
  optimizationStrategy: 'memory',
  hotCompile: undefined,
  hotReloadBuild: undefined,
  customizedParam: undefined
}
[2026-09-18T20:21:25.666] [DEBUG] debug-file - hvigorfile, require result:  { default: { system: [Function: appTasks], plugins: [] } }
[2026-09-18T20:21:25.740] [DEBUG] debug-file - App plugin register hook start...
[2026-09-18T20:21:25.741] [DEBUG] debug-file - Start initialize project's product build option map with build mode debug.
[2026-09-18T20:21:25.742] [DEBUG] debug-file - Obtain build option for product 'default'in this build.
[2026-09-18T20:21:25.745] [DEBUG] debug-file - Start recording SDK configuration permission data.
[2026-09-18T20:21:25.764] [DEBUG] debug-file - Project task initialization takes 3 ms 
[2026-09-18T20:21:25.772] [DEBUG] debug-file - Start initialize module-target build option map, moduleName=entry, buildMode=debug
[2026-09-18T20:21:25.768] [DEBUG] debug-file - failed to load cangjie to dynamically generate schemas: Error: Cannot find module '@ohos/cangjie-build-support/index'
Require stack:
- /Users/abhi/.hvigor/project_caches/0947245c615fa1be5fb4a847626f95c7/workspace/node_modules/.pnpm/@ohos+hvigor-ohos-plugin@6.24.2/node_modules/@ohos/hvigor-ohos-plugin/src/plugin/hooks/cangjie-register.js
- /Users/abhi/.hvigor/project_caches/0947245c615fa1be5fb4a847626f95c7/workspace/node_modules/.pnpm/@ohos+hvigor-ohos-plugin@6.24.2/node_modules/@ohos/hvigor-ohos-plugin/src/plugin/strategy/stage-init-strategy.js
- /Users/abhi/.hvigor/project_caches/0947245c615fa1be5fb4a847626f95c7/workspace/node_modules/.pnpm/@ohos+hvigor-ohos-plugin@6.24.2/node_modules/@ohos/hvigor-ohos-plugin/src/plugin/builder/abstract-plugin-builder.js
- /Users/abhi/.hvigor/project_caches/0947245c615fa1be5fb4a847626f95c7/workspace/node_modules/.pnpm/@ohos+hvigor-ohos-plugin@6.24.2/node_modules/@ohos/hvigor-ohos-plugin/src/plugin/builder/app-plugin-builder.js
- /Users/abhi/.hvigor/project_caches/0947245c615fa1be5fb4a847626f95c7/workspace/node_modules/.pnpm/@ohos+hvigor-ohos-plugin@6.24.2/node_modules/@ohos/hvigor-ohos-plugin/src/plugin/factory/plugin-factory.js
- /Users/abhi/.hvigor/project_caches/0947245c615fa1be5fb4a847626f95c7/workspace/node_modules/.pnpm/@ohos+hvigor-ohos-plugin@6.24.2/node_modules/@ohos/hvigor-ohos-plugin/index.js
- /Users/abhi/Desktop/HarmonyOS Ports/OpenTwit-Web/hvigorfile.ts
- /Users/abhi/Developer/command-line-tools/hvigor/hvigor/src/base/internal/lifecycle/configuration.js
- /Users/abhi/Developer/command-line-tools/hvigor/hvigor/src/base/boot/index.js
- /Users/abhi/Developer/command-line-tools/hvigor/hvigor/src/cli/main/cli.js
- /Users/abhi/Developer/command-line-tools/hvigor/hvigor/bin/hvigor.js
[2026-09-18T20:21:25.775] [DEBUG] debug-file - project has submodules:entry
[2026-09-18T20:21:25.777] [DEBUG] debug-file - Start to initialize dependency information.
[2026-09-18T20:21:25.776] [DEBUG] debug-file - start to load updatedOhPackageInfo to the disk
[2026-09-18T20:21:25.780] [DEBUG] debug-file - Since there is no instance or instance is terminated, create a new worker pool.
[2026-09-18T20:21:25.784] [DEBUG] debug-file - Executing task :entry:default@PreBuild
[2026-09-18T20:21:25.790] [DEBUG] debug-file - Executing task :entry:default@GenerateMetadata
[2026-09-18T20:21:25.781] [DEBUG] debug-file - Create  resident worker with id: 0.
[2026-09-18T20:21:25.792] [DEBUG] debug-file - Executing task :entry:default@CreateBuildProfile
[2026-09-18T20:21:25.793] [DEBUG] debug-file - Executing task :entry:default@GeneratePkgContextInfo
[2026-09-18T20:21:25.793] [DEBUG] debug-file - Executing task :entry:default@PreCheckSyscap
[2026-09-18T20:21:25.799] [DEBUG] debug-file - Executing task :entry:default@ProcessIntegratedHsp
[2026-09-18T20:21:25.800] [DEBUG] debug-file - Executing task :entry:default@MakePackInfo
[2026-09-18T20:21:25.801] [DEBUG] debug-file - Executing task :entry:default@SyscapTransform
[2026-09-18T20:21:25.799] [DEBUG] debug-file - Executing task :entry:default@BuildNativeWithCmake
[2026-09-18T20:21:25.812] [DEBUG] debug-file - Executing task :entry:default@ProcessProfile
[2026-09-18T20:21:25.814] [DEBUG] debug-file - Executing task :entry:default@ProcessShareConfig
[2026-09-18T20:21:25.813] [DEBUG] debug-file - Executing task :entry:default@ProcessRouterMap
[2026-09-18T20:21:25.815] [DEBUG] debug-file - Executing task :entry:default@ProcessStartupConfig
[2026-09-18T20:21:25.817] [DEBUG] debug-file - Executing task :entry:default@ProcessResource
[2026-09-18T20:21:25.818] [DEBUG] debug-file - Executing task :entry:default@GenerateLoaderJson
[2026-09-18T20:21:25.815] [DEBUG] debug-file - Executing task :entry:default@BuildNativeWithNinja
[2026-09-18T20:21:25.819] [DEBUG] debug-file - Executing task :entry:default@ProcessLibs
[2026-09-18T20:21:25.822] [DEBUG] debug-file - Executing task :entry:default@DoNativeStrip
[2026-09-18T20:21:25.823] [DEBUG] debug-file - Executing task :entry:default@CompileArkTS
[2026-09-18T20:21:25.820] [DEBUG] debug-file - Executing task :entry:default@CompileResource
[2026-09-18T20:21:25.831] [DEBUG] debug-file - Executing task :entry:default@BuildJS
[2026-09-18T20:21:25.832] [DEBUG] debug-file - Executing task :entry:default@CacheNativeLibs
[2026-09-18T20:21:24.931] [DEBUG] debug-file - env: hvigor-config.json5 content = {
  modelVersion: '5.0.0',
  hvigorVersion: '6.24.2',
  dependencies: { '@ohos/hvigor-ohos-plugin': '6.24.2' }
}
[2026-09-18T20:21:25.667] [DEBUG] debug-file - Starting plugin build process
[2026-09-18T20:21:25.050] [DEBUG] debug-file - Cache service initialization finished in 2 ms 
[2026-09-18T20:21:25.666] [DEBUG] debug-file - hvigorfile, binding system plugins [Function: appTasks]
[2026-09-18T20:21:25.741] [DEBUG] debug-file - App plugin register hook end...
[2026-09-18T20:21:25.741] [DEBUG] debug-file - Picking option from product 'default' with build mode 'debug'.
[2026-09-18T20:21:25.743] [DEBUG] debug-file - /Users/abhi/Desktop/HarmonyOS Ports/OpenTwit-Web/build/cache/default/remote_hsp/remoteHspCache.json not exists.
[2026-09-18T20:21:25.761] [DEBUG] debug-file - Sdk init in 18 ms 
[2026-09-18T20:21:25.764] [DEBUG] debug-file - hvigorfile, begin to bind custom plugins...
[2026-09-18T20:21:25.772] [DEBUG] debug-file - Target 'default' config initialized
[2026-09-18T20:21:25.778] [DEBUG] debug-file - Module entry Collected Dependency: 
[2026-09-18T20:21:25.780] [DEBUG] debug-file - Worker pool is initialized with config:  {
  minPoolNum: 2,
  maxPoolNum: undefined,
  maxCoreSize: undefined,
  cacheCapacity: undefined,
  cacheTtl: undefined
}
[2026-09-18T20:21:25.784] [WARN] debug-file - The project has not explicitly set the 'targetSdkVersion' version at build-profile.json5. It is recommended to configure it. Reference: https://developer.huawei.com/consumer/en/doc/harmonyos-guides/ide-hvigor-build-profile-app#section45865492619
[2026-09-18T20:21:25.790] [DEBUG] debug-file - Task 'entry:default@GenerateMetadata' cost while wrapping incremental declarations: 1 ms 
[2026-09-18T20:21:25.782] [DEBUG] debug-file - Create  resident worker with id: 1.
[2026-09-18T20:21:25.796] [DEBUG] debug-file - Task 'entry:default@GeneratePkgContextInfo' cost while wrapping incremental declarations: 1 ms 
[2026-09-18T20:21:25.793] [DEBUG] debug-file - entry : default@PreCheckSyscap cost memory 0.01552581787109375
[2026-09-18T20:21:25.799] [DEBUG] debug-file - entry:default@ProcessIntegratedHsp is not up-to-date, since the output file '/Users/abhi/Desktop/HarmonyOS Ports/OpenTwit-Web/build/cache/default/integrated_hsp/integratedHspCache.json' does not exist.
[2026-09-18T20:21:25.800] [DEBUG] debug-file - Incremental task entry:default@MakePackInfo pre-execution cost: 1 ms .
[2026-09-18T20:21:25.801] [DEBUG] debug-file - File: '/Users/abhi/Desktop/HarmonyOS Ports/OpenTwit-Web/entry/src/main/syscap.json' from 'sysCapJsonPath' is not exists, just ignore.
[2026-09-18T20:21:25.799] [DEBUG] debug-file - entry : default@BuildNativeWithCmake cost memory 0.013702392578125
[2026-09-18T20:21:25.812] [DEBUG] debug-file - Task 'entry:default@ProcessProfile' cost while wrapping incremental declarations: 1 ms 
[2026-09-18T20:21:25.814] [DEBUG] debug-file - Incremental task entry:default@ProcessShareConfig pre-execution cost: 1 ms .
[2026-09-18T20:21:25.814] [DEBUG] debug-file - Incremental task entry:default@ProcessRouterMap pre-execution cost: 1 ms .
[2026-09-18T20:21:25.815] [DEBUG] debug-file - Task 'entry:default@ProcessStartupConfig' cost while wrapping incremental declarations: 1 ms 
[2026-09-18T20:21:25.817] [DEBUG] debug-file - Task 'entry:default@ProcessResource' cost while wrapping incremental declarations: 1 ms 
[2026-09-18T20:21:25.818] [DEBUG] debug-file - Task 'entry:default@GenerateLoaderJson' cost while wrapping incremental declarations: 1 ms 
[2026-09-18T20:21:25.815] [DEBUG] debug-file - entry : default@BuildNativeWithNinja cost memory 0.018585205078125
[2026-09-18T20:21:25.820] [DEBUG] debug-file - Incremental task entry:default@ProcessLibs pre-execution cost: 1 ms .
[2026-09-18T20:21:25.822] [DEBUG] debug-file - File: '/Users/abhi/Desktop/HarmonyOS Ports/OpenTwit-Web/entry/build/default/intermediates/binxo/default' from 'doBinxoNativeLibs' is not exists, just ignore.
[2026-09-18T20:21:25.823] [DEBUG] debug-file - obfuscationOptions: undefined
[2026-09-18T20:21:25.822] [DEBUG] debug-file - Incremental task entry:default@CompileResource pre-execution cost: 1 ms .
[2026-09-18T20:21:25.831] [DEBUG] debug-file - Task 'entry:default@BuildJS' cost while wrapping incremental declarations: 1 ms 
[2026-09-18T20:21:25.792] [DEBUG] debug-file - Task 'entry:default@CreateBuildProfile' cost while wrapping incremental declarations: 1 ms 
[2026-09-18T20:21:25.776] [DEBUG] debug-file - load to the disk finished
[2026-09-18T20:21:25.832] [DEBUG] debug-file - File: '/Users/abhi/Desktop/HarmonyOS Ports/OpenTwit-Web/entry/build/default/intermediates/binxo/default' from 'cacheBinxoNativeLibs' is not exists, just ignore.
[2026-09-18T20:21:24.932] [DEBUG] debug-file - env: daemon=false
[2026-09-18T20:21:25.667] [DEBUG] debug-file - App plugin prepare start...
[2026-09-18T20:21:25.050] [DEBUG] debug-file - hvigorfile, resolving /Users/abhi/Desktop/HarmonyOS Ports/OpenTwit-Web/hvigorfile.ts
[2026-09-18T20:21:25.741] [DEBUG] debug-file - Plugin build process completed
[2026-09-18T20:21:25.741] [DEBUG] debug-file - Product 'default' build option initialized
[2026-09-18T20:21:25.764] [DEBUG] debug-file - hvigorfile, no custom plugins were found in /Users/abhi/Desktop/HarmonyOS Ports/OpenTwit-Web/hvigorfile.ts
[2026-09-18T20:21:25.772] [DEBUG] debug-file - Module 'entry' target 'default' build option initialized
[2026-09-18T20:21:25.778] [DEBUG] debug-file - Module entry's total dependency: 0
[2026-09-18T20:21:25.786] [DEBUG] debug-file - Task 'entry:default@PreBuild' cost while wrapping incremental declarations: 1 ms 
[2026-09-18T20:21:25.790] [DEBUG] debug-file - Incremental task entry:default@GenerateMetadata pre-execution cost: 1 ms .
[2026-09-18T20:21:25.797] [DEBUG] debug-file - entry : default@GeneratePkgContextInfo cost memory 0.46315765380859375
[2026-09-18T20:21:25.793] [DEBUG] debug-file - runTaskFromQueue task cost before running: 747 ms 
[2026-09-18T20:21:25.799] [DEBUG] debug-file - Incremental task entry:default@ProcessIntegratedHsp pre-execution cost: 1 ms .
[2026-09-18T20:21:25.800] [DEBUG] debug-file - entry : default@MakePackInfo cost memory 0.09139251708984375
[2026-09-18T20:21:25.801] [DEBUG] debug-file - Task 'entry:default@SyscapTransform' cost while wrapping incremental declarations: 1 ms 
[2026-09-18T20:21:25.799] [DEBUG] debug-file - runTaskFromQueue task cost before running: 754 ms 
[2026-09-18T20:21:25.813] [DEBUG] debug-file - Incremental task entry:default@ProcessProfile pre-execution cost: 1 ms .
[2026-09-18T20:21:25.814] [DEBUG] debug-file - entry : default@ProcessShareConfig cost memory 0.08885955810546875
[2026-09-18T20:21:25.814] [DEBUG] debug-file - entry : default@ProcessRouterMap cost memory 0.10744476318359375
[2026-09-18T20:21:25.815] [DEBUG] debug-file - entry:default@ProcessStartupConfig is not up-to-date, since the output file '/Users/abhi/Desktop/HarmonyOS Ports/OpenTwit-Web/entry/build/default/intermediates/startup/default/startup_config.json' does not exist.
[2026-09-18T20:21:25.817] [DEBUG] debug-file - Incremental task entry:default@ProcessResource pre-execution cost: 1 ms .
[2026-09-18T20:21:25.819] [DEBUG] debug-file - Incremental task entry:default@GenerateLoaderJson pre-execution cost: 1 ms .
[2026-09-18T20:21:25.815] [DEBUG] debug-file - runTaskFromQueue task cost before running: 770 ms 
[2026-09-18T20:21:25.820] [DEBUG] debug-file - entry : default@ProcessLibs cost memory 0.08001708984375
[2026-09-18T20:21:25.822] [DEBUG] debug-file - Task 'entry:default@DoNativeStrip' cost while wrapping incremental declarations: 1 ms 
[2026-09-18T20:21:25.823] [DEBUG] debug-file - Task 'entry:default@CompileArkTS' cost while wrapping incremental declarations: 1 ms 
[2026-09-18T20:21:25.822] [DEBUG] debug-file - entry : default@CompileResource cost memory 0.3327178955078125
[2026-09-18T20:21:25.831] [DEBUG] debug-file - entry : default@BuildJS cost memory 0.11222076416015625
[2026-09-18T20:21:25.793] [DEBUG] debug-file - Incremental task entry:default@CreateBuildProfile pre-execution cost: 1 ms .
[2026-09-18T20:21:25.776] [DEBUG] debug-file - Start to initialize dependency information.
[2026-09-18T20:21:25.832] [DEBUG] debug-file - Task 'entry:default@CacheNativeLibs' cost while wrapping incremental declarations: 1 ms 
[2026-09-18T20:21:24.932] [DEBUG] debug-file - no-daemon, use the parent process.execArgv --max-old-space-size=8192,--max-semi-space-size=16,--expose-gc
[2026-09-18T20:21:25.667] [DEBUG] debug-file - App plugin prepare end...
[2026-09-18T20:21:25.742] [DEBUG] debug-file - End initialize project's product build option map with build mode 'debug'.
[2026-09-18T20:21:25.764] [DEBUG] debug-file - hvigorfile, resolve finished /Users/abhi/Desktop/HarmonyOS Ports/OpenTwit-Web/hvigorfile.ts
[2026-09-18T20:21:25.772] [DEBUG] debug-file - End initialize module-target build option map, moduleName=entry
[2026-09-18T20:21:25.779] [DEBUG] debug-file - Configuration phase cost:729 ms 
[2026-09-18T20:21:25.788] [DEBUG] debug-file - Incremental task entry:default@PreBuild pre-execution cost: 2 ms .
[2026-09-18T20:21:25.790] [DEBUG] debug-file - entry : default@GenerateMetadata cost memory 0.27783966064453125
[2026-09-18T20:21:25.797] [DEBUG] debug-file - runTaskFromQueue task cost before running: 751 ms 
[2026-09-18T20:21:25.793] [INFO] debug-file - Finished :entry:default@PreCheckSyscap... after 1 ms 
[2026-09-18T20:21:25.799] [DEBUG] debug-file - entry : default@ProcessIntegratedHsp cost memory 0.04698944091796875
[2026-09-18T20:21:25.800] [INFO] debug-file - UP-TO-DATE :entry:default@MakePackInfo...  
[2026-09-18T20:21:25.811] [DEBUG] debug-file - Incremental task entry:default@SyscapTransform pre-execution cost: 11 ms .
[2026-09-18T20:21:25.799] [INFO] debug-file - Finished :entry:default@BuildNativeWithCmake... after 1 ms 
[2026-09-18T20:21:25.813] [DEBUG] debug-file - entry : default@ProcessProfile cost memory 0.11006927490234375
[2026-09-18T20:21:25.814] [INFO] debug-file - UP-TO-DATE :entry:default@ProcessShareConfig...  
[2026-09-18T20:21:25.814] [INFO] debug-file - UP-TO-DATE :entry:default@ProcessRouterMap...  
[2026-09-18T20:21:25.815] [DEBUG] debug-file - Incremental task entry:default@ProcessStartupConfig pre-execution cost: 1 ms .
[2026-09-18T20:21:25.817] [DEBUG] debug-file - entry : default@ProcessResource cost memory 0.11932373046875
[2026-09-18T20:21:25.819] [DEBUG] debug-file - entry : default@GenerateLoaderJson cost memory 0.26891326904296875
[2026-09-18T20:21:25.816] [INFO] debug-file - Finished :entry:default@BuildNativeWithNinja... after 1 ms 
[2026-09-18T20:21:25.820] [INFO] debug-file - UP-TO-DATE :entry:default@ProcessLibs...  
[2026-09-18T20:21:25.822] [DEBUG] debug-file - Incremental task entry:default@DoNativeStrip pre-execution cost: 1 ms .
[2026-09-18T20:21:25.824] [DEBUG] debug-file - entry:default@CompileArkTS is not up-to-date, since the input file '/Users/abhi/Desktop/HarmonyOS Ports/OpenTwit-Web/entry/src/main/ets' has been changed.
[2026-09-18T20:21:25.822] [INFO] debug-file - UP-TO-DATE :entry:default@CompileResource...  
[2026-09-18T20:21:25.831] [DEBUG] debug-file - runTaskFromQueue task cost before running: 786 ms 
[2026-09-18T20:21:25.793] [DEBUG] debug-file - entry : default@CreateBuildProfile cost memory 0.088592529296875
[2026-09-18T20:21:25.777] [DEBUG] debug-file - Module OpenTwit-Web Collected Dependency: 
[2026-09-18T20:21:25.832] [DEBUG] debug-file - Incremental task entry:default@CacheNativeLibs pre-execution cost: 1 ms .
[2026-09-18T20:21:25.667] [DEBUG] debug-file - App plugin creating...
[2026-09-18T20:21:25.765] [DEBUG] debug-file - hvigorfile, resolving /Users/abhi/Desktop/HarmonyOS Ports/OpenTwit-Web/entry/hvigorfile.ts
[2026-09-18T20:21:25.772] [DEBUG] debug-file - Start initialize module-target build option map, moduleName=entry, buildMode=release
[2026-09-18T20:21:25.780] [DEBUG] debug-file - Configuration task cost before running: 734 ms 
[2026-09-18T20:21:25.788] [DEBUG] debug-file - entry : default@PreBuild cost memory 0.6075820922851562
[2026-09-18T20:21:25.791] [INFO] debug-file - UP-TO-DATE :entry:default@GenerateMetadata...  
[2026-09-18T20:21:25.797] [INFO] debug-file - Finished :entry:default@GeneratePkgContextInfo... after 4 ms 
[2026-09-18T20:21:25.799] [DEBUG] debug-file - runTaskFromQueue task cost before running: 753 ms 
[2026-09-18T20:21:25.811] [DEBUG] debug-file - entry : default@SyscapTransform cost memory 0.32192230224609375
[2026-09-18T20:21:25.813] [INFO] debug-file - UP-TO-DATE :entry:default@ProcessProfile...  
[2026-09-18T20:21:25.815] [DEBUG] debug-file - entry : default@ProcessStartupConfig cost memory 0.0741729736328125
[2026-09-18T20:21:25.817] [INFO] debug-file - UP-TO-DATE :entry:default@ProcessResource...  
[2026-09-18T20:21:25.819] [INFO] debug-file - UP-TO-DATE :entry:default@GenerateLoaderJson...  
[2026-09-18T20:21:25.816] [DEBUG] debug-file - restool module names: entry; moduleName=entry, taskName=default@ProcessResource
[2026-09-18T20:21:25.820] [DEBUG] debug-file - restool module names: entry; moduleName=entry, taskName=default@CompileResource
[2026-09-18T20:21:25.822] [DEBUG] debug-file - entry : default@DoNativeStrip cost memory 0.0677947998046875
[2026-09-18T20:21:25.824] [DEBUG] debug-file - Incremental task entry:default@CompileArkTS pre-execution cost: 1 ms .
[2026-09-18T20:21:25.831] [INFO] debug-file - Finished :entry:default@BuildJS... after 1 ms 
[2026-09-18T20:21:25.793] [INFO] debug-file - UP-TO-DATE :entry:default@CreateBuildProfile...  
[2026-09-18T20:21:25.777] [DEBUG] debug-file - Module OpenTwit-Web's total dependency: 0
[2026-09-18T20:21:25.832] [DEBUG] debug-file - entry : default@CacheNativeLibs cost memory 0.08350372314453125
[2026-09-18T20:21:25.767] [DEBUG] debug-file - hvigorfile, require result:  { default: { system: [Function: hapTasks], plugins: [] } }
[2026-09-18T20:21:25.773] [DEBUG] debug-file - Target 'default' config initialized
[2026-09-18T20:21:25.788] [INFO] debug-file - UP-TO-DATE :entry:default@PreBuild...  
[2026-09-18T20:21:25.791] [DEBUG] debug-file - Executing task :entry:default@ConfigureCmake
[2026-09-18T20:21:25.797] [DEBUG] debug-file - Executing task :entry:default@GeneratePkgSdkInfo
[2026-09-18T20:21:25.799] [INFO] debug-file - Finished :entry:default@ProcessIntegratedHsp... after 1 ms 
[2026-09-18T20:21:25.811] [INFO] debug-file - UP-TO-DATE :entry:default@SyscapTransform...  
[2026-09-18T20:21:25.815] [DEBUG] debug-file - runTaskFromQueue task cost before running: 769 ms 
[2026-09-18T20:21:25.822] [INFO] debug-file - UP-TO-DATE :entry:default@DoNativeStrip...  
[2026-09-18T20:21:25.827] [DEBUG] debug-file - build config:
[2026-09-18T20:21:25.832] [INFO] debug-file - UP-TO-DATE :entry:default@CacheNativeLibs...  
[2026-09-18T20:21:25.767] [DEBUG] debug-file - hvigorfile, binding system plugins [Function: hapTasks]
[2026-09-18T20:21:25.773] [DEBUG] debug-file - Module 'entry' target 'default' build option initialized
[2026-09-18T20:21:25.789] [DEBUG] debug-file - Executing task :entry:default@CreateModuleInfo
[2026-09-18T20:21:25.791] [DEBUG] debug-file - entry : default@ConfigureCmake cost memory 0.01206207275390625
[2026-09-18T20:21:25.798] [DEBUG] debug-file - Task 'entry:default@GeneratePkgSdkInfo' cost while wrapping incremental declarations: 1 ms 
[2026-09-18T20:21:25.815] [INFO] debug-file - Finished :entry:default@ProcessStartupConfig... after 1 ms 
[2026-09-18T20:21:25.828] [DEBUG] debug-file - {
  moduleType: 'entry',
  perf: 0,
  targetName: '.default',
  packageManagerType: 'ohpm',
  localPropertiesPath: '/Users/abhi/Desktop/HarmonyOS Ports/OpenTwit-Web/local.properties',
  isPreview: false,
  isOhosTest: false,
  isLocalTest: false,
  buildMode: 'Debug',
  hotReloadBuild: undefined,
  watchMode: 'false',
  aceProfilePath: '/Users/abhi/Desktop/HarmonyOS Ports/OpenTwit-Web/entry/build/default/intermediates/res/default/resources/base/profile',
  etsLoaderPath: '/Users/abhi/Developer/command-line-tools/sdk/default/openharmony/ets/build-tools/ets-loader',
  modulePath: '/Users/abhi/Desktop/HarmonyOS Ports/OpenTwit-Web/entry',
  testFrameworkPar: {
    testMode: undefined,
    coveragePathFilter: undefined,
    coverageMode: undefined
  },
  needCoverageInsert: false,
  debugLine: false,
  projectTopDir: '/Users/abhi/Desktop/HarmonyOS Ports/OpenTwit-Web',
  compileSdkVersion: 24,
  compatibleSdkVersion: 24,
  originCompatibleSdkVersion: 24,
  compatibleSdkVersionStage: undefined,
  bundleName: 'c***t',
  etsLoaderVersion: '6.1.1.125',
  etsLoaderReleaseType: 'Release',
  aotCompileMode: 'type',
  apPath: '/Users/abhi/Desktop/HarmonyOS Ports/OpenTwit-Web/entry/modules.ap',
  entryModuleName: 'entry',
  entryModuleVersion: '1.0.0',
  entryPackageName: 'entry',
  allModuleNameHash: 'a660c64699cc15ae89ec0a8db121631e43f9cac40a33c65ab3bb5b24a32a70f0',
  externalApiPaths: [],
  compilerTypes: [],
  isCrossplatform: false,
  hvigorPluginFile: undefined,
  compilePluginPath: undefined,
  buildGeneratedProfilePath: '/Users/abhi/Desktop/HarmonyOS Ports/OpenTwit-Web/entry/build/default/generated/profile/default',
  bundleType: 'app',
  arkTSVersion: undefined,
  apiVersion: 24,
  needCompleteSourcesMap: false,
  isFaMode: false,
  buildDir: '/Users/abhi/Desktop/HarmonyOS Ports/OpenTwit-Web/entry/build',
  deviceTypes: [ 'default', 'tablet' ],
  pkgContextInfo: undefined,
  ohPackagePathMap: {},
  dependencyAliasMap: {},
  permission: { requestPermissions: [ [Object] ], definePermissions: undefined },
  useGetCurrentBundleName: false,
  projectArkOption: undefined,
  sourceMapDir: undefined,
  branchElimination: false,
  transformLib: undefined,
  tsImportSendable: false,
  resolveConflictMode: true,
  depName2RootPath: {},
  depName2DepInfo: {},
  depName2OhExports: {},
  rootPathSet: [ '/Users/abhi/Desktop/HarmonyOS Ports/OpenTwit-Web' ],
  useNativeResolver: true,
  shouldEmitJs: true,
  useTscResolve: false,
  singleFileEmit: false,
  userProjectConfig: {
    autoLazyImport: false,
    allowEmptyBundleName: false,
    reExportCheckMode: 'noCheck',
    executionMode: 'memory',
    usePathPlaceholder: false,
    writeRollupCache: true,
    isExpandImportEnabled: false,
    expandImportExclude: '',
    lazyImportExclude: '',
    lazyImportInclude: '',
    ignoreCrossplatformCheck: false,
    isHarDeduplicateEnabled: false,
    skipOhModulesLint: false,
    enableStrictCheckOHModule: false,
    disableSendableCheckRules: [],
    useDeclarationFileSignature: false,
    customizedOptions: undefined,
    integratedHsp: false,
    isPreloadSoEnabled: false
  },
  executionMode: 'memory',
  arkCompileCachePath: '/Users/abhi/Desktop/HarmonyOS Ports/OpenTwit-Web/entry/build/default/cache/default/default@CompileArkTS/esmodule',
  autoLazyFilter: undefined,
  isHarDeduplicateEnabled: false,
  intermediateHarDuplicateDirPath: '/Users/abhi/Desktop/HarmonyOS Ports/OpenTwit-Web/entry/build/default/intermediates/har_duplicate/default',
  autoLazyImport: false,
  allowEmptyBundleName: false,
  reExportCheckMode: 'noCheck',
  usePathPlaceholder: false,
  writeRollupCache: true,
  isExpandImportEnabled: false,
  expandImportExclude: '',
  lazyImportExclude: '',
  lazyImportInclude: '',
  ignoreCrossplatformCheck: false,
  skipOhModulesLint: false,
  enableStrictCheckOHModule: false,
  disableSendableCheckRules: [],
  useDeclarationFileSignature: false,
  customizedOptions: undefined,
  integratedHsp: false,
  isPreloadSoEnabled: false,
  strictMode: undefined,
  useNormalizedOHMUrl: false,
  caseSensitiveCheck: false,
  strictCheckerOnly: false,
  aceModuleJsonPath: '/Users/abhi/Desktop/HarmonyOS Ports/OpenTwit-Web/entry/build/default/intermediates/res/default/ark_module.json',
  appResource: '/Users/abhi/Desktop/HarmonyOS Ports/OpenTwit-Web/entry/build/default/intermediates/res/default/ResourceTable.txt',
  rawFileResource: '/Users/abhi/Desktop/HarmonyOS Ports/OpenTwit-Web/entry/build/default/intermediates/res/default/resources/rawfile',
  resourceTableHash: 'd7a9236f79d294e315bc3d1b504e5b678296b83b90f2a4955d74858ab482ce10',
  runtimeOS: 'OpenHarmony',
  sdkInfo: 'true:24:6.1.1.125:Release',
  aceModuleRoot: '/Users/abhi/Desktop/HarmonyOS Ports/OpenTwit-Web/entry/src/main/ets',
  compileMode: 'esmodule',
  aceSuperVisualPath: '/Users/abhi/Desktop/HarmonyOS Ports/OpenTwit-Web/entry/src/main/supervisual',
  aceBuildJson: '/Users/abhi/Desktop/HarmonyOS Ports/OpenTwit-Web/entry/build/default/intermediates/loader/default/loader.json',
  cachePath: '/Users/abhi/Desktop/HarmonyOS Ports/OpenTwit-Web/entry/build/default/cache/default/default@CompileArkTS/esmodule/debug',
  aceModuleBuild: '/Users/abhi/Desktop/HarmonyOS Ports/OpenTwit-Web/entry/build/default/intermediates/loader_out/default/ets',
  supportChunks: true,
  declaredFilesPath: undefined,
  shouldCollectDirectImportees: false,
  isByteCodeHarOptimize: false,
  expandImportPath: undefined,
  resourceTableTs: '/Users/abhi/Desktop/HarmonyOS Ports/OpenTwit-Web/entry/build/default/generated/r/default/ResourceTable.ts',
  moduleMetaInfoFiles: [
    {
      filePath: '/Users/abhi/Desktop/HarmonyOS Ports/OpenTwit-Web/entry/build/default/generated/r/default/ResourceTable.ts',
      ohmurl: 'com.example.opentwit/entry/build/generated/r/ResourceTable'
    }
  ],
  pkgNameToPkgBriefInfo: {
    entry: {
      pkgRoot: '/Users/abhi/Desktop/HarmonyOS Ports/OpenTwit-Web/entry',
      originalSourceRoots: undefined,
      sourceRoots: [Array],
      pkgName: 'entry'
    }
  },
  projectModel: {
    '/Users/abhi/Desktop/HarmonyOS Ports/OpenTwit-Web/entry/src/main': {
      moduleName: 'entry',
      modulePkgPath: '/Users/abhi/Desktop/HarmonyOS Ports/OpenTwit-Web/entry',
      belongProjectPath: '/Users/abhi/Desktop/HarmonyOS Ports/OpenTwit-Web'
    },
    '/Users/abhi/Desktop/HarmonyOS Ports/OpenTwit-Web/entry': {
      moduleName: 'entry',
      modulePkgPath: '/Users/abhi/Desktop/HarmonyOS Ports/OpenTwit-Web/entry',
      belongProjectPath: '/Users/abhi/Desktop/HarmonyOS Ports/OpenTwit-Web'
    },
    '/Users/abhi/Desktop/HarmonyOS Ports/OpenTwit-Web': {
      moduleName: 'OpenTwit-Web',
      modulePkgPath: '/Users/abhi/Desktop/HarmonyOS Ports/OpenTwit-Web',
      belongProjectPath: '/Users/abhi/Desktop/HarmonyOS Ports/OpenTwit-Web'
    }
  },
  pkgJsonFileHash: '609e42aafe57c1140ce946bba289e7e1f03709e595812d94d07acc55c62a42dd',
  allModulePaths: [ '/Users/abhi/Desktop/HarmonyOS Ports/OpenTwit-Web/entry' ],
  routerMap: {},
  obfuscationOptions: undefined,
  byteCodeHarToDependencyKeys: undefined,
  compileBlockPkg: [],
  mockParams: {
    decorator: '@MockSetup',
    packageName: '@ohos/hamock',
    etsSourceRootPath: 'src/main/ets',
    mockConfigPath: undefined,
    mockConfigKey2ModuleInfo: {},
    source2ModuleIdMap: {}
  },
  copyCodeResourceEnable: true,
  copyCodeResourceExcludes: [],
  copyCodeResourceIncludes: undefined,
  uiTransformOptimization: false,
  sdkPath: '/Users/abhi/.ohos/sdk-remap',
  needPreloadSoFileSet: {},
  preloadSoFilePath: '/Users/abhi/Desktop/HarmonyOS Ports/OpenTwit-Web/entry/build/default/intermediates/preload/default/preload.json',
  useSourceHash: false,
  localModuleParamMap: {},
  otherPaths: {
    'entry/*': [ '../*', '../../../build/default/generated/profile/default/*' ]
  },
  collectImportersConfig: undefined
}
[2026-09-18T20:21:25.767] [DEBUG] debug-file - Starting plugin build process
[2026-09-18T20:21:25.773] [DEBUG] debug-file - End initialize module-target build option map, moduleName=entry
[2026-09-18T20:21:25.789] [DEBUG] debug-file - Task 'entry:default@CreateModuleInfo' cost while wrapping incremental declarations: 1 ms 
[2026-09-18T20:21:25.791] [DEBUG] debug-file - runTaskFromQueue task cost before running: 745 ms 
[2026-09-18T20:21:25.798] [DEBUG] debug-file - Incremental task entry:default@GeneratePkgSdkInfo pre-execution cost: 1 ms .
[2026-09-18T20:21:25.828] [DEBUG] debug-file - default@CompileArkTS work[0] is submitted.
[2026-09-18T20:21:25.767] [DEBUG] debug-file - Hap plugin creating...
[2026-09-18T20:21:25.773] [DEBUG] debug-file - Start initialize module-target build option map, moduleName=entry, buildMode=debug
[2026-09-18T20:21:25.789] [DEBUG] debug-file - entry : default@CreateModuleInfo cost memory 0.0359649658203125
[2026-09-18T20:21:25.791] [INFO] debug-file - Finished :entry:default@ConfigureCmake... after 1 ms 
[2026-09-18T20:21:25.798] [DEBUG] debug-file - entry : default@GeneratePkgSdkInfo cost memory 0.10132598876953125
[2026-09-18T20:21:25.828] [DEBUG] debug-file - default@CompileArkTS work[0] is pushed to ready queue.
[2026-09-18T20:21:25.773] [DEBUG] debug-file - Target 'default' config initialized
[2026-09-18T20:21:25.789] [DEBUG] debug-file - runTaskFromQueue task cost before running: 743 ms 
[2026-09-18T20:21:25.791] [DEBUG] debug-file - Executing task :entry:default@MergeProfile
[2026-09-18T20:21:25.798] [INFO] debug-file - UP-TO-DATE :entry:default@GeneratePkgSdkInfo...  
[2026-09-18T20:21:25.828] [DEBUG] debug-file - A work dispatched to worker[9] failed because unable to get work from ready queue.
[2026-09-18T20:21:25.773] [DEBUG] debug-file - Module 'entry' target 'default' build option initialized
[2026-09-18T20:21:25.789] [INFO] debug-file - Finished :entry:default@CreateModuleInfo... after 1 ms 
[2026-09-18T20:21:25.791] [DEBUG] debug-file - Task 'entry:default@MergeProfile' cost while wrapping incremental declarations: 1 ms 
[2026-09-18T20:21:25.828] [DEBUG] debug-file - A work dispatched to worker[8] failed because unable to get work from ready queue.
[2026-09-18T20:21:25.773] [DEBUG] debug-file - End initialize module-target build option map, moduleName=entry
[2026-09-18T20:21:25.792] [DEBUG] debug-file - Incremental task entry:default@MergeProfile pre-execution cost: 1 ms .
[2026-09-18T20:21:25.828] [DEBUG] debug-file - A work dispatched to worker[7] failed because unable to get work from ready queue.
[2026-09-18T20:21:25.773] [DEBUG] debug-file - Obtain build option for module 'entry' target 'default'in this build.
[2026-09-18T20:21:25.792] [DEBUG] debug-file - entry : default@MergeProfile cost memory 0.10715484619140625
[2026-09-18T20:21:25.828] [DEBUG] debug-file - A work dispatched to worker[6] failed because unable to get work from ready queue.
[2026-09-18T20:21:25.775] [DEBUG] debug-file - Module entry task initialization takes 2 ms 
[2026-09-18T20:21:25.792] [INFO] debug-file - UP-TO-DATE :entry:default@MergeProfile...  
[2026-09-18T20:21:25.828] [DEBUG] debug-file - A work dispatched to worker[5] failed because unable to get work from ready queue.
[2026-09-18T20:21:25.775] [DEBUG] debug-file - Hap plugin register hook start...
[2026-09-18T20:21:25.829] [DEBUG] debug-file - Create  resident worker with id: 4.
[2026-09-18T20:21:25.775] [DEBUG] debug-file - Hap plugin register hook end...
[2026-09-18T20:21:25.829] [DEBUG] debug-file - default@CompileArkTS work[0] has been dispatched to worker[4].
[2026-09-18T20:21:25.775] [DEBUG] debug-file - Plugin build process completed
[2026-09-18T20:21:25.829] [DEBUG] debug-file - default@CompileArkTS work[0] is dispatched.
[2026-09-18T20:21:25.775] [DEBUG] debug-file - hvigorfile, begin to bind custom plugins...
[2026-09-18T20:21:25.829] [DEBUG] debug-file - CopyResources startTime: 2070975929916
[2026-09-18T20:21:25.775] [DEBUG] debug-file - hvigorfile, no custom plugins were found in /Users/abhi/Desktop/HarmonyOS Ports/OpenTwit-Web/entry/hvigorfile.ts
[2026-09-18T20:21:25.829] [DEBUG] debug-file - default@CompileArkTS work[1] is submitted.
[2026-09-18T20:21:25.775] [DEBUG] debug-file - hvigorfile, resolve finished /Users/abhi/Desktop/HarmonyOS Ports/OpenTwit-Web/entry/hvigorfile.ts
[2026-09-18T20:21:25.829] [DEBUG] debug-file - default@CompileArkTS work[1] is pushed to ready queue.
[2026-09-18T20:21:25.829] [DEBUG] debug-file - A work dispatched to worker[9] failed because unable to get work from ready queue.
[2026-09-18T20:21:25.829] [DEBUG] debug-file - Create  resident worker with id: 8.
[2026-09-18T20:21:25.829] [DEBUG] debug-file - default@CompileArkTS work[1] has been dispatched to worker[8].
[2026-09-18T20:21:25.829] [DEBUG] debug-file - default@CompileArkTS work[1] is dispatched.
[2026-09-18T20:21:25.829] [DEBUG] debug-file - entry : default@CompileArkTS cost memory 1.668426513671875
[2026-09-18T20:21:26.043] [DEBUG] debug-file - worker[8] has one work done.
[2026-09-18T20:21:26.043] [DEBUG] debug-file - CopyResources is end, endTime: 2071189740958
[2026-09-18T20:21:26.043] [DEBUG] debug-file - default@CompileArkTS work[1] done.
[2026-09-18T20:21:26.043] [DEBUG] debug-file - A work dispatched to worker[8] failed because unable to get work from ready queue.
[2026-09-18T20:21:28.295] [WARN] debug-file - [33mWARN: [33m[33mArkTS:WARN File: /Users/abhi/Desktop/HarmonyOS Ports/OpenTwit-Web/entry/src/main/ets/services/WebTimeline.ets:44:54
 Usage of 'ESObject' type is restricted (arkts-limited-esobj)
[39m[39m
[33mWARN: [33m[33mArkTS:WARN File: /Users/abhi/Desktop/HarmonyOS Ports/OpenTwit-Web/entry/src/main/ets/services/WebTimeline.ets:76:19
 Usage of 'ESObject' type is restricted (arkts-limited-esobj)
[39m[39m
[33mWARN: [33m[33mArkTS:WARN File: /Users/abhi/Desktop/HarmonyOS Ports/OpenTwit-Web/entry/src/main/ets/services/WebTimeline.ets:83:17
 Usage of 'ESObject' type is restricted (arkts-limited-esobj)
[39m[39m
[33mWARN: [33m[33mArkTS:WARN File: /Users/abhi/Desktop/HarmonyOS Ports/OpenTwit-Web/entry/src/main/ets/services/WebTimeline.ets:91:17
 Usage of 'ESObject' type is restricted (arkts-limited-esobj)
[39m[39m
[33mWARN: [33m[33mArkTS:WARN File: /Users/abhi/Desktop/HarmonyOS Ports/OpenTwit-Web/entry/src/main/ets/services/WebTimeline.ets:96:19
 Usage of 'ESObject' type is restricted (arkts-limited-esobj)
[39m[39m
[33mWARN: [33m[33mArkTS:WARN File: /Users/abhi/Desktop/HarmonyOS Ports/OpenTwit-Web/entry/src/main/ets/services/WebTimeline.ets:102:17
 Usage of 'ESObject' type is restricted (arkts-limited-esobj)
[39m[39m
[33mWARN: [33m[33mArkTS:WARN File: /Users/abhi/Desktop/HarmonyOS Ports/OpenTwit-Web/entry/src/main/ets/services/WebTimeline.ets:109:19
 Usage of 'ESObject' type is restricted (arkts-limited-esobj)
[39m[39m
[33mWARN: [33m[33mArkTS:WARN File: /Users/abhi/Desktop/HarmonyOS Ports/OpenTwit-Web/entry/src/main/ets/services/WebTimeline.ets:118:17
 Usage of 'ESObject' type is restricted (arkts-limited-esobj)
[39m[39m
[33mWARN: [33m[33mArkTS:WARN File: /Users/abhi/Desktop/HarmonyOS Ports/OpenTwit-Web/entry/src/main/ets/services/WebTimeline.ets:125:19
 Usage of 'ESObject' type is restricted (arkts-limited-esobj)
[39m[39m
[33mWARN: [33m[33mArkTS:WARN File: /Users/abhi/Desktop/HarmonyOS Ports/OpenTwit-Web/entry/src/main/ets/services/WebTimeline.ets:132:36
 Usage of 'ESObject' type is restricted (arkts-limited-esobj)
[39m[39m
[33mWARN: [33m[33mArkTS:WARN: For details about ArkTS syntax errors, see FAQs[39m[39m
[33mWARN: [33m[33mArkTS:WARN File: /Users/abhi/Desktop/HarmonyOS Ports/OpenTwit-Web/entry/src/main/ets/common/TokenStore.ets:9:18
 Function may throw exceptions. Special handling is required.
[39m[39m
[33mWARN: [33m[33mArkTS:WARN File: /Users/abhi/Desktop/HarmonyOS Ports/OpenTwit-Web/entry/src/main/ets/common/TokenStore.ets:14:11
 Function may throw exceptions. Special handling is required.
[39m[39m
[33mWARN: [33m[33mArkTS:WARN File: /Users/abhi/Desktop/HarmonyOS Ports/OpenTwit-Web/entry/src/main/ets/common/TokenStore.ets:15:11
 Function may throw exceptions. Special handling is required.
[39m[39m
[33mWARN: [33m[33mArkTS:WARN File: /Users/abhi/Desktop/HarmonyOS Ports/OpenTwit-Web/entry/src/main/ets/common/TokenStore.ets:20:18
 Function may throw exceptions. Special handling is required.
[39m[39m
[33mWARN: [33m[33mArkTS:WARN File: /Users/abhi/Desktop/HarmonyOS Ports/OpenTwit-Web/entry/src/main/ets/common/TokenStore.ets:25:11
 Function may throw exceptions. Special handling is required.
[39m[39m
[33mWARN: [33m[33mArkTS:WARN File: /Users/abhi/Desktop/HarmonyOS Ports/OpenTwit-Web/entry/src/main/ets/common/TokenStore.ets:26:11
 Function may throw exceptions. Special handling is required.
[39m[39m
[33mWARN: [33m[33mArkTS:WARN File: /Users/abhi/Desktop/HarmonyOS Ports/OpenTwit-Web/entry/src/main/ets/common/TokenStore.ets:31:18
 Function may throw exceptions. Special handling is required.
[39m[39m
[33mWARN: [33m[33mArkTS:WARN File: /Users/abhi/Desktop/HarmonyOS Ports/OpenTwit-Web/entry/src/main/ets/pages/Home.ets:19:58
 'getContext' has been deprecated.
[39m[39m
[33mWARN: [33m[33mArkTS:WARN File: /Users/abhi/Desktop/HarmonyOS Ports/OpenTwit-Web/entry/src/main/ets/pages/Explore.ets:16:57
 'getContext' has been deprecated.
[39m[39m
[33mWARN: [33m[33mArkTS:WARN File: /Users/abhi/Desktop/HarmonyOS Ports/OpenTwit-Web/entry/src/main/ets/pages/Notify.ets:14:57
 'getContext' has been deprecated.
[39m[39m
[33mWARN: [33m[33mArkTS:WARN File: /Users/abhi/Desktop/HarmonyOS Ports/OpenTwit-Web/entry/src/main/ets/pages/Messages.ets:13:57
 'getContext' has been deprecated.
[39m[39m
[33mWARN: [33m[33mArkTS:WARN File: /Users/abhi/Desktop/HarmonyOS Ports/OpenTwit-Web/entry/src/main/ets/pages/Profile.ets:11:49
 'getContext' has been deprecated.
[39m[39m
[33mWARN: [33m[33mArkTS:WARN File: /Users/abhi/Desktop/HarmonyOS Ports/OpenTwit-Web/entry/src/main/ets/pages/Profile.ets:67:22
 'pushUrl' has been deprecated.
[39m[39m
[33mWARN: [33m[33mArkTS:WARN File: /Users/abhi/Desktop/HarmonyOS Ports/OpenTwit-Web/entry/src/main/ets/pages/Login.ets:19:46
 'getContext' has been deprecated.
[39m[39m
[33mWARN: [33m[33mArkTS:WARN File: /Users/abhi/Desktop/HarmonyOS Ports/OpenTwit-Web/entry/src/main/ets/pages/Login.ets:23:18
 'pushUrl' has been deprecated.
[39m[39m

[2026-09-18T20:21:28.295] [DEBUG] debug-file - Ark compile task finished.finished time is 2073442411625
[2026-09-18T20:21:28.296] [DEBUG] debug-file - worker[4] has one work done.
[2026-09-18T20:21:28.296] [DEBUG] debug-file - default@CompileArkTS work[0] done.
[2026-09-18T20:21:28.298] [DEBUG] debug-file - Executing task :entry:default@PackageHap
[2026-09-18T20:21:28.296] [DEBUG] debug-file - A work dispatched to worker[4] failed because unable to get work from ready queue.
[2026-09-18T20:21:28.299] [DEBUG] debug-file - entry:default@PackageHap is not up-to-date, since the input file '/Users/abhi/Desktop/HarmonyOS Ports/OpenTwit-Web/entry/build/default/intermediates/loader_out/default/ets' has been changed.
[2026-09-18T20:21:28.297] [INFO] debug-file - Finished :entry:default@CompileArkTS... after 1 s 955 ms 
[2026-09-18T20:21:28.299] [DEBUG] debug-file - Incremental task entry:default@PackageHap pre-execution cost: 1 ms .
[2026-09-18T20:21:28.297] [DEBUG] debug-file - Executing task :entry:default@GeneratePkgModuleJson
[2026-09-18T20:21:28.300] [DEBUG] debug-file - default@PackageHap work[2] is submitted.
[2026-09-18T20:21:28.299] [DEBUG] debug-file - Use tool [/Users/abhi/.ohos/sdk-remap/24/toolchains/lib/app_packing_tool.jar]
 [
  'java',
  '-Dfile.encoding=utf-8',
  '-jar',
  '/Users/abhi/.ohos/sdk-remap/24/toolchains/lib/app_packing_tool.jar',
  '--mode',
  'hap',
  '--force',
  'true',
  '--lib-path',
  '/Users/abhi/Desktop/HarmonyOS Ports/OpenTwit-Web/entry/build/default/intermediates/stripped_native_libs/default',
  '--json-path',
  '/Users/abhi/Desktop/HarmonyOS Ports/OpenTwit-Web/entry/build/default/intermediates/package/default/module.json',
  '--resources-path',
  '/Users/abhi/Desktop/HarmonyOS Ports/OpenTwit-Web/entry/build/default/intermediates/res/default/resources',
  '--index-path',
  '/Users/abhi/Desktop/HarmonyOS Ports/OpenTwit-Web/entry/build/default/intermediates/res/default/resources.index',
  '--pack-info-path',
  '/Users/abhi/Desktop/HarmonyOS Ports/OpenTwit-Web/entry/build/default/outputs/default/pack.info',
  '--out-path',
  '/Users/abhi/Desktop/HarmonyOS Ports/OpenTwit-Web/entry/build/default/outputs/default/entry-default-unsigned.hap',
  '--rpcid-path',
  '/Users/abhi/Desktop/HarmonyOS Ports/OpenTwit-Web/entry/build/default/intermediates/syscap/default/rpcid.sc',
  '--ets-path',
  '/Users/abhi/Desktop/HarmonyOS Ports/OpenTwit-Web/entry/build/default/intermediates/loader_out/default/ets',
  '--pkg-sdk-info-path',
  '/Users/abhi/Desktop/HarmonyOS Ports/OpenTwit-Web/entry/build/default/intermediates/loader/default/pkgSdkInfo.json'
]
[2026-09-18T20:21:28.297] [DEBUG] debug-file - File: '/Users/abhi/Desktop/HarmonyOS Ports/OpenTwit-Web/entry/build/default/intermediates/preload/default/preload.json' from 'preloadSoJsonPath' is not exists, just ignore.
[2026-09-18T20:21:28.300] [DEBUG] debug-file - default@PackageHap work[2] is pushed to ready queue.
[2026-09-18T20:21:28.297] [DEBUG] debug-file - Error occurs while handling @Input 'shouldDeduplicateHar': The "data" argument must be of type string or an instance of Buffer, TypedArray, or DataView. Received undefined
[2026-09-18T20:21:28.300] [DEBUG] debug-file - A work dispatched to worker[9] failed because unable to get work from ready queue.
[2026-09-18T20:21:28.297] [DEBUG] debug-file - Task 'entry:default@GeneratePkgModuleJson' cost while wrapping incremental declarations: 1 ms 
[2026-09-18T20:21:28.300] [DEBUG] debug-file - default@PackageHap work[2] has been dispatched to worker[8].
[2026-09-18T20:21:28.297] [DEBUG] debug-file - Incremental task entry:default@GeneratePkgModuleJson pre-execution cost: 1 ms .
[2026-09-18T20:21:28.300] [DEBUG] debug-file - default@PackageHap work[2] is dispatched.
[2026-09-18T20:21:28.297] [DEBUG] debug-file - entry : default@GeneratePkgModuleJson cost memory 0.07323455810546875
[2026-09-18T20:21:28.300] [DEBUG] debug-file - entry : default@PackageHap cost memory 0.6340866088867188
[2026-09-18T20:21:28.297] [INFO] debug-file - UP-TO-DATE :entry:default@GeneratePkgModuleJson...  
[2026-09-18T20:21:28.297] [DEBUG] debug-file - Executing task :entry:default@ProcessCompiledResources
[2026-09-18T20:21:28.297] [DEBUG] debug-file - File: '/Users/abhi/Desktop/HarmonyOS Ports/OpenTwit-Web/entry/build/default/intermediates/preload/default/preload.json' from 'preloadSoJsonPath' is not exists, just ignore.
[2026-09-18T20:21:28.297] [DEBUG] debug-file - Task 'entry:default@ProcessCompiledResources' cost while wrapping incremental declarations: 1 ms 
[2026-09-18T20:21:28.298] [DEBUG] debug-file - entry : default@ProcessCompiledResources cost memory 0.0454559326171875
[2026-09-18T20:21:28.298] [DEBUG] debug-file - runTaskFromQueue task cost before running: 3 s 252 ms 
[2026-09-18T20:21:28.298] [INFO] debug-file - Finished :entry:default@ProcessCompiledResources... after 1 ms 
[2026-09-18T20:21:28.339] [DEBUG] debug-file - current process  memoryUsage: {
  rss: 804503552,
  heapTotal: 81559552,
  heapUsed: 55813136,
  external: 2409006,
  arrayBuffers: 255552
} os memoryUsage :15.276824951171875
[2026-09-18T20:21:28.554] [DEBUG] debug-file - worker[8] has one work done.
[2026-09-18T20:21:28.554] [DEBUG] debug-file - default@PackageHap work[2] done.
[2026-09-18T20:21:28.555] [DEBUG] debug-file - Executing task :entry:default@PackingCheck
[2026-09-18T20:21:28.558] [DEBUG] debug-file - Executing task :entry:default@SignHap
[2026-09-18T20:21:28.560] [ERROR] debug-file - Failed :entry:default@SignHap... 
[2026-09-18T20:21:28.554] [DEBUG] debug-file - A work dispatched to worker[8] failed because unable to get work from ready queue.
[2026-09-18T20:21:28.557] [DEBUG] debug-file - entry : default@PackingCheck cost memory 0.47501373291015625
[2026-09-18T20:21:28.554] [INFO] debug-file - Finished :entry:default@PackageHap... after 218 ms 
[2026-09-18T20:21:28.560] [DEBUG] debug-file - hvigor build process will be closed with an error.
[2026-09-18T20:21:28.557] [DEBUG] debug-file - runTaskFromQueue task cost before running: 3 s 511 ms 
[2026-09-18T20:21:28.567] [ERROR] debug-file - [31m00303116 Configuration Error
Error Message: The length of the storePassword or keyPassword field in the signature configuration is less than 32. At file: /Users/abhi/Desktop/HarmonyOS Ports/OpenTwit-Web/build-profile.json5

* Try the following:
  > Re-execute sign your app/atomic service automatically：clear the signingConfigs field in the /Users/abhi/Desktop/HarmonyOS Ports/OpenTwit-Web/build-profile.json5 file and go to Project Structure > Project > Signing Configs and apply the signature material
  > Verify if signingConfigs is overridden in the project-level and module-level hvigorfile.ts. If so, use the error message to ensure the configuration is correct.
[39m

[31m* Try:
> Run with --stacktrace option to get the stack trace.
> Run with --debug option to get more log output.

[2026-09-18T20:21:28.557] [INFO] debug-file - Finished :entry:default@PackingCheck... after 3 ms 
[2026-09-18T20:21:28.567] [DEBUG] debug-file - ERROR: stacktrace = AdaptorError: [31m00303116 Configuration Error
Error Message: The length of the storePassword or keyPassword field in the signature configuration is less than 32. At file: /Users/abhi/Desktop/HarmonyOS Ports/OpenTwit-Web/build-profile.json5

* Try the following:
  > Re-execute sign your app/atomic service automatically：clear the signingConfigs field in the /Users/abhi/Desktop/HarmonyOS Ports/OpenTwit-Web/build-profile.json5 file and go to Project Structure > Project > Signing Configs and apply the signature material
  > Verify if signingConfigs is overridden in the project-level and module-level hvigorfile.ts. If so, use the error message to ensure the configuration is correct.
[39m
    at OhosLogger.printErrorExit (/Users/abhi/Developer/command-line-tools/hvigor/hvigor/src/base/log/hvigor-log.js:1:5087)
    at DecipherUtil.decryptPwd (/Users/abhi/.hvigor/project_caches/0947245c615fa1be5fb4a847626f95c7/workspace/node_modules/.pnpm/@ohos+hvigor-ohos-plugin@6.24.2/node_modules/@ohos/hvigor-ohos-plugin/src/utils/decipher-util.js:1:506)
    at HapSignCommandBuilder.getKeyStorePwd (/Users/abhi/.hvigor/project_caches/0947245c615fa1be5fb4a847626f95c7/workspace/node_modules/.pnpm/@ohos+hvigor-ohos-plugin@6.24.2/node_modules/@ohos/hvigor-ohos-plugin/src/tasks/sign/command-builder-impl/common-sign-command-builder.js:1:1341)
    at HapSignCommandBuilder.initCommandParams (/Users/abhi/.hvigor/project_caches/0947245c615fa1be5fb4a847626f95c7/workspace/node_modules/.pnpm/@ohos+hvigor-ohos-plugin@6.24.2/node_modules/@ohos/hvigor-ohos-plugin/src/tasks/sign/command-builder-impl/hap-sign-command-builder.js:1:771)
    at HapSignCommandBuilder.getSignCommand (/Users/abhi/.hvigor/project_caches/0947245c615fa1be5fb4a847626f95c7/workspace/node_modules/.pnpm/@ohos+hvigor-ohos-plugin@6.24.2/node_modules/@ohos/hvigor-ohos-plugin/src/tasks/sign/command-builder-impl/common-sign-command-builder.js:1:1053)
    at SignUtil.executeSign (/Users/abhi/.hvigor/project_caches/0947245c615fa1be5fb4a847626f95c7/workspace/node_modules/.pnpm/@ohos+hvigor-ohos-plugin@6.24.2/node_modules/@ohos/hvigor-ohos-plugin/src/tasks/sign/sign-util.js:1:4163)
    at SignUtil.sign (/Users/abhi/.hvigor/project_caches/0947245c615fa1be5fb4a847626f95c7/workspace/node_modules/.pnpm/@ohos+hvigor-ohos-plugin@6.24.2/node_modules/@ohos/hvigor-ohos-plugin/src/tasks/sign/sign-util.js:1:2319)
    at SignHap.doTaskAction (/Users/abhi/.hvigor/project_caches/0947245c615fa1be5fb4a847626f95c7/workspace/node_modules/.pnpm/@ohos+hvigor-ohos-plugin@6.24.2/node_modules/@ohos/hvigor-ohos-plugin/src/tasks/sign-hap.js:1:1763)
    at SignHap.<anonymous> (/Users/abhi/.hvigor/project_caches/0947245c615fa1be5fb4a847626f95c7/workspace/node_modules/.pnpm/@ohos+hvigor-ohos-plugin@6.24.2/node_modules/@ohos/hvigor-ohos-plugin/src/tasks/task/ohos-module-task.js:1:2137)
    at async SignHap.execute (/Users/abhi/Developer/command-line-tools/hvigor/hvigor/src/base/external/task/core-task-impl.js:1:2258)
[2026-09-18T20:21:28.567] [ERROR] debug-file - AdaptorError: [31m00303116 Configuration Error
Error Message: The length of the storePassword or keyPassword field in the signature configuration is less than 32. At file: /Users/abhi/Desktop/HarmonyOS Ports/OpenTwit-Web/build-profile.json5

* Try the following:
  > Re-execute sign your app/atomic service automatically：clear the signingConfigs field in the /Users/abhi/Desktop/HarmonyOS Ports/OpenTwit-Web/build-profile.json5 file and go to Project Structure > Project > Signing Configs and apply the signature material
  > Verify if signingConfigs is overridden in the project-level and module-level hvigorfile.ts. If so, use the error message to ensure the configuration is correct.
[39m
    at OhosLogger.printErrorExit (/Users/abhi/Developer/command-line-tools/hvigor/hvigor/src/base/log/hvigor-log.js:1:5087)
    at DecipherUtil.decryptPwd (/Users/abhi/.hvigor/project_caches/0947245c615fa1be5fb4a847626f95c7/workspace/node_modules/.pnpm/@ohos+hvigor-ohos-plugin@6.24.2/node_modules/@ohos/hvigor-ohos-plugin/src/utils/decipher-util.js:1:506)
    at HapSignCommandBuilder.getKeyStorePwd (/Users/abhi/.hvigor/project_caches/0947245c615fa1be5fb4a847626f95c7/workspace/node_modules/.pnpm/@ohos+hvigor-ohos-plugin@6.24.2/node_modules/@ohos/hvigor-ohos-plugin/src/tasks/sign/command-builder-impl/common-sign-command-builder.js:1:1341)
    at HapSignCommandBuilder.initCommandParams (/Users/abhi/.hvigor/project_caches/0947245c615fa1be5fb4a847626f95c7/workspace/node_modules/.pnpm/@ohos+hvigor-ohos-plugin@6.24.2/node_modules/@ohos/hvigor-ohos-plugin/src/tasks/sign/command-builder-impl/hap-sign-command-builder.js:1:771)
    at HapSignCommandBuilder.getSignCommand (/Users/abhi/.hvigor/project_caches/0947245c615fa1be5fb4a847626f95c7/workspace/node_modules/.pnpm/@ohos+hvigor-ohos-plugin@6.24.2/node_modules/@ohos/hvigor-ohos-plugin/src/tasks/sign/command-builder-impl/common-sign-command-builder.js:1:1053)
    at SignUtil.executeSign (/Users/abhi/.hvigor/project_caches/0947245c615fa1be5fb4a847626f95c7/workspace/node_modules/.pnpm/@ohos+hvigor-ohos-plugin@6.24.2/node_modules/@ohos/hvigor-ohos-plugin/src/tasks/sign/sign-util.js:1:4163)
    at SignUtil.sign (/Users/abhi/.hvigor/project_caches/0947245c615fa1be5fb4a847626f95c7/workspace/node_modules/.pnpm/@ohos+hvigor-ohos-plugin@6.24.2/node_modules/@ohos/hvigor-ohos-plugin/src/tasks/sign/sign-util.js:1:2319)
    at SignHap.doTaskAction (/Users/abhi/.hvigor/project_caches/0947245c615fa1be5fb4a847626f95c7/workspace/node_modules/.pnpm/@ohos+hvigor-ohos-plugin@6.24.2/node_modules/@ohos/hvigor-ohos-plugin/src/tasks/sign-hap.js:1:1763)
    at SignHap.<anonymous> (/Users/abhi/.hvigor/project_caches/0947245c615fa1be5fb4a847626f95c7/workspace/node_modules/.pnpm/@ohos+hvigor-ohos-plugin@6.24.2/node_modules/@ohos/hvigor-ohos-plugin/src/tasks/task/ohos-module-task.js:1:2137)
    at async SignHap.execute (/Users/abhi/Developer/command-line-tools/hvigor/hvigor/src/base/external/task/core-task-impl.js:1:2258)
[2026-09-18T20:21:28.568] [ERROR] debug-file - BUILD FAILED in 3 s 522 ms 
[2026-09-18T20:21:28.568] [DEBUG] debug-file - There is no need to refresh cache, since the incremental task entry:default@PreBuild is up-to-date.
[2026-09-18T20:21:28.568] [DEBUG] debug-file - Update task entry:default@CreateModuleInfo output file:/Users/abhi/Desktop/HarmonyOS Ports/OpenTwit-Web/entry/build/default/generated/profile/default/ModuleInfo.ts cache.
[2026-09-18T20:21:28.568] [DEBUG] debug-file - Incremental task entry:default@CreateModuleInfo post-execution cost:1 ms .
[2026-09-18T20:21:28.568] [DEBUG] debug-file - There is no need to refresh cache, since the incremental task entry:default@GenerateMetadata is up-to-date.
[2026-09-18T20:21:28.568] [DEBUG] debug-file - There is no need to refresh cache, since the incremental task entry:default@MergeProfile is up-to-date.
[2026-09-18T20:21:28.568] [DEBUG] debug-file - There is no need to refresh cache, since the incremental task entry:default@CreateBuildProfile is up-to-date.
[2026-09-18T20:21:28.568] [DEBUG] debug-file - Update task entry:default@GeneratePkgContextInfo output file:/Users/abhi/Desktop/HarmonyOS Ports/OpenTwit-Web/entry/build/default/intermediates/loader/default/pkgContextInfo.json cache.
[2026-09-18T20:21:28.568] [DEBUG] debug-file - Incremental task entry:default@GeneratePkgContextInfo post-execution cost:1 ms .
[2026-09-18T20:21:28.568] [DEBUG] debug-file - There is no need to refresh cache, since the incremental task entry:default@GeneratePkgSdkInfo is up-to-date.
[2026-09-18T20:21:28.568] [DEBUG] debug-file - Update task entry:default@ProcessIntegratedHsp output file:/Users/abhi/Desktop/HarmonyOS Ports/OpenTwit-Web/build/cache/default/integrated_hsp/integratedHspCache.json cache.
[2026-09-18T20:21:28.568] [DEBUG] debug-file - Incremental task entry:default@ProcessIntegratedHsp post-execution cost:1 ms .
[2026-09-18T20:21:28.568] [DEBUG] debug-file - There is no need to refresh cache, since the incremental task entry:default@MakePackInfo is up-to-date.
[2026-09-18T20:21:28.568] [DEBUG] debug-file - There is no need to refresh cache, since the incremental task entry:default@SyscapTransform is up-to-date.
[2026-09-18T20:21:28.568] [DEBUG] debug-file - There is no need to refresh cache, since the incremental task entry:default@ProcessProfile is up-to-date.
[2026-09-18T20:21:28.568] [DEBUG] debug-file - There is no need to refresh cache, since the incremental task entry:default@ProcessRouterMap is up-to-date.
[2026-09-18T20:21:28.568] [DEBUG] debug-file - There is no need to refresh cache, since the incremental task entry:default@ProcessShareConfig is up-to-date.
[2026-09-18T20:21:28.569] [DEBUG] debug-file - Update task entry:default@ProcessStartupConfig output file:/Users/abhi/Desktop/HarmonyOS Ports/OpenTwit-Web/entry/build/default/intermediates/startup/default/startup_config.json cache.
[2026-09-18T20:21:28.569] [DEBUG] debug-file - Incremental task entry:default@ProcessStartupConfig post-execution cost:1 ms .
[2026-09-18T20:21:28.569] [DEBUG] debug-file - There is no need to refresh cache, since the incremental task entry:default@ProcessResource is up-to-date.
[2026-09-18T20:21:28.569] [DEBUG] debug-file - There is no need to refresh cache, since the incremental task entry:default@GenerateLoaderJson is up-to-date.
[2026-09-18T20:21:28.569] [DEBUG] debug-file - There is no need to refresh cache, since the incremental task entry:default@ProcessLibs is up-to-date.
[2026-09-18T20:21:28.569] [DEBUG] debug-file - There is no need to refresh cache, since the incremental task entry:default@CompileResource is up-to-date.
[2026-09-18T20:21:28.569] [DEBUG] debug-file - There is no need to refresh cache, since the incremental task entry:default@DoNativeStrip is up-to-date.
[2026-09-18T20:21:28.569] [DEBUG] debug-file - Update task entry:default@CompileArkTS input file:/Users/abhi/Desktop/HarmonyOS Ports/OpenTwit-Web/entry/build/default/intermediates/loader/default cache by regenerate.
[2026-09-18T20:21:28.569] [DEBUG] debug-file - Update task entry:default@CompileArkTS input file:/Users/abhi/Desktop/HarmonyOS Ports/OpenTwit-Web/entry/build/default/intermediates/res/default/ResourceTable.txt cache by regenerate.
[2026-09-18T20:21:28.569] [DEBUG] debug-file - Update task entry:default@CompileArkTS input file:/Users/abhi/Desktop/HarmonyOS Ports/OpenTwit-Web/entry/build/default/intermediates/res/default/ark_module.json cache by regenerate.
[2026-09-18T20:21:28.569] [DEBUG] debug-file - Update task entry:default@CompileArkTS input file:/Users/abhi/Desktop/HarmonyOS Ports/OpenTwit-Web/entry/build/default/intermediates/res/default/resources/base/profile cache by regenerate.
[2026-09-18T20:21:28.569] [DEBUG] debug-file - Update task entry:default@CompileArkTS input file:/Users/abhi/Desktop/HarmonyOS Ports/OpenTwit-Web/entry/src/main/ets cache from map.
[2026-09-18T20:21:28.569] [DEBUG] debug-file - Update task entry:default@CompileArkTS input file:/Users/abhi/Desktop/HarmonyOS Ports/OpenTwit-Web/entry/build/default/generated/profile/default/BuildProfile.ets cache by regenerate.
[2026-09-18T20:21:28.569] [DEBUG] debug-file - Update task entry:default@CompileArkTS output file:/Users/abhi/Desktop/HarmonyOS Ports/OpenTwit-Web/entry/build/default/intermediates/loader_out/default/ets cache.
[2026-09-18T20:21:28.569] [DEBUG] debug-file - Incremental task entry:default@CompileArkTS post-execution cost:1 ms .
[2026-09-18T20:21:28.569] [DEBUG] debug-file - Update task entry:default@BuildJS input file:/Users/abhi/Desktop/HarmonyOS Ports/OpenTwit-Web/entry/build/default/intermediates/loader/default cache by regenerate.
[2026-09-18T20:21:28.569] [DEBUG] debug-file - Update task entry:default@BuildJS input file:/Users/abhi/Desktop/HarmonyOS Ports/OpenTwit-Web/entry/build/default/intermediates/res/default/ResourceTable.txt cache by regenerate.
[2026-09-18T20:21:28.569] [DEBUG] debug-file - Update task entry:default@BuildJS input file:/Users/abhi/Desktop/HarmonyOS Ports/OpenTwit-Web/entry/build/default/intermediates/res/default/ark_module.json cache by regenerate.
[2026-09-18T20:21:28.569] [DEBUG] debug-file - Update task entry:default@BuildJS input file:/Users/abhi/Desktop/HarmonyOS Ports/OpenTwit-Web/entry/build/default/intermediates/res/default/resources/base/profile cache by regenerate.
[2026-09-18T20:21:28.569] [DEBUG] debug-file - Update task entry:default@BuildJS output file:/Users/abhi/Desktop/HarmonyOS Ports/OpenTwit-Web/entry/build/default/intermediates/loader_out/default/js cache.
[2026-09-18T20:21:28.569] [DEBUG] debug-file - Incremental task entry:default@BuildJS post-execution cost:1 ms .
[2026-09-18T20:21:28.569] [DEBUG] debug-file - There is no need to refresh cache, since the incremental task entry:default@CacheNativeLibs is up-to-date.
[2026-09-18T20:21:28.569] [DEBUG] debug-file - There is no need to refresh cache, since the incremental task entry:default@GeneratePkgModuleJson is up-to-date.
[2026-09-18T20:21:28.569] [DEBUG] debug-file - Incremental task entry:default@ProcessCompiledResources post-execution cost:1 ms .
[2026-09-18T20:21:28.570] [DEBUG] debug-file - Update task entry:default@PackageHap input file:/Users/abhi/Desktop/HarmonyOS Ports/OpenTwit-Web/entry/build/default/intermediates/stripped_native_libs/default cache by regenerate.
[2026-09-18T20:21:28.570] [DEBUG] debug-file - Update task entry:default@PackageHap input file:/Users/abhi/Desktop/HarmonyOS Ports/OpenTwit-Web/entry/build/default/intermediates/res/default/module.json cache by regenerate.
[2026-09-18T20:21:28.570] [DEBUG] debug-file - Update task entry:default@PackageHap input file:/Users/abhi/Desktop/HarmonyOS Ports/OpenTwit-Web/entry/build/default/intermediates/res/default/resources cache by regenerate.
[2026-09-18T20:21:28.570] [DEBUG] debug-file - Update task entry:default@PackageHap input file:/Users/abhi/Desktop/HarmonyOS Ports/OpenTwit-Web/entry/build/default/intermediates/res/default/resources.index cache by regenerate.
[2026-09-18T20:21:28.570] [DEBUG] debug-file - Update task entry:default@PackageHap input file:/Users/abhi/Desktop/HarmonyOS Ports/OpenTwit-Web/entry/build/default/outputs/default/pack.info cache by regenerate.
[2026-09-18T20:21:28.570] [DEBUG] debug-file - Update task entry:default@PackageHap input file:/Users/abhi/Desktop/HarmonyOS Ports/OpenTwit-Web/entry/build/default/intermediates/syscap/default/rpcid.sc cache by regenerate.
[2026-09-18T20:21:28.570] [DEBUG] debug-file - Update task entry:default@PackageHap input file:/Users/abhi/Desktop/HarmonyOS Ports/OpenTwit-Web/entry/build/default/intermediates/loader_out/default/ets cache from map.
[2026-09-18T20:21:28.570] [DEBUG] debug-file - Update task entry:default@PackageHap input file:/Users/abhi/Desktop/HarmonyOS Ports/OpenTwit-Web/entry/build/default/intermediates/loader/default/pkgSdkInfo.json cache by regenerate.
[2026-09-18T20:21:28.570] [DEBUG] debug-file - Update task entry:default@PackageHap input file:/Users/abhi/Desktop/HarmonyOS Ports/OpenTwit-Web/entry/build/default/intermediates/loader_out/default/ets/sourceMaps.map cache by regenerate.
[2026-09-18T20:21:28.570] [DEBUG] debug-file - Update task entry:default@PackageHap input file:/Users/abhi/Desktop/HarmonyOS Ports/OpenTwit-Web/entry/build/default/generated/profile/default/BuildProfile.ets cache by regenerate.
[2026-09-18T20:21:28.570] [DEBUG] debug-file - Update task entry:default@PackageHap output file:/Users/abhi/Desktop/HarmonyOS Ports/OpenTwit-Web/entry/build/default/outputs/default/entry-default-unsigned.hap cache.
[2026-09-18T20:21:28.570] [DEBUG] debug-file - Update task entry:default@PackageHap output file:/Users/abhi/Desktop/HarmonyOS Ports/OpenTwit-Web/entry/build/default/intermediates/source_map/default/sourceMaps.map cache.
[2026-09-18T20:21:28.570] [DEBUG] debug-file - Update task entry:default@PackageHap output file:/Users/abhi/Desktop/HarmonyOS Ports/OpenTwit-Web/entry/build/default/outputs/default/mapping/sourceMaps.map cache.
[2026-09-18T20:21:28.570] [DEBUG] debug-file - Incremental task entry:default@PackageHap post-execution cost:1 ms .
[2026-09-18T20:21:28.570] [DEBUG] debug-file - Update task entry:default@SignHap input file:/Users/abhi/.ohos/config/debug.cer cache by regenerate.
[2026-09-18T20:21:28.570] [DEBUG] debug-file - Update task entry:default@SignHap input file:/Users/abhi/.ohos/config/debug.p7b cache by regenerate.
[2026-09-18T20:21:28.570] [DEBUG] debug-file - Update task entry:default@SignHap input file:/Users/abhi/.ohos/config/debug.p12 cache by regenerate.
[2026-09-18T20:21:28.570] [DEBUG] debug-file - Update task entry:default@SignHap input file:/Users/abhi/Desktop/HarmonyOS Ports/OpenTwit-Web/entry/build/default/outputs/default/entry-default-unsigned.hap cache by regenerate.
[2026-09-18T20:21:28.570] [DEBUG] debug-file - Update task entry:default@SignHap output file:/Users/abhi/Desktop/HarmonyOS Ports/OpenTwit-Web/entry/build/default/outputs/default/entry-default-signed.hap cache.
[2026-09-18T20:21:28.570] [DEBUG] debug-file - Incremental task entry:default@SignHap post-execution cost:1 ms .
[2026-09-18T20:21:28.575] [DEBUG] debug-file - Current worker pool is stopped or closed.
[2026-09-18T20:21:28.575] [DEBUG] debug-file - Clear worker 0.
[2026-09-18T20:21:28.575] [DEBUG] debug-file - Worker 0 has been cleared.
[2026-09-18T20:21:28.575] [DEBUG] debug-file - Current idle worker size: 3.
[2026-09-18T20:21:28.575] [DEBUG] debug-file - Current busy worker size: 0.
[2026-09-18T20:21:28.575] [DEBUG] debug-file - Clear worker 1.
[2026-09-18T20:21:28.575] [DEBUG] debug-file - Worker 1 has been cleared.
[2026-09-18T20:21:28.575] [DEBUG] debug-file - Current idle worker size: 2.
[2026-09-18T20:21:28.575] [DEBUG] debug-file - Current busy worker size: 0.
[2026-09-18T20:21:28.575] [DEBUG] debug-file - Clear worker 4.
[2026-09-18T20:21:28.575] [DEBUG] debug-file - Worker 4 has been cleared.
[2026-09-18T20:21:28.575] [DEBUG] debug-file - Current idle worker size: 1.
[2026-09-18T20:21:28.575] [DEBUG] debug-file - Current busy worker size: 0.
[2026-09-18T20:21:28.575] [DEBUG] debug-file - Clear worker 8.
[2026-09-18T20:21:28.575] [DEBUG] debug-file - Worker 8 has been cleared.
[2026-09-18T20:21:28.575] [DEBUG] debug-file - Current idle worker size: 0.
[2026-09-18T20:21:28.575] [DEBUG] debug-file - Current busy worker size: 0.
[2026-09-18T20:21:28.575] [DEBUG] debug-file - hvigor build process will be closed.
[2026-09-18T20:21:28.576] [DEBUG] debug-file - Current worker pool is terminated.
[2026-09-18T20:21:28.576] [DEBUG] debug-file - worker[1] exits with exit code 1.
[2026-09-18T20:21:28.576] [DEBUG] debug-file - worker[0] exits with exit code 1.
[2026-09-18T20:21:28.577] [DEBUG] debug-file - worker[8] exits with exit code 1.
[2026-09-18T20:21:28.582] [DEBUG] debug-file - worker[4] exits with exit code 1.
[2026-09-18T20:29:58.957] [DEBUG] debug-file - env: nodejsVersion=v18.20.1
[2026-09-18T20:29:59.062] [DEBUG] debug-file - Hvigor init with startParameters:{
  hvigorfileTypeCheck: false,
  parallelExecution: true,
  incrementalExecution: true,
  printStackTrace: false,
  daemon: false,
  analyze: 0,
  logLevel: Level { level: 20000, levelStr: 'INFO', colour: 'green' },
  optimizationStrategy: 'memory',
  hotCompile: undefined,
  hotReloadBuild: undefined,
  customizedParam: undefined
}
[2026-09-18T20:29:59.486] [DEBUG] debug-file - hvigorfile, require result:  { default: { system: [Function: appTasks], plugins: [] } }
[2026-09-18T20:29:59.559] [DEBUG] debug-file - Start initialize project's product build option map with build mode debug.
[2026-09-18T20:29:59.559] [DEBUG] debug-file - App plugin register hook start...
[2026-09-18T20:29:59.486] [DEBUG] debug-file - Starting plugin build process
[2026-09-18T20:29:59.560] [DEBUG] debug-file - Obtain build option for product 'default'in this build.
[2026-09-18T20:29:59.562] [DEBUG] debug-file - Start recording SDK configuration permission data.
[2026-09-18T20:29:59.581] [DEBUG] debug-file - Project task initialization takes 3 ms 
[2026-09-18T20:29:59.585] [DEBUG] debug-file - failed to load cangjie to dynamically generate schemas: Error: Cannot find module '@ohos/cangjie-build-support/index'
Require stack:
- /Users/abhi/.hvigor/project_caches/0947245c615fa1be5fb4a847626f95c7/workspace/node_modules/.pnpm/@ohos+hvigor-ohos-plugin@6.24.2/node_modules/@ohos/hvigor-ohos-plugin/src/plugin/hooks/cangjie-register.js
- /Users/abhi/.hvigor/project_caches/0947245c615fa1be5fb4a847626f95c7/workspace/node_modules/.pnpm/@ohos+hvigor-ohos-plugin@6.24.2/node_modules/@ohos/hvigor-ohos-plugin/src/plugin/strategy/stage-init-strategy.js
- /Users/abhi/.hvigor/project_caches/0947245c615fa1be5fb4a847626f95c7/workspace/node_modules/.pnpm/@ohos+hvigor-ohos-plugin@6.24.2/node_modules/@ohos/hvigor-ohos-plugin/src/plugin/builder/abstract-plugin-builder.js
- /Users/abhi/.hvigor/project_caches/0947245c615fa1be5fb4a847626f95c7/workspace/node_modules/.pnpm/@ohos+hvigor-ohos-plugin@6.24.2/node_modules/@ohos/hvigor-ohos-plugin/src/plugin/builder/app-plugin-builder.js
- /Users/abhi/.hvigor/project_caches/0947245c615fa1be5fb4a847626f95c7/workspace/node_modules/.pnpm/@ohos+hvigor-ohos-plugin@6.24.2/node_modules/@ohos/hvigor-ohos-plugin/src/plugin/factory/plugin-factory.js
- /Users/abhi/.hvigor/project_caches/0947245c615fa1be5fb4a847626f95c7/workspace/node_modules/.pnpm/@ohos+hvigor-ohos-plugin@6.24.2/node_modules/@ohos/hvigor-ohos-plugin/index.js
- /Users/abhi/Desktop/HarmonyOS Ports/OpenTwit-Web/hvigorfile.ts
- /Users/abhi/Developer/command-line-tools/hvigor/hvigor/src/base/internal/lifecycle/configuration.js
- /Users/abhi/Developer/command-line-tools/hvigor/hvigor/src/base/boot/index.js
- /Users/abhi/Developer/command-line-tools/hvigor/hvigor/src/cli/main/cli.js
- /Users/abhi/Developer/command-line-tools/hvigor/hvigor/bin/hvigor.js
[2026-09-18T20:29:59.589] [DEBUG] debug-file - Start initialize module-target build option map, moduleName=entry, buildMode=debug
[2026-09-18T20:29:59.594] [DEBUG] debug-file - Start to initialize dependency information.
[2026-09-18T20:29:59.592] [DEBUG] debug-file - project has submodules:entry
[2026-09-18T20:29:59.597] [DEBUG] debug-file - Since there is no instance or instance is terminated, create a new worker pool.
[2026-09-18T20:29:59.598] [DEBUG] debug-file - Create  resident worker with id: 0.
[2026-09-18T20:29:59.609] [DEBUG] debug-file - Executing task :entry:default@PreCheckSyscap
[2026-09-18T20:29:59.608] [DEBUG] debug-file - Executing task :entry:default@CreateBuildProfile
[2026-09-18T20:29:59.600] [DEBUG] debug-file - Executing task :entry:default@PreBuild
[2026-09-18T20:29:59.606] [DEBUG] debug-file - Executing task :entry:default@GenerateMetadata
[2026-09-18T20:29:59.609] [DEBUG] debug-file - Executing task :entry:default@GeneratePkgContextInfo
[2026-09-18T20:29:59.622] [DEBUG] debug-file - Executing task :entry:default@ProcessProfile
[2026-09-18T20:29:59.616] [DEBUG] debug-file - Executing task :entry:default@SyscapTransform
[2026-09-18T20:29:59.615] [DEBUG] debug-file - Executing task :entry:default@MakePackInfo
[2026-09-18T20:29:59.615] [DEBUG] debug-file - Executing task :entry:default@BuildNativeWithCmake
[2026-09-18T20:29:59.623] [DEBUG] debug-file - Executing task :entry:default@ProcessRouterMap
[2026-09-18T20:29:59.623] [DEBUG] debug-file - Executing task :entry:default@ProcessShareConfig
[2026-09-18T20:29:59.626] [DEBUG] debug-file - Executing task :entry:default@ProcessResource
[2026-09-18T20:29:59.627] [DEBUG] debug-file - Executing task :entry:default@GenerateLoaderJson
[2026-09-18T20:29:59.624] [DEBUG] debug-file - Executing task :entry:default@ProcessStartupConfig
[2026-09-18T20:29:59.629] [DEBUG] debug-file - Executing task :entry:default@ProcessLibs
[2026-09-18T20:29:59.629] [DEBUG] debug-file - Executing task :entry:default@CompileResource
[2026-09-18T20:29:59.625] [DEBUG] debug-file - Executing task :entry:default@BuildNativeWithNinja
[2026-09-18T20:29:59.632] [DEBUG] debug-file - Executing task :entry:default@CompileArkTS
[2026-09-18T20:29:59.636] [DEBUG] debug-file - Executing task :entry:default@CacheNativeLibs
[2026-09-18T20:29:59.631] [DEBUG] debug-file - Executing task :entry:default@DoNativeStrip
[2026-09-18T20:29:59.614] [DEBUG] debug-file - Executing task :entry:default@ProcessIntegratedHsp
[2026-09-18T20:29:59.638] [DEBUG] debug-file - Executing task :entry:default@PackageHap
[2026-09-18T20:29:59.642] [DEBUG] debug-file - Executing task :entry:default@SignHap
[2026-09-18T20:29:59.592] [DEBUG] debug-file - start to load updatedOhPackageInfo to the disk
[2026-09-18T20:29:59.639] [DEBUG] debug-file - Executing task :entry:default@PackingCheck
[2026-09-18T20:29:58.957] [DEBUG] debug-file - env: hvigor-config.json5 content = {
  modelVersion: '5.0.0',
  hvigorVersion: '6.24.2',
  dependencies: { '@ohos/hvigor-ohos-plugin': '6.24.2' }
}
[2026-09-18T20:29:59.635] [DEBUG] debug-file - Executing task :entry:default@BuildJS
[2026-09-18T20:29:59.647] [ERROR] debug-file - Failed :entry:default@SignHap... 
[2026-09-18T20:29:59.064] [DEBUG] debug-file - Cache service initialization finished in 2 ms 
[2026-09-18T20:29:59.559] [DEBUG] debug-file - Picking option from product 'default' with build mode 'debug'.
[2026-09-18T20:29:59.559] [DEBUG] debug-file - App plugin register hook end...
[2026-09-18T20:29:59.486] [DEBUG] debug-file - App plugin prepare start...
[2026-09-18T20:29:59.577] [DEBUG] debug-file - Sdk init in 17 ms 
[2026-09-18T20:29:59.589] [DEBUG] debug-file - Target 'default' config initialized
[2026-09-18T20:29:59.595] [DEBUG] debug-file - Module entry Collected Dependency: 
[2026-09-18T20:29:59.581] [DEBUG] debug-file - hvigorfile, begin to bind custom plugins...
[2026-09-18T20:29:59.597] [DEBUG] debug-file - Worker pool is initialized with config:  {
  minPoolNum: 2,
  maxPoolNum: undefined,
  maxCoreSize: undefined,
  cacheCapacity: undefined,
  cacheTtl: undefined
}
[2026-09-18T20:29:59.598] [DEBUG] debug-file - Create  resident worker with id: 1.
[2026-09-18T20:29:59.609] [DEBUG] debug-file - entry : default@PreCheckSyscap cost memory 0.01552581787109375
[2026-09-18T20:29:59.608] [DEBUG] debug-file - Task 'entry:default@CreateBuildProfile' cost while wrapping incremental declarations: 1 ms 
[2026-09-18T20:29:59.601] [WARN] debug-file - The project has not explicitly set the 'targetSdkVersion' version at build-profile.json5. It is recommended to configure it. Reference: https://developer.huawei.com/consumer/en/doc/harmonyos-guides/ide-hvigor-build-profile-app#section45865492619
[2026-09-18T20:29:59.606] [DEBUG] debug-file - Task 'entry:default@GenerateMetadata' cost while wrapping incremental declarations: 1 ms 
[2026-09-18T20:29:59.612] [DEBUG] debug-file - Task 'entry:default@GeneratePkgContextInfo' cost while wrapping incremental declarations: 1 ms 
[2026-09-18T20:29:59.622] [DEBUG] debug-file - Task 'entry:default@ProcessProfile' cost while wrapping incremental declarations: 1 ms 
[2026-09-18T20:29:59.616] [DEBUG] debug-file - File: '/Users/abhi/Desktop/HarmonyOS Ports/OpenTwit-Web/entry/src/main/syscap.json' from 'sysCapJsonPath' is not exists, just ignore.
[2026-09-18T20:29:59.615] [DEBUG] debug-file - Incremental task entry:default@MakePackInfo pre-execution cost: 1 ms .
[2026-09-18T20:29:59.615] [DEBUG] debug-file - entry : default@BuildNativeWithCmake cost memory 0.01372528076171875
[2026-09-18T20:29:59.623] [DEBUG] debug-file - Incremental task entry:default@ProcessRouterMap pre-execution cost: 1 ms .
[2026-09-18T20:29:59.624] [DEBUG] debug-file - Incremental task entry:default@ProcessShareConfig pre-execution cost: 1 ms .
[2026-09-18T20:29:59.626] [DEBUG] debug-file - Task 'entry:default@ProcessResource' cost while wrapping incremental declarations: 1 ms 
[2026-09-18T20:29:59.486] [DEBUG] debug-file - hvigorfile, binding system plugins [Function: appTasks]
[2026-09-18T20:29:59.624] [DEBUG] debug-file - Task 'entry:default@ProcessStartupConfig' cost while wrapping incremental declarations: 1 ms 
[2026-09-18T20:29:59.629] [DEBUG] debug-file - Incremental task entry:default@ProcessLibs pre-execution cost: 1 ms .
[2026-09-18T20:29:59.631] [DEBUG] debug-file - Incremental task entry:default@CompileResource pre-execution cost: 1 ms .
[2026-09-18T20:29:59.561] [DEBUG] debug-file - /Users/abhi/Desktop/HarmonyOS Ports/OpenTwit-Web/build/cache/default/remote_hsp/remoteHspCache.json not exists.
[2026-09-18T20:29:59.632] [DEBUG] debug-file - obfuscationOptions: undefined
[2026-09-18T20:29:59.636] [DEBUG] debug-file - File: '/Users/abhi/Desktop/HarmonyOS Ports/OpenTwit-Web/entry/build/default/intermediates/binxo/default' from 'cacheBinxoNativeLibs' is not exists, just ignore.
[2026-09-18T20:29:59.631] [DEBUG] debug-file - File: '/Users/abhi/Desktop/HarmonyOS Ports/OpenTwit-Web/entry/build/default/intermediates/binxo/default' from 'doBinxoNativeLibs' is not exists, just ignore.
[2026-09-18T20:29:59.627] [DEBUG] debug-file - Task 'entry:default@GenerateLoaderJson' cost while wrapping incremental declarations: 1 ms 
[2026-09-18T20:29:59.614] [DEBUG] debug-file - entry:default@ProcessIntegratedHsp is not up-to-date, since the output file '/Users/abhi/Desktop/HarmonyOS Ports/OpenTwit-Web/build/cache/default/integrated_hsp/integratedHspCache.json' does not exist.
[2026-09-18T20:29:59.639] [DEBUG] debug-file - Incremental task entry:default@PackageHap pre-execution cost: 1 ms .
[2026-09-18T20:29:59.593] [DEBUG] debug-file - load to the disk finished
[2026-09-18T20:29:59.625] [DEBUG] debug-file - entry : default@BuildNativeWithNinja cost memory 0.01860809326171875
[2026-09-18T20:29:59.642] [DEBUG] debug-file - entry : default@PackingCheck cost memory 0.5097808837890625
[2026-09-18T20:29:58.959] [DEBUG] debug-file - env: daemon=false
[2026-09-18T20:29:59.635] [DEBUG] debug-file - Task 'entry:default@BuildJS' cost while wrapping incremental declarations: 1 ms 
[2026-09-18T20:29:59.648] [DEBUG] debug-file - hvigor build process will be closed with an error.
[2026-09-18T20:29:59.064] [DEBUG] debug-file - hvigorfile, resolving /Users/abhi/Desktop/HarmonyOS Ports/OpenTwit-Web/hvigorfile.ts
[2026-09-18T20:29:59.560] [DEBUG] debug-file - Product 'default' build option initialized
[2026-09-18T20:29:59.559] [DEBUG] debug-file - Plugin build process completed
[2026-09-18T20:29:59.486] [DEBUG] debug-file - App plugin prepare end...
[2026-09-18T20:29:59.589] [DEBUG] debug-file - Module 'entry' target 'default' build option initialized
[2026-09-18T20:29:59.595] [DEBUG] debug-file - Module entry's total dependency: 0
[2026-09-18T20:29:59.609] [DEBUG] debug-file - runTaskFromQueue task cost before running: 550 ms 
[2026-09-18T20:29:59.609] [DEBUG] debug-file - Incremental task entry:default@CreateBuildProfile pre-execution cost: 1 ms .
[2026-09-18T20:29:59.602] [DEBUG] debug-file - Task 'entry:default@PreBuild' cost while wrapping incremental declarations: 1 ms 
[2026-09-18T20:29:59.606] [DEBUG] debug-file - Incremental task entry:default@GenerateMetadata pre-execution cost: 1 ms .
[2026-09-18T20:29:59.612] [DEBUG] debug-file - entry : default@GeneratePkgContextInfo cost memory 0.7096633911132812
[2026-09-18T20:29:59.622] [DEBUG] debug-file - Incremental task entry:default@ProcessProfile pre-execution cost: 1 ms .
[2026-09-18T20:29:59.616] [DEBUG] debug-file - Task 'entry:default@SyscapTransform' cost while wrapping incremental declarations: 1 ms 
[2026-09-18T20:29:59.615] [DEBUG] debug-file - entry : default@MakePackInfo cost memory 0.09134674072265625
[2026-09-18T20:29:59.615] [DEBUG] debug-file - runTaskFromQueue task cost before running: 555 ms 
[2026-09-18T20:29:59.623] [DEBUG] debug-file - entry : default@ProcessRouterMap cost memory 0.1074676513671875
[2026-09-18T20:29:59.624] [DEBUG] debug-file - entry : default@ProcessShareConfig cost memory 0.0888824462890625
[2026-09-18T20:29:59.626] [DEBUG] debug-file - Incremental task entry:default@ProcessResource pre-execution cost: 1 ms .
[2026-09-18T20:29:59.624] [DEBUG] debug-file - entry:default@ProcessStartupConfig is not up-to-date, since the output file '/Users/abhi/Desktop/HarmonyOS Ports/OpenTwit-Web/entry/build/default/intermediates/startup/default/startup_config.json' does not exist.
[2026-09-18T20:29:59.629] [DEBUG] debug-file - entry : default@ProcessLibs cost memory 0.08001708984375
[2026-09-18T20:29:59.631] [DEBUG] debug-file - entry : default@CompileResource cost memory 0.33267974853515625
[2026-09-18T20:29:59.632] [DEBUG] debug-file - Task 'entry:default@CompileArkTS' cost while wrapping incremental declarations: 1 ms 
[2026-09-18T20:29:59.636] [DEBUG] debug-file - Task 'entry:default@CacheNativeLibs' cost while wrapping incremental declarations: 1 ms 
[2026-09-18T20:29:59.631] [DEBUG] debug-file - Task 'entry:default@DoNativeStrip' cost while wrapping incremental declarations: 1 ms 
[2026-09-18T20:29:59.628] [DEBUG] debug-file - Incremental task entry:default@GenerateLoaderJson pre-execution cost: 1 ms .
[2026-09-18T20:29:59.614] [DEBUG] debug-file - Incremental task entry:default@ProcessIntegratedHsp pre-execution cost: 1 ms .
[2026-09-18T20:29:59.639] [DEBUG] debug-file - entry : default@PackageHap cost memory 0.25019073486328125
[2026-09-18T20:29:59.593] [DEBUG] debug-file - Start to initialize dependency information.
[2026-09-18T20:29:59.625] [DEBUG] debug-file - runTaskFromQueue task cost before running: 565 ms 
[2026-09-18T20:29:59.642] [DEBUG] debug-file - runTaskFromQueue task cost before running: 582 ms 
[2026-09-18T20:29:58.959] [DEBUG] debug-file - no-daemon, use the parent process.execArgv --max-old-space-size=8192,--max-semi-space-size=16,--expose-gc
[2026-09-18T20:29:59.636] [DEBUG] debug-file - entry : default@BuildJS cost memory 0.11232757568359375
[2026-09-18T20:29:59.656] [ERROR] debug-file - [31m00303116 Configuration Error
Error Message: The length of the storePassword or keyPassword field in the signature configuration is less than 32. At file: /Users/abhi/Desktop/HarmonyOS Ports/OpenTwit-Web/build-profile.json5

* Try the following:
  > Re-execute sign your app/atomic service automatically：clear the signingConfigs field in the /Users/abhi/Desktop/HarmonyOS Ports/OpenTwit-Web/build-profile.json5 file and go to Project Structure > Project > Signing Configs and apply the signature material
  > Verify if signingConfigs is overridden in the project-level and module-level hvigorfile.ts. If so, use the error message to ensure the configuration is correct.
[39m

[31m* Try:
> Run with --stacktrace option to get the stack trace.
> Run with --debug option to get more log output.

[2026-09-18T20:29:59.487] [DEBUG] debug-file - App plugin creating...
[2026-09-18T20:29:59.560] [DEBUG] debug-file - End initialize project's product build option map with build mode 'debug'.
[2026-09-18T20:29:59.581] [DEBUG] debug-file - hvigorfile, no custom plugins were found in /Users/abhi/Desktop/HarmonyOS Ports/OpenTwit-Web/hvigorfile.ts
[2026-09-18T20:29:59.596] [DEBUG] debug-file - Configuration phase cost:532 ms 
[2026-09-18T20:29:59.609] [DEBUG] debug-file - entry : default@CreateBuildProfile cost memory 0.08852386474609375
[2026-09-18T20:29:59.604] [DEBUG] debug-file - Incremental task entry:default@PreBuild pre-execution cost: 2 ms .
[2026-09-18T20:29:59.606] [DEBUG] debug-file - entry : default@GenerateMetadata cost memory 0.07513427734375
[2026-09-18T20:29:59.612] [DEBUG] debug-file - runTaskFromQueue task cost before running: 553 ms 
[2026-09-18T20:29:59.622] [DEBUG] debug-file - entry : default@ProcessProfile cost memory 0.11006927490234375
[2026-09-18T20:29:59.621] [DEBUG] debug-file - Incremental task entry:default@SyscapTransform pre-execution cost: 5 ms .
[2026-09-18T20:29:59.616] [INFO] debug-file - UP-TO-DATE :entry:default@MakePackInfo...  
[2026-09-18T20:29:59.615] [INFO] debug-file - Finished :entry:default@BuildNativeWithCmake... after 1 ms 
[2026-09-18T20:29:59.623] [INFO] debug-file - UP-TO-DATE :entry:default@ProcessRouterMap...  
[2026-09-18T20:29:59.589] [DEBUG] debug-file - End initialize module-target build option map, moduleName=entry
[2026-09-18T20:29:59.626] [DEBUG] debug-file - entry : default@ProcessResource cost memory 0.1192626953125
[2026-09-18T20:29:59.624] [DEBUG] debug-file - Incremental task entry:default@ProcessStartupConfig pre-execution cost: 1 ms .
[2026-09-18T20:29:59.629] [INFO] debug-file - UP-TO-DATE :entry:default@ProcessLibs...  
[2026-09-18T20:29:59.631] [INFO] debug-file - UP-TO-DATE :entry:default@CompileResource...  
[2026-09-18T20:29:59.635] [DEBUG] debug-file - Incremental task entry:default@CompileArkTS pre-execution cost: 2 ms .
[2026-09-18T20:29:59.637] [DEBUG] debug-file - Incremental task entry:default@CacheNativeLibs pre-execution cost: 1 ms .
[2026-09-18T20:29:59.631] [DEBUG] debug-file - Incremental task entry:default@DoNativeStrip pre-execution cost: 1 ms .
[2026-09-18T20:29:59.628] [DEBUG] debug-file - entry : default@GenerateLoaderJson cost memory 0.48336029052734375
[2026-09-18T20:29:59.614] [DEBUG] debug-file - entry : default@ProcessIntegratedHsp cost memory 0.04698944091796875
[2026-09-18T20:29:59.639] [INFO] debug-file - UP-TO-DATE :entry:default@PackageHap...  
[2026-09-18T20:29:59.594] [DEBUG] debug-file - Module OpenTwit-Web Collected Dependency: 
[2026-09-18T20:29:59.625] [INFO] debug-file - Finished :entry:default@BuildNativeWithNinja... after 1 ms 
[2026-09-18T20:29:59.642] [INFO] debug-file - Finished :entry:default@PackingCheck... after 3 ms 
[2026-09-18T20:29:59.636] [DEBUG] debug-file - runTaskFromQueue task cost before running: 577 ms 
[2026-09-18T20:29:59.656] [DEBUG] debug-file - ERROR: stacktrace = AdaptorError: [31m00303116 Configuration Error
Error Message: The length of the storePassword or keyPassword field in the signature configuration is less than 32. At file: /Users/abhi/Desktop/HarmonyOS Ports/OpenTwit-Web/build-profile.json5

* Try the following:
  > Re-execute sign your app/atomic service automatically：clear the signingConfigs field in the /Users/abhi/Desktop/HarmonyOS Ports/OpenTwit-Web/build-profile.json5 file and go to Project Structure > Project > Signing Configs and apply the signature material
  > Verify if signingConfigs is overridden in the project-level and module-level hvigorfile.ts. If so, use the error message to ensure the configuration is correct.
[39m
    at OhosLogger.printErrorExit (/Users/abhi/Developer/command-line-tools/hvigor/hvigor/src/base/log/hvigor-log.js:1:5087)
    at DecipherUtil.decryptPwd (/Users/abhi/.hvigor/project_caches/0947245c615fa1be5fb4a847626f95c7/workspace/node_modules/.pnpm/@ohos+hvigor-ohos-plugin@6.24.2/node_modules/@ohos/hvigor-ohos-plugin/src/utils/decipher-util.js:1:506)
    at HapSignCommandBuilder.getKeyStorePwd (/Users/abhi/.hvigor/project_caches/0947245c615fa1be5fb4a847626f95c7/workspace/node_modules/.pnpm/@ohos+hvigor-ohos-plugin@6.24.2/node_modules/@ohos/hvigor-ohos-plugin/src/tasks/sign/command-builder-impl/common-sign-command-builder.js:1:1341)
    at HapSignCommandBuilder.initCommandParams (/Users/abhi/.hvigor/project_caches/0947245c615fa1be5fb4a847626f95c7/workspace/node_modules/.pnpm/@ohos+hvigor-ohos-plugin@6.24.2/node_modules/@ohos/hvigor-ohos-plugin/src/tasks/sign/command-builder-impl/hap-sign-command-builder.js:1:771)
    at HapSignCommandBuilder.getSignCommand (/Users/abhi/.hvigor/project_caches/0947245c615fa1be5fb4a847626f95c7/workspace/node_modules/.pnpm/@ohos+hvigor-ohos-plugin@6.24.2/node_modules/@ohos/hvigor-ohos-plugin/src/tasks/sign/command-builder-impl/common-sign-command-builder.js:1:1053)
    at SignUtil.executeSign (/Users/abhi/.hvigor/project_caches/0947245c615fa1be5fb4a847626f95c7/workspace/node_modules/.pnpm/@ohos+hvigor-ohos-plugin@6.24.2/node_modules/@ohos/hvigor-ohos-plugin/src/tasks/sign/sign-util.js:1:4163)
    at SignUtil.sign (/Users/abhi/.hvigor/project_caches/0947245c615fa1be5fb4a847626f95c7/workspace/node_modules/.pnpm/@ohos+hvigor-ohos-plugin@6.24.2/node_modules/@ohos/hvigor-ohos-plugin/src/tasks/sign/sign-util.js:1:2319)
    at SignHap.doTaskAction (/Users/abhi/.hvigor/project_caches/0947245c615fa1be5fb4a847626f95c7/workspace/node_modules/.pnpm/@ohos+hvigor-ohos-plugin@6.24.2/node_modules/@ohos/hvigor-ohos-plugin/src/tasks/sign-hap.js:1:1763)
    at SignHap.<anonymous> (/Users/abhi/.hvigor/project_caches/0947245c615fa1be5fb4a847626f95c7/workspace/node_modules/.pnpm/@ohos+hvigor-ohos-plugin@6.24.2/node_modules/@ohos/hvigor-ohos-plugin/src/tasks/task/ohos-module-task.js:1:2137)
    at process.processTicksAndRejections (node:internal/process/task_queues:95:5)
[2026-09-18T20:29:59.581] [DEBUG] debug-file - hvigorfile, resolve finished /Users/abhi/Desktop/HarmonyOS Ports/OpenTwit-Web/hvigorfile.ts
[2026-09-18T20:29:59.597] [DEBUG] debug-file - Configuration task cost before running: 537 ms 
[2026-09-18T20:29:59.609] [INFO] debug-file - Finished :entry:default@PreCheckSyscap... after 1 ms 
[2026-09-18T20:29:59.604] [DEBUG] debug-file - entry : default@PreBuild cost memory 0.8573226928710938
[2026-09-18T20:29:59.606] [INFO] debug-file - UP-TO-DATE :entry:default@GenerateMetadata...  
[2026-09-18T20:29:59.612] [INFO] debug-file - Finished :entry:default@GeneratePkgContextInfo... after 3 ms 
[2026-09-18T20:29:59.622] [INFO] debug-file - UP-TO-DATE :entry:default@ProcessProfile...  
[2026-09-18T20:29:59.621] [DEBUG] debug-file - entry : default@SyscapTransform cost memory 0.10764312744140625
[2026-09-18T20:29:59.589] [DEBUG] debug-file - Start initialize module-target build option map, moduleName=entry, buildMode=release
[2026-09-18T20:29:59.624] [INFO] debug-file - UP-TO-DATE :entry:default@ProcessShareConfig...  
[2026-09-18T20:29:59.609] [INFO] debug-file - UP-TO-DATE :entry:default@CreateBuildProfile...  
[2026-09-18T20:29:59.626] [INFO] debug-file - UP-TO-DATE :entry:default@ProcessResource...  
[2026-09-18T20:29:59.624] [DEBUG] debug-file - entry : default@ProcessStartupConfig cost memory 0.07415008544921875
[2026-09-18T20:29:59.629] [DEBUG] debug-file - restool module names: entry; moduleName=entry, taskName=default@CompileResource
[2026-09-18T20:29:59.635] [DEBUG] debug-file - entry : default@CompileArkTS cost memory 0.47153472900390625
[2026-09-18T20:29:59.637] [DEBUG] debug-file - entry : default@CacheNativeLibs cost memory 0.0835723876953125
[2026-09-18T20:29:59.631] [DEBUG] debug-file - entry : default@DoNativeStrip cost memory 0.0677947998046875
[2026-09-18T20:29:59.594] [DEBUG] debug-file - Module OpenTwit-Web's total dependency: 0
[2026-09-18T20:29:59.625] [DEBUG] debug-file - restool module names: entry; moduleName=entry, taskName=default@ProcessResource
[2026-09-18T20:29:59.636] [INFO] debug-file - Finished :entry:default@BuildJS... after 1 ms 
[2026-09-18T20:29:59.614] [DEBUG] debug-file - runTaskFromQueue task cost before running: 555 ms 
[2026-09-18T20:29:59.628] [INFO] debug-file - UP-TO-DATE :entry:default@GenerateLoaderJson...  
[2026-09-18T20:29:59.581] [DEBUG] debug-file - hvigorfile, resolving /Users/abhi/Desktop/HarmonyOS Ports/OpenTwit-Web/entry/hvigorfile.ts
[2026-09-18T20:29:59.607] [DEBUG] debug-file - Executing task :entry:default@ConfigureCmake
[2026-09-18T20:29:59.613] [DEBUG] debug-file - Executing task :entry:default@GeneratePkgSdkInfo
[2026-09-18T20:29:59.605] [INFO] debug-file - UP-TO-DATE :entry:default@PreBuild...  
[2026-09-18T20:29:59.621] [INFO] debug-file - UP-TO-DATE :entry:default@SyscapTransform...  
[2026-09-18T20:29:59.589] [DEBUG] debug-file - Target 'default' config initialized
[2026-09-18T20:29:59.656] [ERROR] debug-file - AdaptorError: [31m00303116 Configuration Error
Error Message: The length of the storePassword or keyPassword field in the signature configuration is less than 32. At file: /Users/abhi/Desktop/HarmonyOS Ports/OpenTwit-Web/build-profile.json5

* Try the following:
  > Re-execute sign your app/atomic service automatically：clear the signingConfigs field in the /Users/abhi/Desktop/HarmonyOS Ports/OpenTwit-Web/build-profile.json5 file and go to Project Structure > Project > Signing Configs and apply the signature material
  > Verify if signingConfigs is overridden in the project-level and module-level hvigorfile.ts. If so, use the error message to ensure the configuration is correct.
[39m
    at OhosLogger.printErrorExit (/Users/abhi/Developer/command-line-tools/hvigor/hvigor/src/base/log/hvigor-log.js:1:5087)
    at DecipherUtil.decryptPwd (/Users/abhi/.hvigor/project_caches/0947245c615fa1be5fb4a847626f95c7/workspace/node_modules/.pnpm/@ohos+hvigor-ohos-plugin@6.24.2/node_modules/@ohos/hvigor-ohos-plugin/src/utils/decipher-util.js:1:506)
    at HapSignCommandBuilder.getKeyStorePwd (/Users/abhi/.hvigor/project_caches/0947245c615fa1be5fb4a847626f95c7/workspace/node_modules/.pnpm/@ohos+hvigor-ohos-plugin@6.24.2/node_modules/@ohos/hvigor-ohos-plugin/src/tasks/sign/command-builder-impl/common-sign-command-builder.js:1:1341)
    at HapSignCommandBuilder.initCommandParams (/Users/abhi/.hvigor/project_caches/0947245c615fa1be5fb4a847626f95c7/workspace/node_modules/.pnpm/@ohos+hvigor-ohos-plugin@6.24.2/node_modules/@ohos/hvigor-ohos-plugin/src/tasks/sign/command-builder-impl/hap-sign-command-builder.js:1:771)
    at HapSignCommandBuilder.getSignCommand (/Users/abhi/.hvigor/project_caches/0947245c615fa1be5fb4a847626f95c7/workspace/node_modules/.pnpm/@ohos+hvigor-ohos-plugin@6.24.2/node_modules/@ohos/hvigor-ohos-plugin/src/tasks/sign/command-builder-impl/common-sign-command-builder.js:1:1053)
    at SignUtil.executeSign (/Users/abhi/.hvigor/project_caches/0947245c615fa1be5fb4a847626f95c7/workspace/node_modules/.pnpm/@ohos+hvigor-ohos-plugin@6.24.2/node_modules/@ohos/hvigor-ohos-plugin/src/tasks/sign/sign-util.js:1:4163)
    at SignUtil.sign (/Users/abhi/.hvigor/project_caches/0947245c615fa1be5fb4a847626f95c7/workspace/node_modules/.pnpm/@ohos+hvigor-ohos-plugin@6.24.2/node_modules/@ohos/hvigor-ohos-plugin/src/tasks/sign/sign-util.js:1:2319)
    at SignHap.doTaskAction (/Users/abhi/.hvigor/project_caches/0947245c615fa1be5fb4a847626f95c7/workspace/node_modules/.pnpm/@ohos+hvigor-ohos-plugin@6.24.2/node_modules/@ohos/hvigor-ohos-plugin/src/tasks/sign-hap.js:1:1763)
    at SignHap.<anonymous> (/Users/abhi/.hvigor/project_caches/0947245c615fa1be5fb4a847626f95c7/workspace/node_modules/.pnpm/@ohos+hvigor-ohos-plugin@6.24.2/node_modules/@ohos/hvigor-ohos-plugin/src/tasks/task/ohos-module-task.js:1:2137)
    at process.processTicksAndRejections (node:internal/process/task_queues:95:5)
[2026-09-18T20:29:59.624] [DEBUG] debug-file - runTaskFromQueue task cost before running: 565 ms 
[2026-09-18T20:29:59.635] [INFO] debug-file - UP-TO-DATE :entry:default@CompileArkTS...  
[2026-09-18T20:29:59.637] [INFO] debug-file - UP-TO-DATE :entry:default@CacheNativeLibs...  
[2026-09-18T20:29:59.631] [INFO] debug-file - UP-TO-DATE :entry:default@DoNativeStrip...  
[2026-09-18T20:29:59.614] [INFO] debug-file - Finished :entry:default@ProcessIntegratedHsp... after 1 ms 
[2026-09-18T20:29:59.584] [DEBUG] debug-file - hvigorfile, require result:  { default: { system: [Function: hapTasks], plugins: [] } }
[2026-09-18T20:29:59.607] [DEBUG] debug-file - entry : default@ConfigureCmake cost memory 0.0120849609375
[2026-09-18T20:29:59.613] [DEBUG] debug-file - Task 'entry:default@GeneratePkgSdkInfo' cost while wrapping incremental declarations: 1 ms 
[2026-09-18T20:29:59.605] [DEBUG] debug-file - Executing task :entry:default@CreateModuleInfo
[2026-09-18T20:29:59.590] [DEBUG] debug-file - Module 'entry' target 'default' build option initialized
[2026-09-18T20:29:59.657] [ERROR] debug-file - BUILD FAILED in 598 ms 
[2026-09-18T20:29:59.624] [INFO] debug-file - Finished :entry:default@ProcessStartupConfig... after 1 ms 
[2026-09-18T20:29:59.637] [DEBUG] debug-file - Executing task :entry:default@GeneratePkgModuleJson
[2026-09-18T20:29:59.584] [DEBUG] debug-file - hvigorfile, binding system plugins [Function: hapTasks]
[2026-09-18T20:29:59.607] [DEBUG] debug-file - runTaskFromQueue task cost before running: 547 ms 
[2026-09-18T20:29:59.613] [DEBUG] debug-file - Incremental task entry:default@GeneratePkgSdkInfo pre-execution cost: 1 ms .
[2026-09-18T20:29:59.605] [DEBUG] debug-file - Task 'entry:default@CreateModuleInfo' cost while wrapping incremental declarations: 1 ms 
[2026-09-18T20:29:59.590] [DEBUG] debug-file - End initialize module-target build option map, moduleName=entry
[2026-09-18T20:29:59.657] [DEBUG] debug-file - There is no need to refresh cache, since the incremental task entry:default@PreBuild is up-to-date.
[2026-09-18T20:29:59.637] [DEBUG] debug-file - File: '/Users/abhi/Desktop/HarmonyOS Ports/OpenTwit-Web/entry/build/default/intermediates/preload/default/preload.json' from 'preloadSoJsonPath' is not exists, just ignore.
[2026-09-18T20:29:59.584] [DEBUG] debug-file - Starting plugin build process
[2026-09-18T20:29:59.607] [INFO] debug-file - Finished :entry:default@ConfigureCmake... after 1 ms 
[2026-09-18T20:29:59.613] [DEBUG] debug-file - entry : default@GeneratePkgSdkInfo cost memory 0.1325836181640625
[2026-09-18T20:29:59.605] [DEBUG] debug-file - entry : default@CreateModuleInfo cost memory 0.035919189453125
[2026-09-18T20:29:59.590] [DEBUG] debug-file - Start initialize module-target build option map, moduleName=entry, buildMode=debug
[2026-09-18T20:29:59.657] [DEBUG] debug-file - Update task entry:default@CreateModuleInfo output file:/Users/abhi/Desktop/HarmonyOS Ports/OpenTwit-Web/entry/build/default/generated/profile/default/ModuleInfo.ts cache.
[2026-09-18T20:29:59.637] [DEBUG] debug-file - Error occurs while handling @Input 'shouldDeduplicateHar': The "data" argument must be of type string or an instance of Buffer, TypedArray, or DataView. Received undefined
[2026-09-18T20:29:59.584] [DEBUG] debug-file - Hap plugin creating...
[2026-09-18T20:29:59.607] [DEBUG] debug-file - Executing task :entry:default@MergeProfile
[2026-09-18T20:29:59.613] [INFO] debug-file - UP-TO-DATE :entry:default@GeneratePkgSdkInfo...  
[2026-09-18T20:29:59.605] [DEBUG] debug-file - runTaskFromQueue task cost before running: 546 ms 
[2026-09-18T20:29:59.590] [DEBUG] debug-file - Target 'default' config initialized
[2026-09-18T20:29:59.657] [DEBUG] debug-file - Incremental task entry:default@CreateModuleInfo post-execution cost:1 ms .
[2026-09-18T20:29:59.637] [DEBUG] debug-file - Task 'entry:default@GeneratePkgModuleJson' cost while wrapping incremental declarations: 1 ms 
[2026-09-18T20:29:59.607] [DEBUG] debug-file - Task 'entry:default@MergeProfile' cost while wrapping incremental declarations: 1 ms 
[2026-09-18T20:29:59.605] [INFO] debug-file - Finished :entry:default@CreateModuleInfo... after 1 ms 
[2026-09-18T20:29:59.590] [DEBUG] debug-file - Module 'entry' target 'default' build option initialized
[2026-09-18T20:29:59.657] [DEBUG] debug-file - There is no need to refresh cache, since the incremental task entry:default@GenerateMetadata is up-to-date.
[2026-09-18T20:29:59.637] [DEBUG] debug-file - Incremental task entry:default@GeneratePkgModuleJson pre-execution cost: 1 ms .
[2026-09-18T20:29:59.608] [DEBUG] debug-file - Incremental task entry:default@MergeProfile pre-execution cost: 1 ms .
[2026-09-18T20:29:59.590] [DEBUG] debug-file - End initialize module-target build option map, moduleName=entry
[2026-09-18T20:29:59.657] [DEBUG] debug-file - There is no need to refresh cache, since the incremental task entry:default@MergeProfile is up-to-date.
[2026-09-18T20:29:59.637] [DEBUG] debug-file - entry : default@GeneratePkgModuleJson cost memory 0.07501983642578125
[2026-09-18T20:29:59.608] [DEBUG] debug-file - entry : default@MergeProfile cost memory 0.3117523193359375
[2026-09-18T20:29:59.590] [DEBUG] debug-file - Obtain build option for module 'entry' target 'default'in this build.
[2026-09-18T20:29:59.657] [DEBUG] debug-file - There is no need to refresh cache, since the incremental task entry:default@CreateBuildProfile is up-to-date.
[2026-09-18T20:29:59.637] [INFO] debug-file - UP-TO-DATE :entry:default@GeneratePkgModuleJson...  
[2026-09-18T20:29:59.608] [INFO] debug-file - UP-TO-DATE :entry:default@MergeProfile...  
[2026-09-18T20:29:59.592] [DEBUG] debug-file - Module entry task initialization takes 2 ms 
[2026-09-18T20:29:59.657] [DEBUG] debug-file - Update task entry:default@GeneratePkgContextInfo output file:/Users/abhi/Desktop/HarmonyOS Ports/OpenTwit-Web/entry/build/default/intermediates/loader/default/pkgContextInfo.json cache.
[2026-09-18T20:29:59.637] [DEBUG] debug-file - Executing task :entry:default@ProcessCompiledResources
[2026-09-18T20:29:59.592] [DEBUG] debug-file - Hap plugin register hook start...
[2026-09-18T20:29:59.657] [DEBUG] debug-file - Incremental task entry:default@GeneratePkgContextInfo post-execution cost:1 ms .
[2026-09-18T20:29:59.637] [DEBUG] debug-file - File: '/Users/abhi/Desktop/HarmonyOS Ports/OpenTwit-Web/entry/build/default/intermediates/preload/default/preload.json' from 'preloadSoJsonPath' is not exists, just ignore.
[2026-09-18T20:29:59.592] [DEBUG] debug-file - Hap plugin register hook end...
[2026-09-18T20:29:59.657] [DEBUG] debug-file - There is no need to refresh cache, since the incremental task entry:default@GeneratePkgSdkInfo is up-to-date.
[2026-09-18T20:29:59.637] [DEBUG] debug-file - Task 'entry:default@ProcessCompiledResources' cost while wrapping incremental declarations: 1 ms 
[2026-09-18T20:29:59.592] [DEBUG] debug-file - Plugin build process completed
[2026-09-18T20:29:59.657] [DEBUG] debug-file - Update task entry:default@ProcessIntegratedHsp output file:/Users/abhi/Desktop/HarmonyOS Ports/OpenTwit-Web/build/cache/default/integrated_hsp/integratedHspCache.json cache.
[2026-09-18T20:29:59.638] [DEBUG] debug-file - entry : default@ProcessCompiledResources cost memory 0.04534149169921875
[2026-09-18T20:29:59.592] [DEBUG] debug-file - hvigorfile, begin to bind custom plugins...
[2026-09-18T20:29:59.657] [DEBUG] debug-file - Incremental task entry:default@ProcessIntegratedHsp post-execution cost:1 ms .
[2026-09-18T20:29:59.638] [DEBUG] debug-file - runTaskFromQueue task cost before running: 578 ms 
[2026-09-18T20:29:59.592] [DEBUG] debug-file - hvigorfile, no custom plugins were found in /Users/abhi/Desktop/HarmonyOS Ports/OpenTwit-Web/entry/hvigorfile.ts
[2026-09-18T20:29:59.657] [DEBUG] debug-file - There is no need to refresh cache, since the incremental task entry:default@MakePackInfo is up-to-date.
[2026-09-18T20:29:59.638] [INFO] debug-file - Finished :entry:default@ProcessCompiledResources... after 1 ms 
[2026-09-18T20:29:59.592] [DEBUG] debug-file - hvigorfile, resolve finished /Users/abhi/Desktop/HarmonyOS Ports/OpenTwit-Web/entry/hvigorfile.ts
[2026-09-18T20:29:59.657] [DEBUG] debug-file - There is no need to refresh cache, since the incremental task entry:default@SyscapTransform is up-to-date.
[2026-09-18T20:29:59.657] [DEBUG] debug-file - There is no need to refresh cache, since the incremental task entry:default@ProcessProfile is up-to-date.
[2026-09-18T20:29:59.657] [DEBUG] debug-file - There is no need to refresh cache, since the incremental task entry:default@ProcessRouterMap is up-to-date.
[2026-09-18T20:29:59.657] [DEBUG] debug-file - There is no need to refresh cache, since the incremental task entry:default@ProcessShareConfig is up-to-date.
[2026-09-18T20:29:59.658] [DEBUG] debug-file - Update task entry:default@ProcessStartupConfig output file:/Users/abhi/Desktop/HarmonyOS Ports/OpenTwit-Web/entry/build/default/intermediates/startup/default/startup_config.json cache.
[2026-09-18T20:29:59.658] [DEBUG] debug-file - Incremental task entry:default@ProcessStartupConfig post-execution cost:1 ms .
[2026-09-18T20:29:59.658] [DEBUG] debug-file - There is no need to refresh cache, since the incremental task entry:default@ProcessResource is up-to-date.
[2026-09-18T20:29:59.658] [DEBUG] debug-file - There is no need to refresh cache, since the incremental task entry:default@GenerateLoaderJson is up-to-date.
[2026-09-18T20:29:59.658] [DEBUG] debug-file - There is no need to refresh cache, since the incremental task entry:default@ProcessLibs is up-to-date.
[2026-09-18T20:29:59.658] [DEBUG] debug-file - There is no need to refresh cache, since the incremental task entry:default@CompileResource is up-to-date.
[2026-09-18T20:29:59.658] [DEBUG] debug-file - There is no need to refresh cache, since the incremental task entry:default@DoNativeStrip is up-to-date.
[2026-09-18T20:29:59.658] [DEBUG] debug-file - There is no need to refresh cache, since the incremental task entry:default@CompileArkTS is up-to-date.
[2026-09-18T20:29:59.658] [DEBUG] debug-file - Update task entry:default@BuildJS input file:/Users/abhi/Desktop/HarmonyOS Ports/OpenTwit-Web/entry/build/default/intermediates/loader/default cache by regenerate.
[2026-09-18T20:29:59.658] [DEBUG] debug-file - Update task entry:default@BuildJS input file:/Users/abhi/Desktop/HarmonyOS Ports/OpenTwit-Web/entry/build/default/intermediates/res/default/ResourceTable.txt cache by regenerate.
[2026-09-18T20:29:59.658] [DEBUG] debug-file - Update task entry:default@BuildJS input file:/Users/abhi/Desktop/HarmonyOS Ports/OpenTwit-Web/entry/build/default/intermediates/res/default/ark_module.json cache by regenerate.
[2026-09-18T20:29:59.658] [DEBUG] debug-file - Update task entry:default@BuildJS input file:/Users/abhi/Desktop/HarmonyOS Ports/OpenTwit-Web/entry/build/default/intermediates/res/default/resources/base/profile cache by regenerate.
[2026-09-18T20:29:59.658] [DEBUG] debug-file - Update task entry:default@BuildJS output file:/Users/abhi/Desktop/HarmonyOS Ports/OpenTwit-Web/entry/build/default/intermediates/loader_out/default/js cache.
[2026-09-18T20:29:59.658] [DEBUG] debug-file - Incremental task entry:default@BuildJS post-execution cost:1 ms .
[2026-09-18T20:29:59.658] [DEBUG] debug-file - There is no need to refresh cache, since the incremental task entry:default@CacheNativeLibs is up-to-date.
[2026-09-18T20:29:59.658] [DEBUG] debug-file - There is no need to refresh cache, since the incremental task entry:default@GeneratePkgModuleJson is up-to-date.
[2026-09-18T20:29:59.658] [DEBUG] debug-file - Incremental task entry:default@ProcessCompiledResources post-execution cost:1 ms .
[2026-09-18T20:29:59.658] [DEBUG] debug-file - There is no need to refresh cache, since the incremental task entry:default@PackageHap is up-to-date.
[2026-09-18T20:29:59.658] [DEBUG] debug-file - Update task entry:default@SignHap input file:/Users/abhi/.ohos/config/debug.cer cache by regenerate.
[2026-09-18T20:29:59.658] [DEBUG] debug-file - Update task entry:default@SignHap input file:/Users/abhi/.ohos/config/debug.p7b cache by regenerate.
[2026-09-18T20:29:59.658] [DEBUG] debug-file - Update task entry:default@SignHap input file:/Users/abhi/.ohos/config/debug.p12 cache by regenerate.
[2026-09-18T20:29:59.658] [DEBUG] debug-file - Update task entry:default@SignHap input file:/Users/abhi/Desktop/HarmonyOS Ports/OpenTwit-Web/entry/build/default/outputs/default/entry-default-unsigned.hap cache by regenerate.
[2026-09-18T20:29:59.658] [DEBUG] debug-file - Update task entry:default@SignHap output file:/Users/abhi/Desktop/HarmonyOS Ports/OpenTwit-Web/entry/build/default/outputs/default/entry-default-signed.hap cache.
[2026-09-18T20:29:59.658] [DEBUG] debug-file - Incremental task entry:default@SignHap post-execution cost:1 ms .
[2026-09-18T20:29:59.664] [DEBUG] debug-file - Current worker pool is stopped or closed.
[2026-09-18T20:29:59.664] [DEBUG] debug-file - Clear worker 0.
[2026-09-18T20:29:59.664] [DEBUG] debug-file - Worker 0 has been cleared.
[2026-09-18T20:29:59.664] [DEBUG] debug-file - Current idle worker size: 1.
[2026-09-18T20:29:59.664] [DEBUG] debug-file - Current busy worker size: 0.
[2026-09-18T20:29:59.664] [DEBUG] debug-file - Clear worker 1.
[2026-09-18T20:29:59.664] [DEBUG] debug-file - Worker 1 has been cleared.
[2026-09-18T20:29:59.664] [DEBUG] debug-file - Current idle worker size: 0.
[2026-09-18T20:29:59.664] [DEBUG] debug-file - Current busy worker size: 0.
[2026-09-18T20:29:59.664] [DEBUG] debug-file - hvigor build process will be closed.
[2026-09-18T20:29:59.668] [DEBUG] debug-file - Current worker pool is terminated.
[2026-09-18T20:29:59.669] [DEBUG] debug-file - worker[1] exits with exit code 1.
[2026-09-18T20:29:59.669] [DEBUG] debug-file - worker[0] exits with exit code 1.
[2026-09-18T20:44:04.304] [DEBUG] debug-file - env: nodejsVersion=v18.20.1
[2026-09-18T20:44:04.426] [DEBUG] debug-file - Hvigor init with startParameters:{
  hvigorfileTypeCheck: false,
  parallelExecution: true,
  incrementalExecution: true,
  printStackTrace: false,
  daemon: false,
  analyze: 0,
  logLevel: Level { level: 20000, levelStr: 'INFO', colour: 'green' },
  optimizationStrategy: 'memory',
  hotCompile: undefined,
  hotReloadBuild: undefined,
  customizedParam: undefined
}
[2026-09-18T20:44:05.050] [DEBUG] debug-file - hvigorfile, require result:  { default: { system: [Function: appTasks], plugins: [] } }
[2026-09-18T20:44:05.125] [DEBUG] debug-file - App plugin register hook start...
[2026-09-18T20:44:05.126] [DEBUG] debug-file - Start initialize project's product build option map with build mode debug.
[2026-09-18T20:44:05.128] [DEBUG] debug-file - Obtain build option for product 'default'in this build.
[2026-09-18T20:44:05.131] [DEBUG] debug-file - Start recording SDK configuration permission data.
[2026-09-18T20:44:05.150] [DEBUG] debug-file - Project task initialization takes 3 ms 
[2026-09-18T20:44:05.153] [DEBUG] debug-file - failed to load cangjie to dynamically generate schemas: Error: Cannot find module '@ohos/cangjie-build-support/index'
Require stack:
- /Users/abhi/.hvigor/project_caches/0947245c615fa1be5fb4a847626f95c7/workspace/node_modules/.pnpm/@ohos+hvigor-ohos-plugin@6.24.2/node_modules/@ohos/hvigor-ohos-plugin/src/plugin/hooks/cangjie-register.js
- /Users/abhi/.hvigor/project_caches/0947245c615fa1be5fb4a847626f95c7/workspace/node_modules/.pnpm/@ohos+hvigor-ohos-plugin@6.24.2/node_modules/@ohos/hvigor-ohos-plugin/src/plugin/strategy/stage-init-strategy.js
- /Users/abhi/.hvigor/project_caches/0947245c615fa1be5fb4a847626f95c7/workspace/node_modules/.pnpm/@ohos+hvigor-ohos-plugin@6.24.2/node_modules/@ohos/hvigor-ohos-plugin/src/plugin/builder/abstract-plugin-builder.js
- /Users/abhi/.hvigor/project_caches/0947245c615fa1be5fb4a847626f95c7/workspace/node_modules/.pnpm/@ohos+hvigor-ohos-plugin@6.24.2/node_modules/@ohos/hvigor-ohos-plugin/src/plugin/builder/app-plugin-builder.js
- /Users/abhi/.hvigor/project_caches/0947245c615fa1be5fb4a847626f95c7/workspace/node_modules/.pnpm/@ohos+hvigor-ohos-plugin@6.24.2/node_modules/@ohos/hvigor-ohos-plugin/src/plugin/factory/plugin-factory.js
- /Users/abhi/.hvigor/project_caches/0947245c615fa1be5fb4a847626f95c7/workspace/node_modules/.pnpm/@ohos+hvigor-ohos-plugin@6.24.2/node_modules/@ohos/hvigor-ohos-plugin/index.js
- /Users/abhi/Desktop/HarmonyOS Ports/OpenTwit-Web/hvigorfile.ts
- /Users/abhi/Developer/command-line-tools/hvigor/hvigor/src/base/internal/lifecycle/configuration.js
- /Users/abhi/Developer/command-line-tools/hvigor/hvigor/src/base/boot/index.js
- /Users/abhi/Developer/command-line-tools/hvigor/hvigor/src/cli/main/cli.js
- /Users/abhi/Developer/command-line-tools/hvigor/hvigor/bin/hvigor.js
[2026-09-18T20:44:05.158] [DEBUG] debug-file - Start initialize module-target build option map, moduleName=entry, buildMode=debug
[2026-09-18T20:44:05.161] [DEBUG] debug-file - start to load updatedOhPackageInfo to the disk
[2026-09-18T20:44:05.161] [DEBUG] debug-file - project has submodules:entry
[2026-09-18T20:44:05.163] [DEBUG] debug-file - Start to initialize dependency information.
[2026-09-18T20:44:05.166] [DEBUG] debug-file - Since there is no instance or instance is terminated, create a new worker pool.
[2026-09-18T20:44:05.166] [DEBUG] debug-file - Create  resident worker with id: 0.
[2026-09-18T20:44:05.169] [DEBUG] debug-file - Executing task :entry:default@PreBuild
[2026-09-18T20:44:05.175] [DEBUG] debug-file - Executing task :entry:default@GenerateMetadata
[2026-09-18T20:44:05.178] [DEBUG] debug-file - Executing task :entry:default@CreateBuildProfile
[2026-09-18T20:44:05.179] [DEBUG] debug-file - Executing task :entry:default@PreCheckSyscap
[2026-09-18T20:44:05.179] [DEBUG] debug-file - Executing task :entry:default@GeneratePkgContextInfo
[2026-09-18T20:44:05.184] [DEBUG] debug-file - Executing task :entry:default@ProcessIntegratedHsp
[2026-09-18T20:44:05.185] [DEBUG] debug-file - Executing task :entry:default@BuildNativeWithCmake
[2026-09-18T20:44:05.185] [DEBUG] debug-file - Executing task :entry:default@MakePackInfo
[2026-09-18T20:44:05.186] [DEBUG] debug-file - Executing task :entry:default@SyscapTransform
[2026-09-18T20:44:05.200] [DEBUG] debug-file - Executing task :entry:default@ProcessProfile
[2026-09-18T20:44:05.201] [DEBUG] debug-file - Executing task :entry:default@ProcessRouterMap
[2026-09-18T20:44:05.201] [DEBUG] debug-file - Executing task :entry:default@ProcessShareConfig
[2026-09-18T20:44:05.202] [DEBUG] debug-file - Executing task :entry:default@ProcessStartupConfig
[2026-09-18T20:44:05.204] [DEBUG] debug-file - Executing task :entry:default@ProcessResource
[2026-09-18T20:44:05.205] [DEBUG] debug-file - Executing task :entry:default@GenerateLoaderJson
[2026-09-18T20:44:05.203] [DEBUG] debug-file - Executing task :entry:default@BuildNativeWithNinja
[2026-09-18T20:44:05.207] [DEBUG] debug-file - Executing task :entry:default@ProcessLibs
[2026-09-18T20:44:05.208] [DEBUG] debug-file - Executing task :entry:default@CompileResource
[2026-09-18T20:44:05.211] [DEBUG] debug-file - Executing task :entry:default@DoNativeStrip
[2026-09-18T20:44:05.212] [DEBUG] debug-file - Executing task :entry:default@CompileArkTS
[2026-09-18T20:44:05.219] [DEBUG] debug-file - Executing task :entry:default@BuildJS
[2026-09-18T20:44:05.220] [DEBUG] debug-file - Executing task :entry:default@CacheNativeLibs
[2026-09-18T20:44:05.050] [DEBUG] debug-file - Starting plugin build process
[2026-09-18T20:44:04.304] [DEBUG] debug-file - env: hvigor-config.json5 content = {
  modelVersion: '5.0.0',
  hvigorVersion: '6.24.2',
  dependencies: { '@ohos/hvigor-ohos-plugin': '6.24.2' }
}
[2026-09-18T20:44:04.427] [DEBUG] debug-file - Cache service initialization finished in 2 ms 
[2026-09-18T20:44:05.050] [DEBUG] debug-file - hvigorfile, binding system plugins [Function: appTasks]
[2026-09-18T20:44:05.126] [DEBUG] debug-file - App plugin register hook end...
[2026-09-18T20:44:05.126] [DEBUG] debug-file - Picking option from product 'default' with build mode 'debug'.
[2026-09-18T20:44:05.128] [DEBUG] debug-file - /Users/abhi/Desktop/HarmonyOS Ports/OpenTwit-Web/build/cache/default/remote_hsp/remoteHspCache.json not exists.
[2026-09-18T20:44:05.146] [DEBUG] debug-file - Sdk init in 18 ms 
[2026-09-18T20:44:05.150] [DEBUG] debug-file - hvigorfile, begin to bind custom plugins...
[2026-09-18T20:44:05.158] [DEBUG] debug-file - Target 'default' config initialized
[2026-09-18T20:44:05.162] [DEBUG] debug-file - load to the disk finished
[2026-09-18T20:44:05.164] [DEBUG] debug-file - Module entry Collected Dependency: 
[2026-09-18T20:44:05.166] [DEBUG] debug-file - Worker pool is initialized with config:  {
  minPoolNum: 2,
  maxPoolNum: undefined,
  maxCoreSize: undefined,
  cacheCapacity: undefined,
  cacheTtl: undefined
}
[2026-09-18T20:44:05.167] [DEBUG] debug-file - Create  resident worker with id: 1.
[2026-09-18T20:44:05.176] [DEBUG] debug-file - Task 'entry:default@GenerateMetadata' cost while wrapping incremental declarations: 1 ms 
[2026-09-18T20:44:05.178] [DEBUG] debug-file - Task 'entry:default@CreateBuildProfile' cost while wrapping incremental declarations: 1 ms 
[2026-09-18T20:44:05.170] [WARN] debug-file - The project has not explicitly set the 'targetSdkVersion' version at build-profile.json5. It is recommended to configure it. Reference: https://developer.huawei.com/consumer/en/doc/harmonyos-guides/ide-hvigor-build-profile-app#section45865492619
[2026-09-18T20:44:05.182] [DEBUG] debug-file - Task 'entry:default@GeneratePkgContextInfo' cost while wrapping incremental declarations: 1 ms 
[2026-09-18T20:44:05.185] [DEBUG] debug-file - entry:default@ProcessIntegratedHsp is not up-to-date, since the output file '/Users/abhi/Desktop/HarmonyOS Ports/OpenTwit-Web/build/cache/default/integrated_hsp/integratedHspCache.json' does not exist.
[2026-09-18T20:44:05.185] [DEBUG] debug-file - entry : default@BuildNativeWithCmake cost memory 0.01372528076171875
[2026-09-18T20:44:05.186] [DEBUG] debug-file - File: '/Users/abhi/Desktop/HarmonyOS Ports/OpenTwit-Web/entry/src/main/syscap.json' from 'sysCapJsonPath' is not exists, just ignore.
[2026-09-18T20:44:05.200] [DEBUG] debug-file - Task 'entry:default@ProcessProfile' cost while wrapping incremental declarations: 1 ms 
[2026-09-18T20:44:05.201] [DEBUG] debug-file - Incremental task entry:default@ProcessRouterMap pre-execution cost: 1 ms .
[2026-09-18T20:44:05.202] [DEBUG] debug-file - Task 'entry:default@ProcessStartupConfig' cost while wrapping incremental declarations: 1 ms 
[2026-09-18T20:44:05.204] [DEBUG] debug-file - Task 'entry:default@ProcessResource' cost while wrapping incremental declarations: 1 ms 
[2026-09-18T20:44:05.205] [DEBUG] debug-file - Task 'entry:default@GenerateLoaderJson' cost while wrapping incremental declarations: 1 ms 
[2026-09-18T20:44:05.203] [DEBUG] debug-file - entry : default@BuildNativeWithNinja cost memory 0.01860809326171875
[2026-09-18T20:44:05.186] [DEBUG] debug-file - Incremental task entry:default@MakePackInfo pre-execution cost: 1 ms .
[2026-09-18T20:44:05.210] [DEBUG] debug-file - Incremental task entry:default@CompileResource pre-execution cost: 2 ms .
[2026-09-18T20:44:05.211] [DEBUG] debug-file - File: '/Users/abhi/Desktop/HarmonyOS Ports/OpenTwit-Web/entry/build/default/intermediates/binxo/default' from 'doBinxoNativeLibs' is not exists, just ignore.
[2026-09-18T20:44:05.212] [DEBUG] debug-file - obfuscationOptions: undefined
[2026-09-18T20:44:05.220] [DEBUG] debug-file - Task 'entry:default@BuildJS' cost while wrapping incremental declarations: 1 ms 
[2026-09-18T20:44:05.179] [DEBUG] debug-file - entry : default@PreCheckSyscap cost memory 0.0155487060546875
[2026-09-18T20:44:05.050] [DEBUG] debug-file - App plugin prepare start...
[2026-09-18T20:44:04.305] [DEBUG] debug-file - env: daemon=false
[2026-09-18T20:44:05.208] [DEBUG] debug-file - Incremental task entry:default@ProcessLibs pre-execution cost: 1 ms .
[2026-09-18T20:44:05.220] [DEBUG] debug-file - File: '/Users/abhi/Desktop/HarmonyOS Ports/OpenTwit-Web/entry/build/default/intermediates/binxo/default' from 'cacheBinxoNativeLibs' is not exists, just ignore.
[2026-09-18T20:44:05.202] [DEBUG] debug-file - Incremental task entry:default@ProcessShareConfig pre-execution cost: 1 ms .
[2026-09-18T20:44:04.428] [DEBUG] debug-file - hvigorfile, resolving /Users/abhi/Desktop/HarmonyOS Ports/OpenTwit-Web/hvigorfile.ts
[2026-09-18T20:44:05.126] [DEBUG] debug-file - Plugin build process completed
[2026-09-18T20:44:05.126] [DEBUG] debug-file - Product 'default' build option initialized
[2026-09-18T20:44:05.150] [DEBUG] debug-file - hvigorfile, no custom plugins were found in /Users/abhi/Desktop/HarmonyOS Ports/OpenTwit-Web/hvigorfile.ts
[2026-09-18T20:44:05.158] [DEBUG] debug-file - Module 'entry' target 'default' build option initialized
[2026-09-18T20:44:05.162] [DEBUG] debug-file - Start to initialize dependency information.
[2026-09-18T20:44:05.176] [DEBUG] debug-file - Incremental task entry:default@GenerateMetadata pre-execution cost: 1 ms .
[2026-09-18T20:44:05.178] [DEBUG] debug-file - Incremental task entry:default@CreateBuildProfile pre-execution cost: 1 ms .
[2026-09-18T20:44:05.171] [DEBUG] debug-file - Task 'entry:default@PreBuild' cost while wrapping incremental declarations: 1 ms 
[2026-09-18T20:44:05.182] [DEBUG] debug-file - entry : default@GeneratePkgContextInfo cost memory 0.463134765625
[2026-09-18T20:44:05.185] [DEBUG] debug-file - Incremental task entry:default@ProcessIntegratedHsp pre-execution cost: 1 ms .
[2026-09-18T20:44:05.185] [DEBUG] debug-file - runTaskFromQueue task cost before running: 762 ms 
[2026-09-18T20:44:05.200] [DEBUG] debug-file - Incremental task entry:default@ProcessProfile pre-execution cost: 1 ms .
[2026-09-18T20:44:05.201] [DEBUG] debug-file - entry : default@ProcessRouterMap cost memory 0.10750579833984375
[2026-09-18T20:44:05.202] [DEBUG] debug-file - entry:default@ProcessStartupConfig is not up-to-date, since the output file '/Users/abhi/Desktop/HarmonyOS Ports/OpenTwit-Web/entry/build/default/intermediates/startup/default/startup_config.json' does not exist.
[2026-09-18T20:44:05.204] [DEBUG] debug-file - Incremental task entry:default@ProcessResource pre-execution cost: 1 ms .
[2026-09-18T20:44:05.207] [DEBUG] debug-file - Incremental task entry:default@GenerateLoaderJson pre-execution cost: 1 ms .
[2026-09-18T20:44:05.203] [DEBUG] debug-file - runTaskFromQueue task cost before running: 780 ms 
[2026-09-18T20:44:05.186] [DEBUG] debug-file - entry : default@MakePackInfo cost memory 0.0914154052734375
[2026-09-18T20:44:05.210] [DEBUG] debug-file - entry : default@CompileResource cost memory 0.33318328857421875
[2026-09-18T20:44:05.211] [DEBUG] debug-file - Task 'entry:default@DoNativeStrip' cost while wrapping incremental declarations: 1 ms 
[2026-09-18T20:44:05.213] [DEBUG] debug-file - Task 'entry:default@CompileArkTS' cost while wrapping incremental declarations: 1 ms 
[2026-09-18T20:44:05.220] [DEBUG] debug-file - entry : default@BuildJS cost memory 0.112213134765625
[2026-09-18T20:44:05.179] [DEBUG] debug-file - runTaskFromQueue task cost before running: 756 ms 
[2026-09-18T20:44:05.164] [DEBUG] debug-file - Module entry's total dependency: 0
[2026-09-18T20:44:05.187] [DEBUG] debug-file - Task 'entry:default@SyscapTransform' cost while wrapping incremental declarations: 1 ms 
[2026-09-18T20:44:05.050] [DEBUG] debug-file - App plugin prepare end...
[2026-09-18T20:44:04.305] [DEBUG] debug-file - no-daemon, use the parent process.execArgv --max-old-space-size=8192,--max-semi-space-size=16,--expose-gc
[2026-09-18T20:44:05.208] [DEBUG] debug-file - entry : default@ProcessLibs cost memory 0.080047607421875
[2026-09-18T20:44:05.220] [DEBUG] debug-file - Task 'entry:default@CacheNativeLibs' cost while wrapping incremental declarations: 1 ms 
[2026-09-18T20:44:05.202] [DEBUG] debug-file - entry : default@ProcessShareConfig cost memory 0.08890533447265625
[2026-09-18T20:44:05.126] [DEBUG] debug-file - End initialize project's product build option map with build mode 'debug'.
[2026-09-18T20:44:05.150] [DEBUG] debug-file - hvigorfile, resolve finished /Users/abhi/Desktop/HarmonyOS Ports/OpenTwit-Web/hvigorfile.ts
[2026-09-18T20:44:05.158] [DEBUG] debug-file - End initialize module-target build option map, moduleName=entry
[2026-09-18T20:44:05.163] [DEBUG] debug-file - Module OpenTwit-Web Collected Dependency: 
[2026-09-18T20:44:05.176] [DEBUG] debug-file - entry : default@GenerateMetadata cost memory 0.2778167724609375
[2026-09-18T20:44:05.173] [DEBUG] debug-file - Incremental task entry:default@PreBuild pre-execution cost: 2 ms .
[2026-09-18T20:44:05.185] [DEBUG] debug-file - entry : default@ProcessIntegratedHsp cost memory 0.04703521728515625
[2026-09-18T20:44:05.185] [INFO] debug-file - Finished :entry:default@BuildNativeWithCmake... after 1 ms 
[2026-09-18T20:44:05.200] [DEBUG] debug-file - entry : default@ProcessProfile cost memory 0.11011505126953125
[2026-09-18T20:44:05.201] [INFO] debug-file - UP-TO-DATE :entry:default@ProcessRouterMap...  
[2026-09-18T20:44:05.202] [DEBUG] debug-file - Incremental task entry:default@ProcessStartupConfig pre-execution cost: 1 ms .
[2026-09-18T20:44:05.204] [DEBUG] debug-file - entry : default@ProcessResource cost memory 0.119293212890625
[2026-09-18T20:44:05.207] [DEBUG] debug-file - entry : default@GenerateLoaderJson cost memory 0.268890380859375
[2026-09-18T20:44:05.203] [INFO] debug-file - Finished :entry:default@BuildNativeWithNinja... after 1 ms 
[2026-09-18T20:44:05.186] [INFO] debug-file - UP-TO-DATE :entry:default@MakePackInfo...  
[2026-09-18T20:44:05.183] [DEBUG] debug-file - runTaskFromQueue task cost before running: 760 ms 
[2026-09-18T20:44:05.211] [DEBUG] debug-file - Incremental task entry:default@DoNativeStrip pre-execution cost: 1 ms .
[2026-09-18T20:44:05.214] [DEBUG] debug-file - entry:default@CompileArkTS is not up-to-date, since the input file '/Users/abhi/Desktop/HarmonyOS Ports/OpenTwit-Web/entry/src/main/ets' has been changed.
[2026-09-18T20:44:05.220] [DEBUG] debug-file - runTaskFromQueue task cost before running: 797 ms 
[2026-09-18T20:44:05.179] [INFO] debug-file - Finished :entry:default@PreCheckSyscap... after 1 ms 
[2026-09-18T20:44:05.165] [DEBUG] debug-file - Configuration phase cost:738 ms 
[2026-09-18T20:44:05.198] [DEBUG] debug-file - Incremental task entry:default@SyscapTransform pre-execution cost: 12 ms .
[2026-09-18T20:44:05.050] [DEBUG] debug-file - App plugin creating...
[2026-09-18T20:44:05.208] [INFO] debug-file - UP-TO-DATE :entry:default@ProcessLibs...  
[2026-09-18T20:44:05.178] [DEBUG] debug-file - entry : default@CreateBuildProfile cost memory 0.088531494140625
[2026-09-18T20:44:05.202] [INFO] debug-file - UP-TO-DATE :entry:default@ProcessShareConfig...  
[2026-09-18T20:44:05.221] [DEBUG] debug-file - Incremental task entry:default@CacheNativeLibs pre-execution cost: 1 ms .
[2026-09-18T20:44:05.150] [DEBUG] debug-file - hvigorfile, resolving /Users/abhi/Desktop/HarmonyOS Ports/OpenTwit-Web/entry/hvigorfile.ts
[2026-09-18T20:44:05.158] [DEBUG] debug-file - Start initialize module-target build option map, moduleName=entry, buildMode=release
[2026-09-18T20:44:05.163] [DEBUG] debug-file - Module OpenTwit-Web's total dependency: 0
[2026-09-18T20:44:05.176] [INFO] debug-file - UP-TO-DATE :entry:default@GenerateMetadata...  
[2026-09-18T20:44:05.173] [DEBUG] debug-file - entry : default@PreBuild cost memory 0.6076583862304688
[2026-09-18T20:44:05.185] [DEBUG] debug-file - runTaskFromQueue task cost before running: 762 ms 
[2026-09-18T20:44:05.200] [INFO] debug-file - UP-TO-DATE :entry:default@ProcessProfile...  
[2026-09-18T20:44:05.202] [DEBUG] debug-file - entry : default@ProcessStartupConfig cost memory 0.07424163818359375
[2026-09-18T20:44:05.205] [INFO] debug-file - UP-TO-DATE :entry:default@ProcessResource...  
[2026-09-18T20:44:05.207] [INFO] debug-file - UP-TO-DATE :entry:default@GenerateLoaderJson...  
[2026-09-18T20:44:05.203] [DEBUG] debug-file - restool module names: entry; moduleName=entry, taskName=default@ProcessResource
[2026-09-18T20:44:05.183] [INFO] debug-file - Finished :entry:default@GeneratePkgContextInfo... after 4 ms 
[2026-09-18T20:44:05.211] [DEBUG] debug-file - entry : default@DoNativeStrip cost memory 0.06790924072265625
[2026-09-18T20:44:05.214] [DEBUG] debug-file - Incremental task entry:default@CompileArkTS pre-execution cost: 1 ms .
[2026-09-18T20:44:05.220] [INFO] debug-file - Finished :entry:default@BuildJS... after 1 ms 
[2026-09-18T20:44:05.165] [DEBUG] debug-file - Configuration task cost before running: 743 ms 
[2026-09-18T20:44:05.199] [DEBUG] debug-file - entry : default@SyscapTransform cost memory 0.107666015625
[2026-09-18T20:44:05.208] [DEBUG] debug-file - restool module names: entry; moduleName=entry, taskName=default@CompileResource
[2026-09-18T20:44:05.178] [INFO] debug-file - UP-TO-DATE :entry:default@CreateBuildProfile...  
[2026-09-18T20:44:05.221] [DEBUG] debug-file - entry : default@CacheNativeLibs cost memory 0.083831787109375
[2026-09-18T20:44:05.153] [DEBUG] debug-file - hvigorfile, require result:  { default: { system: [Function: hapTasks], plugins: [] } }
[2026-09-18T20:44:05.158] [DEBUG] debug-file - Target 'default' config initialized
[2026-09-18T20:44:05.176] [DEBUG] debug-file - Executing task :entry:default@ConfigureCmake
[2026-09-18T20:44:05.174] [INFO] debug-file - UP-TO-DATE :entry:default@PreBuild...  
[2026-09-18T20:44:05.185] [INFO] debug-file - Finished :entry:default@ProcessIntegratedHsp... after 1 ms 
[2026-09-18T20:44:05.210] [INFO] debug-file - UP-TO-DATE :entry:default@CompileResource...  
[2026-09-18T20:44:05.202] [DEBUG] debug-file - runTaskFromQueue task cost before running: 780 ms 
[2026-09-18T20:44:05.183] [DEBUG] debug-file - Executing task :entry:default@GeneratePkgSdkInfo
[2026-09-18T20:44:05.211] [INFO] debug-file - UP-TO-DATE :entry:default@DoNativeStrip...  
[2026-09-18T20:44:05.217] [DEBUG] debug-file - build config:
[2026-09-18T20:44:05.199] [INFO] debug-file - UP-TO-DATE :entry:default@SyscapTransform...  
[2026-09-18T20:44:05.221] [INFO] debug-file - UP-TO-DATE :entry:default@CacheNativeLibs...  
[2026-09-18T20:44:05.153] [DEBUG] debug-file - hvigorfile, binding system plugins [Function: hapTasks]
[2026-09-18T20:44:05.158] [DEBUG] debug-file - Module 'entry' target 'default' build option initialized
[2026-09-18T20:44:05.176] [DEBUG] debug-file - entry : default@ConfigureCmake cost memory 0.0120849609375
[2026-09-18T20:44:05.174] [DEBUG] debug-file - Executing task :entry:default@CreateModuleInfo
[2026-09-18T20:44:05.202] [INFO] debug-file - Finished :entry:default@ProcessStartupConfig... after 1 ms 
[2026-09-18T20:44:05.183] [DEBUG] debug-file - Task 'entry:default@GeneratePkgSdkInfo' cost while wrapping incremental declarations: 1 ms 
[2026-09-18T20:44:05.217] [DEBUG] debug-file - {
  moduleType: 'entry',
  perf: 0,
  targetName: '.default',
  packageManagerType: 'ohpm',
  localPropertiesPath: '/Users/abhi/Desktop/HarmonyOS Ports/OpenTwit-Web/local.properties',
  isPreview: false,
  isOhosTest: false,
  isLocalTest: false,
  buildMode: 'Debug',
  hotReloadBuild: undefined,
  watchMode: 'false',
  aceProfilePath: '/Users/abhi/Desktop/HarmonyOS Ports/OpenTwit-Web/entry/build/default/intermediates/res/default/resources/base/profile',
  etsLoaderPath: '/Users/abhi/Developer/command-line-tools/sdk/default/openharmony/ets/build-tools/ets-loader',
  modulePath: '/Users/abhi/Desktop/HarmonyOS Ports/OpenTwit-Web/entry',
  testFrameworkPar: {
    testMode: undefined,
    coveragePathFilter: undefined,
    coverageMode: undefined
  },
  needCoverageInsert: false,
  debugLine: false,
  projectTopDir: '/Users/abhi/Desktop/HarmonyOS Ports/OpenTwit-Web',
  compileSdkVersion: 24,
  compatibleSdkVersion: 24,
  originCompatibleSdkVersion: 24,
  compatibleSdkVersionStage: undefined,
  bundleName: 'c***t',
  etsLoaderVersion: '6.1.1.125',
  etsLoaderReleaseType: 'Release',
  aotCompileMode: 'type',
  apPath: '/Users/abhi/Desktop/HarmonyOS Ports/OpenTwit-Web/entry/modules.ap',
  entryModuleName: 'entry',
  entryModuleVersion: '1.0.0',
  entryPackageName: 'entry',
  allModuleNameHash: 'a660c64699cc15ae89ec0a8db121631e43f9cac40a33c65ab3bb5b24a32a70f0',
  externalApiPaths: [],
  compilerTypes: [],
  isCrossplatform: false,
  hvigorPluginFile: undefined,
  compilePluginPath: undefined,
  buildGeneratedProfilePath: '/Users/abhi/Desktop/HarmonyOS Ports/OpenTwit-Web/entry/build/default/generated/profile/default',
  bundleType: 'app',
  arkTSVersion: undefined,
  apiVersion: 24,
  needCompleteSourcesMap: false,
  isFaMode: false,
  buildDir: '/Users/abhi/Desktop/HarmonyOS Ports/OpenTwit-Web/entry/build',
  deviceTypes: [ 'default', 'tablet' ],
  pkgContextInfo: undefined,
  ohPackagePathMap: {},
  dependencyAliasMap: {},
  permission: { requestPermissions: [ [Object] ], definePermissions: undefined },
  useGetCurrentBundleName: false,
  projectArkOption: undefined,
  sourceMapDir: undefined,
  branchElimination: false,
  transformLib: undefined,
  tsImportSendable: false,
  resolveConflictMode: true,
  depName2RootPath: {},
  depName2DepInfo: {},
  depName2OhExports: {},
  rootPathSet: [ '/Users/abhi/Desktop/HarmonyOS Ports/OpenTwit-Web' ],
  useNativeResolver: true,
  shouldEmitJs: true,
  useTscResolve: false,
  singleFileEmit: false,
  userProjectConfig: {
    autoLazyImport: false,
    allowEmptyBundleName: false,
    reExportCheckMode: 'noCheck',
    executionMode: 'memory',
    usePathPlaceholder: false,
    writeRollupCache: true,
    isExpandImportEnabled: false,
    expandImportExclude: '',
    lazyImportExclude: '',
    lazyImportInclude: '',
    ignoreCrossplatformCheck: false,
    isHarDeduplicateEnabled: false,
    skipOhModulesLint: false,
    enableStrictCheckOHModule: false,
    disableSendableCheckRules: [],
    useDeclarationFileSignature: false,
    customizedOptions: undefined,
    integratedHsp: false,
    isPreloadSoEnabled: false
  },
  executionMode: 'memory',
  arkCompileCachePath: '/Users/abhi/Desktop/HarmonyOS Ports/OpenTwit-Web/entry/build/default/cache/default/default@CompileArkTS/esmodule',
  autoLazyFilter: undefined,
  isHarDeduplicateEnabled: false,
  intermediateHarDuplicateDirPath: '/Users/abhi/Desktop/HarmonyOS Ports/OpenTwit-Web/entry/build/default/intermediates/har_duplicate/default',
  autoLazyImport: false,
  allowEmptyBundleName: false,
  reExportCheckMode: 'noCheck',
  usePathPlaceholder: false,
  writeRollupCache: true,
  isExpandImportEnabled: false,
  expandImportExclude: '',
  lazyImportExclude: '',
  lazyImportInclude: '',
  ignoreCrossplatformCheck: false,
  skipOhModulesLint: false,
  enableStrictCheckOHModule: false,
  disableSendableCheckRules: [],
  useDeclarationFileSignature: false,
  customizedOptions: undefined,
  integratedHsp: false,
  isPreloadSoEnabled: false,
  strictMode: undefined,
  useNormalizedOHMUrl: false,
  caseSensitiveCheck: false,
  strictCheckerOnly: false,
  aceModuleJsonPath: '/Users/abhi/Desktop/HarmonyOS Ports/OpenTwit-Web/entry/build/default/intermediates/res/default/ark_module.json',
  appResource: '/Users/abhi/Desktop/HarmonyOS Ports/OpenTwit-Web/entry/build/default/intermediates/res/default/ResourceTable.txt',
  rawFileResource: '/Users/abhi/Desktop/HarmonyOS Ports/OpenTwit-Web/entry/build/default/intermediates/res/default/resources/rawfile',
  resourceTableHash: 'd7a9236f79d294e315bc3d1b504e5b678296b83b90f2a4955d74858ab482ce10',
  runtimeOS: 'OpenHarmony',
  sdkInfo: 'true:24:6.1.1.125:Release',
  aceModuleRoot: '/Users/abhi/Desktop/HarmonyOS Ports/OpenTwit-Web/entry/src/main/ets',
  compileMode: 'esmodule',
  aceSuperVisualPath: '/Users/abhi/Desktop/HarmonyOS Ports/OpenTwit-Web/entry/src/main/supervisual',
  aceBuildJson: '/Users/abhi/Desktop/HarmonyOS Ports/OpenTwit-Web/entry/build/default/intermediates/loader/default/loader.json',
  cachePath: '/Users/abhi/Desktop/HarmonyOS Ports/OpenTwit-Web/entry/build/default/cache/default/default@CompileArkTS/esmodule/debug',
  aceModuleBuild: '/Users/abhi/Desktop/HarmonyOS Ports/OpenTwit-Web/entry/build/default/intermediates/loader_out/default/ets',
  supportChunks: true,
  declaredFilesPath: undefined,
  shouldCollectDirectImportees: false,
  isByteCodeHarOptimize: false,
  expandImportPath: undefined,
  resourceTableTs: '/Users/abhi/Desktop/HarmonyOS Ports/OpenTwit-Web/entry/build/default/generated/r/default/ResourceTable.ts',
  moduleMetaInfoFiles: [
    {
      filePath: '/Users/abhi/Desktop/HarmonyOS Ports/OpenTwit-Web/entry/build/default/generated/r/default/ResourceTable.ts',
      ohmurl: 'com.example.opentwit/entry/build/generated/r/ResourceTable'
    }
  ],
  pkgNameToPkgBriefInfo: {
    entry: {
      pkgRoot: '/Users/abhi/Desktop/HarmonyOS Ports/OpenTwit-Web/entry',
      originalSourceRoots: undefined,
      sourceRoots: [Array],
      pkgName: 'entry'
    }
  },
  projectModel: {
    '/Users/abhi/Desktop/HarmonyOS Ports/OpenTwit-Web/entry/src/main': {
      moduleName: 'entry',
      modulePkgPath: '/Users/abhi/Desktop/HarmonyOS Ports/OpenTwit-Web/entry',
      belongProjectPath: '/Users/abhi/Desktop/HarmonyOS Ports/OpenTwit-Web'
    },
    '/Users/abhi/Desktop/HarmonyOS Ports/OpenTwit-Web/entry': {
      moduleName: 'entry',
      modulePkgPath: '/Users/abhi/Desktop/HarmonyOS Ports/OpenTwit-Web/entry',
      belongProjectPath: '/Users/abhi/Desktop/HarmonyOS Ports/OpenTwit-Web'
    },
    '/Users/abhi/Desktop/HarmonyOS Ports/OpenTwit-Web': {
      moduleName: 'OpenTwit-Web',
      modulePkgPath: '/Users/abhi/Desktop/HarmonyOS Ports/OpenTwit-Web',
      belongProjectPath: '/Users/abhi/Desktop/HarmonyOS Ports/OpenTwit-Web'
    }
  },
  pkgJsonFileHash: '609e42aafe57c1140ce946bba289e7e1f03709e595812d94d07acc55c62a42dd',
  allModulePaths: [ '/Users/abhi/Desktop/HarmonyOS Ports/OpenTwit-Web/entry' ],
  routerMap: {},
  obfuscationOptions: undefined,
  byteCodeHarToDependencyKeys: undefined,
  compileBlockPkg: [],
  mockParams: {
    decorator: '@MockSetup',
    packageName: '@ohos/hamock',
    etsSourceRootPath: 'src/main/ets',
    mockConfigPath: undefined,
    mockConfigKey2ModuleInfo: {},
    source2ModuleIdMap: {}
  },
  copyCodeResourceEnable: true,
  copyCodeResourceExcludes: [],
  copyCodeResourceIncludes: undefined,
  uiTransformOptimization: false,
  sdkPath: '/Users/abhi/.ohos/sdk-remap',
  needPreloadSoFileSet: {},
  preloadSoFilePath: '/Users/abhi/Desktop/HarmonyOS Ports/OpenTwit-Web/entry/build/default/intermediates/preload/default/preload.json',
  useSourceHash: false,
  localModuleParamMap: {},
  otherPaths: {
    'entry/*': [ '../*', '../../../build/default/generated/profile/default/*' ]
  },
  collectImportersConfig: undefined
}
[2026-09-18T20:44:05.153] [DEBUG] debug-file - Starting plugin build process
[2026-09-18T20:44:05.158] [DEBUG] debug-file - End initialize module-target build option map, moduleName=entry
[2026-09-18T20:44:05.176] [DEBUG] debug-file - runTaskFromQueue task cost before running: 754 ms 
[2026-09-18T20:44:05.174] [DEBUG] debug-file - Task 'entry:default@CreateModuleInfo' cost while wrapping incremental declarations: 1 ms 
[2026-09-18T20:44:05.184] [DEBUG] debug-file - Incremental task entry:default@GeneratePkgSdkInfo pre-execution cost: 1 ms .
[2026-09-18T20:44:05.218] [DEBUG] debug-file - default@CompileArkTS work[0] is submitted.
[2026-09-18T20:44:05.153] [DEBUG] debug-file - Hap plugin creating...
[2026-09-18T20:44:05.158] [DEBUG] debug-file - Start initialize module-target build option map, moduleName=entry, buildMode=debug
[2026-09-18T20:44:05.176] [INFO] debug-file - Finished :entry:default@ConfigureCmake... after 1 ms 
[2026-09-18T20:44:05.174] [DEBUG] debug-file - entry : default@CreateModuleInfo cost memory 0.03598785400390625
[2026-09-18T20:44:05.184] [DEBUG] debug-file - entry : default@GeneratePkgSdkInfo cost memory 0.10138702392578125
[2026-09-18T20:44:05.218] [DEBUG] debug-file - default@CompileArkTS work[0] is pushed to ready queue.
[2026-09-18T20:44:05.158] [DEBUG] debug-file - Target 'default' config initialized
[2026-09-18T20:44:05.177] [DEBUG] debug-file - Executing task :entry:default@MergeProfile
[2026-09-18T20:44:05.174] [DEBUG] debug-file - runTaskFromQueue task cost before running: 752 ms 
[2026-09-18T20:44:05.184] [INFO] debug-file - UP-TO-DATE :entry:default@GeneratePkgSdkInfo...  
[2026-09-18T20:44:05.218] [DEBUG] debug-file - A work dispatched to worker[9] failed because unable to get work from ready queue.
[2026-09-18T20:44:05.158] [DEBUG] debug-file - Module 'entry' target 'default' build option initialized
[2026-09-18T20:44:05.177] [DEBUG] debug-file - Task 'entry:default@MergeProfile' cost while wrapping incremental declarations: 1 ms 
[2026-09-18T20:44:05.175] [INFO] debug-file - Finished :entry:default@CreateModuleInfo... after 1 ms 
[2026-09-18T20:44:05.218] [DEBUG] debug-file - A work dispatched to worker[8] failed because unable to get work from ready queue.
[2026-09-18T20:44:05.158] [DEBUG] debug-file - End initialize module-target build option map, moduleName=entry
[2026-09-18T20:44:05.177] [DEBUG] debug-file - Incremental task entry:default@MergeProfile pre-execution cost: 1 ms .
[2026-09-18T20:44:05.218] [DEBUG] debug-file - A work dispatched to worker[7] failed because unable to get work from ready queue.
[2026-09-18T20:44:05.158] [DEBUG] debug-file - Obtain build option for module 'entry' target 'default'in this build.
[2026-09-18T20:44:05.177] [DEBUG] debug-file - entry : default@MergeProfile cost memory 0.10717010498046875
[2026-09-18T20:44:05.218] [DEBUG] debug-file - A work dispatched to worker[6] failed because unable to get work from ready queue.
[2026-09-18T20:44:05.160] [DEBUG] debug-file - Module entry task initialization takes 2 ms 
[2026-09-18T20:44:05.177] [INFO] debug-file - UP-TO-DATE :entry:default@MergeProfile...  
[2026-09-18T20:44:05.218] [DEBUG] debug-file - A work dispatched to worker[5] failed because unable to get work from ready queue.
[2026-09-18T20:44:05.160] [DEBUG] debug-file - Hap plugin register hook start...
[2026-09-18T20:44:05.218] [DEBUG] debug-file - Create  resident worker with id: 4.
[2026-09-18T20:44:05.160] [DEBUG] debug-file - Hap plugin register hook end...
[2026-09-18T20:44:05.219] [DEBUG] debug-file - default@CompileArkTS work[0] has been dispatched to worker[4].
[2026-09-18T20:44:05.160] [DEBUG] debug-file - Plugin build process completed
[2026-09-18T20:44:05.219] [DEBUG] debug-file - default@CompileArkTS work[0] is dispatched.
[2026-09-18T20:44:05.160] [DEBUG] debug-file - hvigorfile, begin to bind custom plugins...
[2026-09-18T20:44:05.219] [DEBUG] debug-file - CopyResources startTime: 3430352488041
[2026-09-18T20:44:05.160] [DEBUG] debug-file - hvigorfile, no custom plugins were found in /Users/abhi/Desktop/HarmonyOS Ports/OpenTwit-Web/entry/hvigorfile.ts
[2026-09-18T20:44:05.219] [DEBUG] debug-file - default@CompileArkTS work[1] is submitted.
[2026-09-18T20:44:05.160] [DEBUG] debug-file - hvigorfile, resolve finished /Users/abhi/Desktop/HarmonyOS Ports/OpenTwit-Web/entry/hvigorfile.ts
[2026-09-18T20:44:05.219] [DEBUG] debug-file - default@CompileArkTS work[1] is pushed to ready queue.
[2026-09-18T20:44:05.219] [DEBUG] debug-file - A work dispatched to worker[9] failed because unable to get work from ready queue.
[2026-09-18T20:44:05.219] [DEBUG] debug-file - Create  resident worker with id: 8.
[2026-09-18T20:44:05.219] [DEBUG] debug-file - default@CompileArkTS work[1] has been dispatched to worker[8].
[2026-09-18T20:44:05.219] [DEBUG] debug-file - default@CompileArkTS work[1] is dispatched.
[2026-09-18T20:44:05.219] [DEBUG] debug-file - entry : default@CompileArkTS cost memory 1.9209823608398438
[2026-09-18T20:44:05.439] [DEBUG] debug-file - worker[8] has one work done.
[2026-09-18T20:44:05.439] [DEBUG] debug-file - CopyResources is end, endTime: 3430572944791
[2026-09-18T20:44:05.439] [DEBUG] debug-file - default@CompileArkTS work[1] done.
[2026-09-18T20:44:05.439] [DEBUG] debug-file - A work dispatched to worker[8] failed because unable to get work from ready queue.
[2026-09-18T20:44:07.575] [WARN] debug-file - [33mWARN: [33m[33mArkTS:WARN File: /Users/abhi/Desktop/HarmonyOS Ports/OpenTwit-Web/entry/src/main/ets/services/WebTimeline.ets:44:54
 Usage of 'ESObject' type is restricted (arkts-limited-esobj)
[39m[39m
[33mWARN: [33m[33mArkTS:WARN File: /Users/abhi/Desktop/HarmonyOS Ports/OpenTwit-Web/entry/src/main/ets/services/WebTimeline.ets:76:19
 Usage of 'ESObject' type is restricted (arkts-limited-esobj)
[39m[39m
[33mWARN: [33m[33mArkTS:WARN File: /Users/abhi/Desktop/HarmonyOS Ports/OpenTwit-Web/entry/src/main/ets/services/WebTimeline.ets:83:17
 Usage of 'ESObject' type is restricted (arkts-limited-esobj)
[39m[39m
[33mWARN: [33m[33mArkTS:WARN File: /Users/abhi/Desktop/HarmonyOS Ports/OpenTwit-Web/entry/src/main/ets/services/WebTimeline.ets:91:17
 Usage of 'ESObject' type is restricted (arkts-limited-esobj)
[39m[39m
[33mWARN: [33m[33mArkTS:WARN File: /Users/abhi/Desktop/HarmonyOS Ports/OpenTwit-Web/entry/src/main/ets/services/WebTimeline.ets:96:19
 Usage of 'ESObject' type is restricted (arkts-limited-esobj)
[39m[39m
[33mWARN: [33m[33mArkTS:WARN File: /Users/abhi/Desktop/HarmonyOS Ports/OpenTwit-Web/entry/src/main/ets/services/WebTimeline.ets:102:17
 Usage of 'ESObject' type is restricted (arkts-limited-esobj)
[39m[39m
[33mWARN: [33m[33mArkTS:WARN File: /Users/abhi/Desktop/HarmonyOS Ports/OpenTwit-Web/entry/src/main/ets/services/WebTimeline.ets:109:19
 Usage of 'ESObject' type is restricted (arkts-limited-esobj)
[39m[39m
[33mWARN: [33m[33mArkTS:WARN File: /Users/abhi/Desktop/HarmonyOS Ports/OpenTwit-Web/entry/src/main/ets/services/WebTimeline.ets:118:17
 Usage of 'ESObject' type is restricted (arkts-limited-esobj)
[39m[39m
[33mWARN: [33m[33mArkTS:WARN File: /Users/abhi/Desktop/HarmonyOS Ports/OpenTwit-Web/entry/src/main/ets/services/WebTimeline.ets:125:19
 Usage of 'ESObject' type is restricted (arkts-limited-esobj)
[39m[39m
[33mWARN: [33m[33mArkTS:WARN File: /Users/abhi/Desktop/HarmonyOS Ports/OpenTwit-Web/entry/src/main/ets/services/WebTimeline.ets:132:36
 Usage of 'ESObject' type is restricted (arkts-limited-esobj)
[39m[39m
[33mWARN: [33m[33mArkTS:WARN: For details about ArkTS syntax errors, see FAQs[39m[39m
[33mWARN: [33m[33mArkTS:WARN File: /Users/abhi/Desktop/HarmonyOS Ports/OpenTwit-Web/entry/src/main/ets/common/TokenStore.ets:9:18
 Function may throw exceptions. Special handling is required.
[39m[39m
[33mWARN: [33m[33mArkTS:WARN File: /Users/abhi/Desktop/HarmonyOS Ports/OpenTwit-Web/entry/src/main/ets/common/TokenStore.ets:14:11
 Function may throw exceptions. Special handling is required.
[39m[39m
[33mWARN: [33m[33mArkTS:WARN File: /Users/abhi/Desktop/HarmonyOS Ports/OpenTwit-Web/entry/src/main/ets/common/TokenStore.ets:15:11
 Function may throw exceptions. Special handling is required.
[39m[39m
[33mWARN: [33m[33mArkTS:WARN File: /Users/abhi/Desktop/HarmonyOS Ports/OpenTwit-Web/entry/src/main/ets/common/TokenStore.ets:20:18
 Function may throw exceptions. Special handling is required.
[39m[39m
[33mWARN: [33m[33mArkTS:WARN File: /Users/abhi/Desktop/HarmonyOS Ports/OpenTwit-Web/entry/src/main/ets/common/TokenStore.ets:25:11
 Function may throw exceptions. Special handling is required.
[39m[39m
[33mWARN: [33m[33mArkTS:WARN File: /Users/abhi/Desktop/HarmonyOS Ports/OpenTwit-Web/entry/src/main/ets/common/TokenStore.ets:26:11
 Function may throw exceptions. Special handling is required.
[39m[39m
[33mWARN: [33m[33mArkTS:WARN File: /Users/abhi/Desktop/HarmonyOS Ports/OpenTwit-Web/entry/src/main/ets/common/TokenStore.ets:31:18
 Function may throw exceptions. Special handling is required.
[39m[39m
[33mWARN: [33m[33mArkTS:WARN File: /Users/abhi/Desktop/HarmonyOS Ports/OpenTwit-Web/entry/src/main/ets/pages/Home.ets:19:58
 'getContext' has been deprecated.
[39m[39m
[33mWARN: [33m[33mArkTS:WARN File: /Users/abhi/Desktop/HarmonyOS Ports/OpenTwit-Web/entry/src/main/ets/pages/Explore.ets:16:57
 'getContext' has been deprecated.
[39m[39m
[33mWARN: [33m[33mArkTS:WARN File: /Users/abhi/Desktop/HarmonyOS Ports/OpenTwit-Web/entry/src/main/ets/pages/Notify.ets:14:57
 'getContext' has been deprecated.
[39m[39m
[33mWARN: [33m[33mArkTS:WARN File: /Users/abhi/Desktop/HarmonyOS Ports/OpenTwit-Web/entry/src/main/ets/pages/Messages.ets:13:57
 'getContext' has been deprecated.
[39m[39m
[33mWARN: [33m[33mArkTS:WARN File: /Users/abhi/Desktop/HarmonyOS Ports/OpenTwit-Web/entry/src/main/ets/pages/Profile.ets:11:49
 'getContext' has been deprecated.
[39m[39m
[33mWARN: [33m[33mArkTS:WARN File: /Users/abhi/Desktop/HarmonyOS Ports/OpenTwit-Web/entry/src/main/ets/pages/Profile.ets:66:22
 'pushUrl' has been deprecated.
[39m[39m
[33mWARN: [33m[33mArkTS:WARN File: /Users/abhi/Desktop/HarmonyOS Ports/OpenTwit-Web/entry/src/main/ets/pages/Login.ets:19:46
 'getContext' has been deprecated.
[39m[39m
[33mWARN: [33m[33mArkTS:WARN File: /Users/abhi/Desktop/HarmonyOS Ports/OpenTwit-Web/entry/src/main/ets/pages/Login.ets:23:18
 'pushUrl' has been deprecated.
[39m[39m

[2026-09-18T20:44:07.575] [DEBUG] debug-file - Ark compile task finished.finished time is 3432709178208
[2026-09-18T20:44:07.576] [DEBUG] debug-file - worker[4] has one work done.
[2026-09-18T20:44:07.576] [DEBUG] debug-file - default@CompileArkTS work[0] done.
[2026-09-18T20:44:07.578] [DEBUG] debug-file - Executing task :entry:default@PackageHap
[2026-09-18T20:44:07.580] [DEBUG] debug-file - default@PackageHap work[2] is submitted.
[2026-09-18T20:44:07.576] [DEBUG] debug-file - A work dispatched to worker[4] failed because unable to get work from ready queue.
[2026-09-18T20:44:07.579] [DEBUG] debug-file - entry:default@PackageHap is not up-to-date, since the input file '/Users/abhi/Desktop/HarmonyOS Ports/OpenTwit-Web/entry/build/default/intermediates/loader_out/default/ets' has been changed.
[2026-09-18T20:44:07.580] [DEBUG] debug-file - default@PackageHap work[2] is pushed to ready queue.
[2026-09-18T20:44:07.577] [INFO] debug-file - Finished :entry:default@CompileArkTS... after 1 s 833 ms 
[2026-09-18T20:44:07.579] [DEBUG] debug-file - Incremental task entry:default@PackageHap pre-execution cost: 1 ms .
[2026-09-18T20:44:07.580] [DEBUG] debug-file - A work dispatched to worker[9] failed because unable to get work from ready queue.
[2026-09-18T20:44:07.577] [DEBUG] debug-file - Executing task :entry:default@GeneratePkgModuleJson
[2026-09-18T20:44:07.580] [DEBUG] debug-file - Use tool [/Users/abhi/.ohos/sdk-remap/24/toolchains/lib/app_packing_tool.jar]
 [
  'java',
  '-Dfile.encoding=utf-8',
  '-jar',
  '/Users/abhi/.ohos/sdk-remap/24/toolchains/lib/app_packing_tool.jar',
  '--mode',
  'hap',
  '--force',
  'true',
  '--lib-path',
  '/Users/abhi/Desktop/HarmonyOS Ports/OpenTwit-Web/entry/build/default/intermediates/stripped_native_libs/default',
  '--json-path',
  '/Users/abhi/Desktop/HarmonyOS Ports/OpenTwit-Web/entry/build/default/intermediates/package/default/module.json',
  '--resources-path',
  '/Users/abhi/Desktop/HarmonyOS Ports/OpenTwit-Web/entry/build/default/intermediates/res/default/resources',
  '--index-path',
  '/Users/abhi/Desktop/HarmonyOS Ports/OpenTwit-Web/entry/build/default/intermediates/res/default/resources.index',
  '--pack-info-path',
  '/Users/abhi/Desktop/HarmonyOS Ports/OpenTwit-Web/entry/build/default/outputs/default/pack.info',
  '--out-path',
  '/Users/abhi/Desktop/HarmonyOS Ports/OpenTwit-Web/entry/build/default/outputs/default/entry-default-unsigned.hap',
  '--rpcid-path',
  '/Users/abhi/Desktop/HarmonyOS Ports/OpenTwit-Web/entry/build/default/intermediates/syscap/default/rpcid.sc',
  '--ets-path',
  '/Users/abhi/Desktop/HarmonyOS Ports/OpenTwit-Web/entry/build/default/intermediates/loader_out/default/ets',
  '--pkg-sdk-info-path',
  '/Users/abhi/Desktop/HarmonyOS Ports/OpenTwit-Web/entry/build/default/intermediates/loader/default/pkgSdkInfo.json'
]
[2026-09-18T20:44:07.580] [DEBUG] debug-file - default@PackageHap work[2] has been dispatched to worker[8].
[2026-09-18T20:44:07.577] [DEBUG] debug-file - File: '/Users/abhi/Desktop/HarmonyOS Ports/OpenTwit-Web/entry/build/default/intermediates/preload/default/preload.json' from 'preloadSoJsonPath' is not exists, just ignore.
[2026-09-18T20:44:07.580] [DEBUG] debug-file - default@PackageHap work[2] is dispatched.
[2026-09-18T20:44:07.577] [DEBUG] debug-file - Error occurs while handling @Input 'shouldDeduplicateHar': The "data" argument must be of type string or an instance of Buffer, TypedArray, or DataView. Received undefined
[2026-09-18T20:44:07.580] [DEBUG] debug-file - entry : default@PackageHap cost memory 0.4290313720703125
[2026-09-18T20:44:07.577] [DEBUG] debug-file - Task 'entry:default@GeneratePkgModuleJson' cost while wrapping incremental declarations: 1 ms 
[2026-09-18T20:44:07.577] [DEBUG] debug-file - Incremental task entry:default@GeneratePkgModuleJson pre-execution cost: 1 ms .
[2026-09-18T20:44:07.577] [DEBUG] debug-file - entry : default@GeneratePkgModuleJson cost memory 0.0733489990234375
[2026-09-18T20:44:07.577] [INFO] debug-file - UP-TO-DATE :entry:default@GeneratePkgModuleJson...  
[2026-09-18T20:44:07.578] [DEBUG] debug-file - Executing task :entry:default@ProcessCompiledResources
[2026-09-18T20:44:07.578] [DEBUG] debug-file - File: '/Users/abhi/Desktop/HarmonyOS Ports/OpenTwit-Web/entry/build/default/intermediates/preload/default/preload.json' from 'preloadSoJsonPath' is not exists, just ignore.
[2026-09-18T20:44:07.578] [DEBUG] debug-file - Task 'entry:default@ProcessCompiledResources' cost while wrapping incremental declarations: 1 ms 
[2026-09-18T20:44:07.578] [DEBUG] debug-file - entry : default@ProcessCompiledResources cost memory 0.04552459716796875
[2026-09-18T20:44:07.578] [DEBUG] debug-file - runTaskFromQueue task cost before running: 3 s 155 ms 
[2026-09-18T20:44:07.578] [INFO] debug-file - Finished :entry:default@ProcessCompiledResources... after 1 ms 
[2026-09-18T20:44:07.619] [DEBUG] debug-file - current process  memoryUsage: {
  rss: 812744704,
  heapTotal: 81297408,
  heapUsed: 55670872,
  external: 2409006,
  arrayBuffers: 255552
} os memoryUsage :15.938507080078125
[2026-09-18T20:44:07.844] [DEBUG] debug-file - worker[8] has one work done.
[2026-09-18T20:44:07.844] [DEBUG] debug-file - default@PackageHap work[2] done.
[2026-09-18T20:44:07.845] [DEBUG] debug-file - Executing task :entry:default@PackingCheck
[2026-09-18T20:44:07.850] [ERROR] debug-file - Failed :entry:default@SignHap... 
[2026-09-18T20:44:07.848] [DEBUG] debug-file - Executing task :entry:default@SignHap
[2026-09-18T20:44:07.844] [DEBUG] debug-file - A work dispatched to worker[8] failed because unable to get work from ready queue.
[2026-09-18T20:44:07.847] [DEBUG] debug-file - entry : default@PackingCheck cost memory 0.7462539672851562
[2026-09-18T20:44:07.850] [DEBUG] debug-file - hvigor build process will be closed with an error.
[2026-09-18T20:44:07.844] [INFO] debug-file - Finished :entry:default@PackageHap... after 228 ms 
[2026-09-18T20:44:07.847] [DEBUG] debug-file - runTaskFromQueue task cost before running: 3 s 424 ms 
[2026-09-18T20:44:07.858] [ERROR] debug-file - [31m00303116 Configuration Error
Error Message: The length of the storePassword or keyPassword field in the signature configuration is less than 32. At file: /Users/abhi/Desktop/HarmonyOS Ports/OpenTwit-Web/build-profile.json5

* Try the following:
  > Re-execute sign your app/atomic service automatically：clear the signingConfigs field in the /Users/abhi/Desktop/HarmonyOS Ports/OpenTwit-Web/build-profile.json5 file and go to Project Structure > Project > Signing Configs and apply the signature material
  > Verify if signingConfigs is overridden in the project-level and module-level hvigorfile.ts. If so, use the error message to ensure the configuration is correct.
[39m

[31m* Try:
> Run with --stacktrace option to get the stack trace.
> Run with --debug option to get more log output.

[2026-09-18T20:44:07.847] [INFO] debug-file - Finished :entry:default@PackingCheck... after 3 ms 
[2026-09-18T20:44:07.858] [DEBUG] debug-file - ERROR: stacktrace = AdaptorError: [31m00303116 Configuration Error
Error Message: The length of the storePassword or keyPassword field in the signature configuration is less than 32. At file: /Users/abhi/Desktop/HarmonyOS Ports/OpenTwit-Web/build-profile.json5

* Try the following:
  > Re-execute sign your app/atomic service automatically：clear the signingConfigs field in the /Users/abhi/Desktop/HarmonyOS Ports/OpenTwit-Web/build-profile.json5 file and go to Project Structure > Project > Signing Configs and apply the signature material
  > Verify if signingConfigs is overridden in the project-level and module-level hvigorfile.ts. If so, use the error message to ensure the configuration is correct.
[39m
    at OhosLogger.printErrorExit (/Users/abhi/Developer/command-line-tools/hvigor/hvigor/src/base/log/hvigor-log.js:1:5087)
    at DecipherUtil.decryptPwd (/Users/abhi/.hvigor/project_caches/0947245c615fa1be5fb4a847626f95c7/workspace/node_modules/.pnpm/@ohos+hvigor-ohos-plugin@6.24.2/node_modules/@ohos/hvigor-ohos-plugin/src/utils/decipher-util.js:1:506)
    at HapSignCommandBuilder.getKeyStorePwd (/Users/abhi/.hvigor/project_caches/0947245c615fa1be5fb4a847626f95c7/workspace/node_modules/.pnpm/@ohos+hvigor-ohos-plugin@6.24.2/node_modules/@ohos/hvigor-ohos-plugin/src/tasks/sign/command-builder-impl/common-sign-command-builder.js:1:1341)
    at HapSignCommandBuilder.initCommandParams (/Users/abhi/.hvigor/project_caches/0947245c615fa1be5fb4a847626f95c7/workspace/node_modules/.pnpm/@ohos+hvigor-ohos-plugin@6.24.2/node_modules/@ohos/hvigor-ohos-plugin/src/tasks/sign/command-builder-impl/hap-sign-command-builder.js:1:771)
    at HapSignCommandBuilder.getSignCommand (/Users/abhi/.hvigor/project_caches/0947245c615fa1be5fb4a847626f95c7/workspace/node_modules/.pnpm/@ohos+hvigor-ohos-plugin@6.24.2/node_modules/@ohos/hvigor-ohos-plugin/src/tasks/sign/command-builder-impl/common-sign-command-builder.js:1:1053)
    at SignUtil.executeSign (/Users/abhi/.hvigor/project_caches/0947245c615fa1be5fb4a847626f95c7/workspace/node_modules/.pnpm/@ohos+hvigor-ohos-plugin@6.24.2/node_modules/@ohos/hvigor-ohos-plugin/src/tasks/sign/sign-util.js:1:4163)
    at SignUtil.sign (/Users/abhi/.hvigor/project_caches/0947245c615fa1be5fb4a847626f95c7/workspace/node_modules/.pnpm/@ohos+hvigor-ohos-plugin@6.24.2/node_modules/@ohos/hvigor-ohos-plugin/src/tasks/sign/sign-util.js:1:2319)
    at SignHap.doTaskAction (/Users/abhi/.hvigor/project_caches/0947245c615fa1be5fb4a847626f95c7/workspace/node_modules/.pnpm/@ohos+hvigor-ohos-plugin@6.24.2/node_modules/@ohos/hvigor-ohos-plugin/src/tasks/sign-hap.js:1:1763)
    at SignHap.<anonymous> (/Users/abhi/.hvigor/project_caches/0947245c615fa1be5fb4a847626f95c7/workspace/node_modules/.pnpm/@ohos+hvigor-ohos-plugin@6.24.2/node_modules/@ohos/hvigor-ohos-plugin/src/tasks/task/ohos-module-task.js:1:2137)
    at async SignHap.execute (/Users/abhi/Developer/command-line-tools/hvigor/hvigor/src/base/external/task/core-task-impl.js:1:2258)
[2026-09-18T20:44:07.858] [ERROR] debug-file - AdaptorError: [31m00303116 Configuration Error
Error Message: The length of the storePassword or keyPassword field in the signature configuration is less than 32. At file: /Users/abhi/Desktop/HarmonyOS Ports/OpenTwit-Web/build-profile.json5

* Try the following:
  > Re-execute sign your app/atomic service automatically：clear the signingConfigs field in the /Users/abhi/Desktop/HarmonyOS Ports/OpenTwit-Web/build-profile.json5 file and go to Project Structure > Project > Signing Configs and apply the signature material
  > Verify if signingConfigs is overridden in the project-level and module-level hvigorfile.ts. If so, use the error message to ensure the configuration is correct.
[39m
    at OhosLogger.printErrorExit (/Users/abhi/Developer/command-line-tools/hvigor/hvigor/src/base/log/hvigor-log.js:1:5087)
    at DecipherUtil.decryptPwd (/Users/abhi/.hvigor/project_caches/0947245c615fa1be5fb4a847626f95c7/workspace/node_modules/.pnpm/@ohos+hvigor-ohos-plugin@6.24.2/node_modules/@ohos/hvigor-ohos-plugin/src/utils/decipher-util.js:1:506)
    at HapSignCommandBuilder.getKeyStorePwd (/Users/abhi/.hvigor/project_caches/0947245c615fa1be5fb4a847626f95c7/workspace/node_modules/.pnpm/@ohos+hvigor-ohos-plugin@6.24.2/node_modules/@ohos/hvigor-ohos-plugin/src/tasks/sign/command-builder-impl/common-sign-command-builder.js:1:1341)
    at HapSignCommandBuilder.initCommandParams (/Users/abhi/.hvigor/project_caches/0947245c615fa1be5fb4a847626f95c7/workspace/node_modules/.pnpm/@ohos+hvigor-ohos-plugin@6.24.2/node_modules/@ohos/hvigor-ohos-plugin/src/tasks/sign/command-builder-impl/hap-sign-command-builder.js:1:771)
    at HapSignCommandBuilder.getSignCommand (/Users/abhi/.hvigor/project_caches/0947245c615fa1be5fb4a847626f95c7/workspace/node_modules/.pnpm/@ohos+hvigor-ohos-plugin@6.24.2/node_modules/@ohos/hvigor-ohos-plugin/src/tasks/sign/command-builder-impl/common-sign-command-builder.js:1:1053)
    at SignUtil.executeSign (/Users/abhi/.hvigor/project_caches/0947245c615fa1be5fb4a847626f95c7/workspace/node_modules/.pnpm/@ohos+hvigor-ohos-plugin@6.24.2/node_modules/@ohos/hvigor-ohos-plugin/src/tasks/sign/sign-util.js:1:4163)
    at SignUtil.sign (/Users/abhi/.hvigor/project_caches/0947245c615fa1be5fb4a847626f95c7/workspace/node_modules/.pnpm/@ohos+hvigor-ohos-plugin@6.24.2/node_modules/@ohos/hvigor-ohos-plugin/src/tasks/sign/sign-util.js:1:2319)
    at SignHap.doTaskAction (/Users/abhi/.hvigor/project_caches/0947245c615fa1be5fb4a847626f95c7/workspace/node_modules/.pnpm/@ohos+hvigor-ohos-plugin@6.24.2/node_modules/@ohos/hvigor-ohos-plugin/src/tasks/sign-hap.js:1:1763)
    at SignHap.<anonymous> (/Users/abhi/.hvigor/project_caches/0947245c615fa1be5fb4a847626f95c7/workspace/node_modules/.pnpm/@ohos+hvigor-ohos-plugin@6.24.2/node_modules/@ohos/hvigor-ohos-plugin/src/tasks/task/ohos-module-task.js:1:2137)
    at async SignHap.execute (/Users/abhi/Developer/command-line-tools/hvigor/hvigor/src/base/external/task/core-task-impl.js:1:2258)
[2026-09-18T20:44:07.859] [ERROR] debug-file - BUILD FAILED in 3 s 436 ms 
[2026-09-18T20:44:07.859] [DEBUG] debug-file - There is no need to refresh cache, since the incremental task entry:default@PreBuild is up-to-date.
[2026-09-18T20:44:07.859] [DEBUG] debug-file - Update task entry:default@CreateModuleInfo output file:/Users/abhi/Desktop/HarmonyOS Ports/OpenTwit-Web/entry/build/default/generated/profile/default/ModuleInfo.ts cache.
[2026-09-18T20:44:07.859] [DEBUG] debug-file - Incremental task entry:default@CreateModuleInfo post-execution cost:1 ms .
[2026-09-18T20:44:07.859] [DEBUG] debug-file - There is no need to refresh cache, since the incremental task entry:default@GenerateMetadata is up-to-date.
[2026-09-18T20:44:07.859] [DEBUG] debug-file - There is no need to refresh cache, since the incremental task entry:default@MergeProfile is up-to-date.
[2026-09-18T20:44:07.859] [DEBUG] debug-file - There is no need to refresh cache, since the incremental task entry:default@CreateBuildProfile is up-to-date.
[2026-09-18T20:44:07.859] [DEBUG] debug-file - Update task entry:default@GeneratePkgContextInfo output file:/Users/abhi/Desktop/HarmonyOS Ports/OpenTwit-Web/entry/build/default/intermediates/loader/default/pkgContextInfo.json cache.
[2026-09-18T20:44:07.859] [DEBUG] debug-file - Incremental task entry:default@GeneratePkgContextInfo post-execution cost:1 ms .
[2026-09-18T20:44:07.859] [DEBUG] debug-file - There is no need to refresh cache, since the incremental task entry:default@GeneratePkgSdkInfo is up-to-date.
[2026-09-18T20:44:07.859] [DEBUG] debug-file - Update task entry:default@ProcessIntegratedHsp output file:/Users/abhi/Desktop/HarmonyOS Ports/OpenTwit-Web/build/cache/default/integrated_hsp/integratedHspCache.json cache.
[2026-09-18T20:44:07.859] [DEBUG] debug-file - Incremental task entry:default@ProcessIntegratedHsp post-execution cost:1 ms .
[2026-09-18T20:44:07.859] [DEBUG] debug-file - There is no need to refresh cache, since the incremental task entry:default@MakePackInfo is up-to-date.
[2026-09-18T20:44:07.859] [DEBUG] debug-file - There is no need to refresh cache, since the incremental task entry:default@SyscapTransform is up-to-date.
[2026-09-18T20:44:07.859] [DEBUG] debug-file - There is no need to refresh cache, since the incremental task entry:default@ProcessProfile is up-to-date.
[2026-09-18T20:44:07.859] [DEBUG] debug-file - There is no need to refresh cache, since the incremental task entry:default@ProcessRouterMap is up-to-date.
[2026-09-18T20:44:07.859] [DEBUG] debug-file - There is no need to refresh cache, since the incremental task entry:default@ProcessShareConfig is up-to-date.
[2026-09-18T20:44:07.859] [DEBUG] debug-file - Update task entry:default@ProcessStartupConfig output file:/Users/abhi/Desktop/HarmonyOS Ports/OpenTwit-Web/entry/build/default/intermediates/startup/default/startup_config.json cache.
[2026-09-18T20:44:07.859] [DEBUG] debug-file - Incremental task entry:default@ProcessStartupConfig post-execution cost:1 ms .
[2026-09-18T20:44:07.859] [DEBUG] debug-file - There is no need to refresh cache, since the incremental task entry:default@ProcessResource is up-to-date.
[2026-09-18T20:44:07.859] [DEBUG] debug-file - There is no need to refresh cache, since the incremental task entry:default@GenerateLoaderJson is up-to-date.
[2026-09-18T20:44:07.859] [DEBUG] debug-file - There is no need to refresh cache, since the incremental task entry:default@ProcessLibs is up-to-date.
[2026-09-18T20:44:07.859] [DEBUG] debug-file - There is no need to refresh cache, since the incremental task entry:default@CompileResource is up-to-date.
[2026-09-18T20:44:07.859] [DEBUG] debug-file - There is no need to refresh cache, since the incremental task entry:default@DoNativeStrip is up-to-date.
[2026-09-18T20:44:07.859] [DEBUG] debug-file - Update task entry:default@CompileArkTS input file:/Users/abhi/Desktop/HarmonyOS Ports/OpenTwit-Web/entry/build/default/intermediates/loader/default cache by regenerate.
[2026-09-18T20:44:07.859] [DEBUG] debug-file - Update task entry:default@CompileArkTS input file:/Users/abhi/Desktop/HarmonyOS Ports/OpenTwit-Web/entry/build/default/intermediates/res/default/ResourceTable.txt cache by regenerate.
[2026-09-18T20:44:07.859] [DEBUG] debug-file - Update task entry:default@CompileArkTS input file:/Users/abhi/Desktop/HarmonyOS Ports/OpenTwit-Web/entry/build/default/intermediates/res/default/ark_module.json cache by regenerate.
[2026-09-18T20:44:07.859] [DEBUG] debug-file - Update task entry:default@CompileArkTS input file:/Users/abhi/Desktop/HarmonyOS Ports/OpenTwit-Web/entry/build/default/intermediates/res/default/resources/base/profile cache by regenerate.
[2026-09-18T20:44:07.860] [DEBUG] debug-file - Update task entry:default@CompileArkTS input file:/Users/abhi/Desktop/HarmonyOS Ports/OpenTwit-Web/entry/src/main/ets cache from map.
[2026-09-18T20:44:07.860] [DEBUG] debug-file - Update task entry:default@CompileArkTS input file:/Users/abhi/Desktop/HarmonyOS Ports/OpenTwit-Web/entry/build/default/generated/profile/default/BuildProfile.ets cache by regenerate.
[2026-09-18T20:44:07.860] [DEBUG] debug-file - Update task entry:default@CompileArkTS output file:/Users/abhi/Desktop/HarmonyOS Ports/OpenTwit-Web/entry/build/default/intermediates/loader_out/default/ets cache.
[2026-09-18T20:44:07.860] [DEBUG] debug-file - Incremental task entry:default@CompileArkTS post-execution cost:1 ms .
[2026-09-18T20:44:07.860] [DEBUG] debug-file - Update task entry:default@BuildJS input file:/Users/abhi/Desktop/HarmonyOS Ports/OpenTwit-Web/entry/build/default/intermediates/loader/default cache by regenerate.
[2026-09-18T20:44:07.860] [DEBUG] debug-file - Update task entry:default@BuildJS input file:/Users/abhi/Desktop/HarmonyOS Ports/OpenTwit-Web/entry/build/default/intermediates/res/default/ResourceTable.txt cache by regenerate.
[2026-09-18T20:44:07.860] [DEBUG] debug-file - Update task entry:default@BuildJS input file:/Users/abhi/Desktop/HarmonyOS Ports/OpenTwit-Web/entry/build/default/intermediates/res/default/ark_module.json cache by regenerate.
[2026-09-18T20:44:07.860] [DEBUG] debug-file - Update task entry:default@BuildJS input file:/Users/abhi/Desktop/HarmonyOS Ports/OpenTwit-Web/entry/build/default/intermediates/res/default/resources/base/profile cache by regenerate.
[2026-09-18T20:44:07.860] [DEBUG] debug-file - Update task entry:default@BuildJS output file:/Users/abhi/Desktop/HarmonyOS Ports/OpenTwit-Web/entry/build/default/intermediates/loader_out/default/js cache.
[2026-09-18T20:44:07.860] [DEBUG] debug-file - Incremental task entry:default@BuildJS post-execution cost:1 ms .
[2026-09-18T20:44:07.860] [DEBUG] debug-file - There is no need to refresh cache, since the incremental task entry:default@CacheNativeLibs is up-to-date.
[2026-09-18T20:44:07.860] [DEBUG] debug-file - There is no need to refresh cache, since the incremental task entry:default@GeneratePkgModuleJson is up-to-date.
[2026-09-18T20:44:07.860] [DEBUG] debug-file - Incremental task entry:default@ProcessCompiledResources post-execution cost:1 ms .
[2026-09-18T20:44:07.860] [DEBUG] debug-file - Update task entry:default@PackageHap input file:/Users/abhi/Desktop/HarmonyOS Ports/OpenTwit-Web/entry/build/default/intermediates/stripped_native_libs/default cache by regenerate.
[2026-09-18T20:44:07.860] [DEBUG] debug-file - Update task entry:default@PackageHap input file:/Users/abhi/Desktop/HarmonyOS Ports/OpenTwit-Web/entry/build/default/intermediates/res/default/module.json cache by regenerate.
[2026-09-18T20:44:07.860] [DEBUG] debug-file - Update task entry:default@PackageHap input file:/Users/abhi/Desktop/HarmonyOS Ports/OpenTwit-Web/entry/build/default/intermediates/res/default/resources cache by regenerate.
[2026-09-18T20:44:07.860] [DEBUG] debug-file - Update task entry:default@PackageHap input file:/Users/abhi/Desktop/HarmonyOS Ports/OpenTwit-Web/entry/build/default/intermediates/res/default/resources.index cache by regenerate.
[2026-09-18T20:44:07.860] [DEBUG] debug-file - Update task entry:default@PackageHap input file:/Users/abhi/Desktop/HarmonyOS Ports/OpenTwit-Web/entry/build/default/outputs/default/pack.info cache by regenerate.
[2026-09-18T20:44:07.860] [DEBUG] debug-file - Update task entry:default@PackageHap input file:/Users/abhi/Desktop/HarmonyOS Ports/OpenTwit-Web/entry/build/default/intermediates/syscap/default/rpcid.sc cache by regenerate.
[2026-09-18T20:44:07.860] [DEBUG] debug-file - Update task entry:default@PackageHap input file:/Users/abhi/Desktop/HarmonyOS Ports/OpenTwit-Web/entry/build/default/intermediates/loader_out/default/ets cache from map.
[2026-09-18T20:44:07.860] [DEBUG] debug-file - Update task entry:default@PackageHap input file:/Users/abhi/Desktop/HarmonyOS Ports/OpenTwit-Web/entry/build/default/intermediates/loader/default/pkgSdkInfo.json cache by regenerate.
[2026-09-18T20:44:07.860] [DEBUG] debug-file - Update task entry:default@PackageHap input file:/Users/abhi/Desktop/HarmonyOS Ports/OpenTwit-Web/entry/build/default/intermediates/loader_out/default/ets/sourceMaps.map cache by regenerate.
[2026-09-18T20:44:07.860] [DEBUG] debug-file - Update task entry:default@PackageHap input file:/Users/abhi/Desktop/HarmonyOS Ports/OpenTwit-Web/entry/build/default/generated/profile/default/BuildProfile.ets cache by regenerate.
[2026-09-18T20:44:07.860] [DEBUG] debug-file - Update task entry:default@PackageHap output file:/Users/abhi/Desktop/HarmonyOS Ports/OpenTwit-Web/entry/build/default/outputs/default/entry-default-unsigned.hap cache.
[2026-09-18T20:44:07.860] [DEBUG] debug-file - Update task entry:default@PackageHap output file:/Users/abhi/Desktop/HarmonyOS Ports/OpenTwit-Web/entry/build/default/intermediates/source_map/default/sourceMaps.map cache.
[2026-09-18T20:44:07.860] [DEBUG] debug-file - Update task entry:default@PackageHap output file:/Users/abhi/Desktop/HarmonyOS Ports/OpenTwit-Web/entry/build/default/outputs/default/mapping/sourceMaps.map cache.
[2026-09-18T20:44:07.860] [DEBUG] debug-file - Incremental task entry:default@PackageHap post-execution cost:1 ms .
[2026-09-18T20:44:07.860] [DEBUG] debug-file - Update task entry:default@SignHap input file:/Users/abhi/.ohos/config/debug.cer cache by regenerate.
[2026-09-18T20:44:07.860] [DEBUG] debug-file - Update task entry:default@SignHap input file:/Users/abhi/.ohos/config/debug.p7b cache by regenerate.
[2026-09-18T20:44:07.860] [DEBUG] debug-file - Update task entry:default@SignHap input file:/Users/abhi/.ohos/config/debug.p12 cache by regenerate.
[2026-09-18T20:44:07.860] [DEBUG] debug-file - Update task entry:default@SignHap input file:/Users/abhi/Desktop/HarmonyOS Ports/OpenTwit-Web/entry/build/default/outputs/default/entry-default-unsigned.hap cache by regenerate.
[2026-09-18T20:44:07.860] [DEBUG] debug-file - Update task entry:default@SignHap output file:/Users/abhi/Desktop/HarmonyOS Ports/OpenTwit-Web/entry/build/default/outputs/default/entry-default-signed.hap cache.
[2026-09-18T20:44:07.861] [DEBUG] debug-file - Incremental task entry:default@SignHap post-execution cost:1 ms .
[2026-09-18T20:44:07.865] [DEBUG] debug-file - Current worker pool is stopped or closed.
[2026-09-18T20:44:07.865] [DEBUG] debug-file - Clear worker 0.
[2026-09-18T20:44:07.865] [DEBUG] debug-file - Worker 0 has been cleared.
[2026-09-18T20:44:07.865] [DEBUG] debug-file - Current idle worker size: 3.
[2026-09-18T20:44:07.865] [DEBUG] debug-file - Current busy worker size: 0.
[2026-09-18T20:44:07.865] [DEBUG] debug-file - Clear worker 1.
[2026-09-18T20:44:07.865] [DEBUG] debug-file - Worker 1 has been cleared.
[2026-09-18T20:44:07.865] [DEBUG] debug-file - Current idle worker size: 2.
[2026-09-18T20:44:07.865] [DEBUG] debug-file - Current busy worker size: 0.
[2026-09-18T20:44:07.865] [DEBUG] debug-file - Clear worker 4.
[2026-09-18T20:44:07.865] [DEBUG] debug-file - Worker 4 has been cleared.
[2026-09-18T20:44:07.865] [DEBUG] debug-file - Current idle worker size: 1.
[2026-09-18T20:44:07.865] [DEBUG] debug-file - Current busy worker size: 0.
[2026-09-18T20:44:07.865] [DEBUG] debug-file - Clear worker 8.
[2026-09-18T20:44:07.865] [DEBUG] debug-file - Worker 8 has been cleared.
[2026-09-18T20:44:07.865] [DEBUG] debug-file - Current idle worker size: 0.
[2026-09-18T20:44:07.865] [DEBUG] debug-file - Current busy worker size: 0.
[2026-09-18T20:44:07.865] [DEBUG] debug-file - hvigor build process will be closed.
[2026-09-18T20:44:07.867] [DEBUG] debug-file - Current worker pool is terminated.
[2026-09-18T20:44:07.868] [DEBUG] debug-file - worker[0] exits with exit code 1.
[2026-09-18T20:44:07.868] [DEBUG] debug-file - worker[1] exits with exit code 1.
[2026-09-18T20:44:07.869] [DEBUG] debug-file - worker[8] exits with exit code 1.
[2026-09-18T20:44:07.876] [DEBUG] debug-file - worker[4] exits with exit code 1.
[2026-09-18T20:46:46.483] [DEBUG] debug-file - env: nodejsVersion=v18.20.1
[2026-09-18T20:46:46.589] [DEBUG] debug-file - Hvigor init with startParameters:{
  hvigorfileTypeCheck: false,
  parallelExecution: true,
  incrementalExecution: true,
  printStackTrace: false,
  daemon: false,
  analyze: 0,
  logLevel: Level { level: 20000, levelStr: 'INFO', colour: 'green' },
  optimizationStrategy: 'memory',
  hotCompile: undefined,
  hotReloadBuild: undefined,
  customizedParam: undefined
}
[2026-09-18T20:46:47.013] [DEBUG] debug-file - hvigorfile, require result:  { default: { system: [Function: appTasks], plugins: [] } }
[2026-09-18T20:46:47.087] [DEBUG] debug-file - App plugin register hook start...
[2026-09-18T20:46:47.088] [DEBUG] debug-file - Start initialize project's product build option map with build mode debug.
[2026-09-18T20:46:47.089] [DEBUG] debug-file - Obtain build option for product 'default'in this build.
[2026-09-18T20:46:47.091] [DEBUG] debug-file - Start recording SDK configuration permission data.
[2026-09-18T20:46:47.110] [DEBUG] debug-file - Project task initialization takes 3 ms 
[2026-09-18T20:46:47.113] [DEBUG] debug-file - failed to load cangjie to dynamically generate schemas: Error: Cannot find module '@ohos/cangjie-build-support/index'
Require stack:
- /Users/abhi/.hvigor/project_caches/0947245c615fa1be5fb4a847626f95c7/workspace/node_modules/.pnpm/@ohos+hvigor-ohos-plugin@6.24.2/node_modules/@ohos/hvigor-ohos-plugin/src/plugin/hooks/cangjie-register.js
- /Users/abhi/.hvigor/project_caches/0947245c615fa1be5fb4a847626f95c7/workspace/node_modules/.pnpm/@ohos+hvigor-ohos-plugin@6.24.2/node_modules/@ohos/hvigor-ohos-plugin/src/plugin/strategy/stage-init-strategy.js
- /Users/abhi/.hvigor/project_caches/0947245c615fa1be5fb4a847626f95c7/workspace/node_modules/.pnpm/@ohos+hvigor-ohos-plugin@6.24.2/node_modules/@ohos/hvigor-ohos-plugin/src/plugin/builder/abstract-plugin-builder.js
- /Users/abhi/.hvigor/project_caches/0947245c615fa1be5fb4a847626f95c7/workspace/node_modules/.pnpm/@ohos+hvigor-ohos-plugin@6.24.2/node_modules/@ohos/hvigor-ohos-plugin/src/plugin/builder/app-plugin-builder.js
- /Users/abhi/.hvigor/project_caches/0947245c615fa1be5fb4a847626f95c7/workspace/node_modules/.pnpm/@ohos+hvigor-ohos-plugin@6.24.2/node_modules/@ohos/hvigor-ohos-plugin/src/plugin/factory/plugin-factory.js
- /Users/abhi/.hvigor/project_caches/0947245c615fa1be5fb4a847626f95c7/workspace/node_modules/.pnpm/@ohos+hvigor-ohos-plugin@6.24.2/node_modules/@ohos/hvigor-ohos-plugin/index.js
- /Users/abhi/Desktop/HarmonyOS Ports/OpenTwit-Web/hvigorfile.ts
- /Users/abhi/Developer/command-line-tools/hvigor/hvigor/src/base/internal/lifecycle/configuration.js
- /Users/abhi/Developer/command-line-tools/hvigor/hvigor/src/base/boot/index.js
- /Users/abhi/Developer/command-line-tools/hvigor/hvigor/src/cli/main/cli.js
- /Users/abhi/Developer/command-line-tools/hvigor/hvigor/bin/hvigor.js
[2026-09-18T20:46:47.118] [DEBUG] debug-file - Start initialize module-target build option map, moduleName=entry, buildMode=debug
[2026-09-18T20:46:47.120] [DEBUG] debug-file - project has submodules:entry
[2026-09-18T20:46:47.121] [DEBUG] debug-file - start to load updatedOhPackageInfo to the disk
[2026-09-18T20:46:47.122] [DEBUG] debug-file - Start to initialize dependency information.
[2026-09-18T20:46:47.125] [DEBUG] debug-file - Since there is no instance or instance is terminated, create a new worker pool.
[2026-09-18T20:46:47.126] [DEBUG] debug-file - Create  resident worker with id: 0.
[2026-09-18T20:46:47.129] [DEBUG] debug-file - Executing task :entry:default@PreBuild
[2026-09-18T20:46:47.134] [DEBUG] debug-file - Executing task :entry:default@GenerateMetadata
[2026-09-18T20:46:47.136] [DEBUG] debug-file - Executing task :entry:default@CreateBuildProfile
[2026-09-18T20:46:47.137] [DEBUG] debug-file - Executing task :entry:default@PreCheckSyscap
[2026-09-18T20:46:47.138] [DEBUG] debug-file - Executing task :entry:default@GeneratePkgContextInfo
[2026-09-18T20:46:47.142] [DEBUG] debug-file - Executing task :entry:default@ProcessIntegratedHsp
[2026-09-18T20:46:47.143] [DEBUG] debug-file - Executing task :entry:default@BuildNativeWithCmake
[2026-09-18T20:46:47.143] [DEBUG] debug-file - Executing task :entry:default@MakePackInfo
[2026-09-18T20:46:47.144] [DEBUG] debug-file - Executing task :entry:default@SyscapTransform
[2026-09-18T20:46:47.150] [DEBUG] debug-file - Executing task :entry:default@ProcessProfile
[2026-09-18T20:46:47.151] [DEBUG] debug-file - Executing task :entry:default@ProcessRouterMap
[2026-09-18T20:46:47.152] [DEBUG] debug-file - Executing task :entry:default@ProcessShareConfig
[2026-09-18T20:46:47.152] [DEBUG] debug-file - Executing task :entry:default@ProcessStartupConfig
[2026-09-18T20:46:47.153] [DEBUG] debug-file - Executing task :entry:default@BuildNativeWithNinja
[2026-09-18T20:46:47.154] [DEBUG] debug-file - Executing task :entry:default@ProcessResource
[2026-09-18T20:46:47.155] [DEBUG] debug-file - Executing task :entry:default@GenerateLoaderJson
[2026-09-18T20:46:47.157] [DEBUG] debug-file - Executing task :entry:default@ProcessLibs
[2026-09-18T20:46:47.158] [DEBUG] debug-file - Executing task :entry:default@CompileResource
[2026-09-18T20:46:47.160] [DEBUG] debug-file - Executing task :entry:default@DoNativeStrip
[2026-09-18T20:46:47.160] [DEBUG] debug-file - Executing task :entry:default@CompileArkTS
[2026-09-18T20:46:47.168] [DEBUG] debug-file - Executing task :entry:default@BuildJS
[2026-09-18T20:46:47.169] [DEBUG] debug-file - Executing task :entry:default@CacheNativeLibs
[2026-09-18T20:46:46.484] [DEBUG] debug-file - env: hvigor-config.json5 content = {
  modelVersion: '5.0.0',
  hvigorVersion: '6.24.2',
  dependencies: { '@ohos/hvigor-ohos-plugin': '6.24.2' }
}
[2026-09-18T20:46:47.014] [DEBUG] debug-file - Starting plugin build process
[2026-09-18T20:46:46.591] [DEBUG] debug-file - Cache service initialization finished in 2 ms 
[2026-09-18T20:46:47.014] [DEBUG] debug-file - hvigorfile, binding system plugins [Function: appTasks]
[2026-09-18T20:46:47.088] [DEBUG] debug-file - App plugin register hook end...
[2026-09-18T20:46:47.088] [DEBUG] debug-file - Picking option from product 'default' with build mode 'debug'.
[2026-09-18T20:46:47.090] [DEBUG] debug-file - /Users/abhi/Desktop/HarmonyOS Ports/OpenTwit-Web/build/cache/default/remote_hsp/remoteHspCache.json not exists.
[2026-09-18T20:46:47.107] [DEBUG] debug-file - Sdk init in 17 ms 
[2026-09-18T20:46:47.110] [DEBUG] debug-file - hvigorfile, begin to bind custom plugins...
[2026-09-18T20:46:47.118] [DEBUG] debug-file - Target 'default' config initialized
[2026-09-18T20:46:47.123] [DEBUG] debug-file - Module entry Collected Dependency: 
[2026-09-18T20:46:47.127] [DEBUG] debug-file - Create  resident worker with id: 1.
[2026-09-18T20:46:47.121] [DEBUG] debug-file - load to the disk finished
[2026-09-18T20:46:47.125] [DEBUG] debug-file - Worker pool is initialized with config:  {
  minPoolNum: 2,
  maxPoolNum: undefined,
  maxCoreSize: undefined,
  cacheCapacity: undefined,
  cacheTtl: undefined
}
[2026-09-18T20:46:47.137] [DEBUG] debug-file - entry : default@PreCheckSyscap cost memory 0.01552581787109375
[2026-09-18T20:46:47.140] [DEBUG] debug-file - Task 'entry:default@GeneratePkgContextInfo' cost while wrapping incremental declarations: 1 ms 
[2026-09-18T20:46:47.142] [DEBUG] debug-file - entry:default@ProcessIntegratedHsp is not up-to-date, since the output file '/Users/abhi/Desktop/HarmonyOS Ports/OpenTwit-Web/build/cache/default/integrated_hsp/integratedHspCache.json' does not exist.
[2026-09-18T20:46:47.143] [DEBUG] debug-file - entry : default@BuildNativeWithCmake cost memory 0.013702392578125
[2026-09-18T20:46:47.144] [DEBUG] debug-file - Incremental task entry:default@MakePackInfo pre-execution cost: 1 ms .
[2026-09-18T20:46:47.144] [DEBUG] debug-file - File: '/Users/abhi/Desktop/HarmonyOS Ports/OpenTwit-Web/entry/src/main/syscap.json' from 'sysCapJsonPath' is not exists, just ignore.
[2026-09-18T20:46:47.150] [DEBUG] debug-file - Task 'entry:default@ProcessProfile' cost while wrapping incremental declarations: 1 ms 
[2026-09-18T20:46:47.151] [DEBUG] debug-file - Incremental task entry:default@ProcessRouterMap pre-execution cost: 1 ms .
[2026-09-18T20:46:47.152] [DEBUG] debug-file - Incremental task entry:default@ProcessShareConfig pre-execution cost: 1 ms .
[2026-09-18T20:46:47.152] [DEBUG] debug-file - Task 'entry:default@ProcessStartupConfig' cost while wrapping incremental declarations: 1 ms 
[2026-09-18T20:46:47.153] [DEBUG] debug-file - entry : default@BuildNativeWithNinja cost memory 0.018585205078125
[2026-09-18T20:46:47.154] [DEBUG] debug-file - Task 'entry:default@ProcessResource' cost while wrapping incremental declarations: 1 ms 
[2026-09-18T20:46:47.155] [DEBUG] debug-file - Task 'entry:default@GenerateLoaderJson' cost while wrapping incremental declarations: 1 ms 
[2026-09-18T20:46:47.157] [DEBUG] debug-file - Incremental task entry:default@ProcessLibs pre-execution cost: 1 ms .
[2026-09-18T20:46:47.159] [DEBUG] debug-file - Incremental task entry:default@CompileResource pre-execution cost: 2 ms .
[2026-09-18T20:46:47.160] [DEBUG] debug-file - File: '/Users/abhi/Desktop/HarmonyOS Ports/OpenTwit-Web/entry/build/default/intermediates/binxo/default' from 'doBinxoNativeLibs' is not exists, just ignore.
[2026-09-18T20:46:47.161] [DEBUG] debug-file - obfuscationOptions: undefined
[2026-09-18T20:46:47.137] [DEBUG] debug-file - Task 'entry:default@CreateBuildProfile' cost while wrapping incremental declarations: 1 ms 
[2026-09-18T20:46:47.129] [WARN] debug-file - The project has not explicitly set the 'targetSdkVersion' version at build-profile.json5. It is recommended to configure it. Reference: https://developer.huawei.com/consumer/en/doc/harmonyos-guides/ide-hvigor-build-profile-app#section45865492619
[2026-09-18T20:46:47.134] [DEBUG] debug-file - Task 'entry:default@GenerateMetadata' cost while wrapping incremental declarations: 1 ms 
[2026-09-18T20:46:47.168] [DEBUG] debug-file - Task 'entry:default@BuildJS' cost while wrapping incremental declarations: 1 ms 
[2026-09-18T20:46:47.169] [DEBUG] debug-file - File: '/Users/abhi/Desktop/HarmonyOS Ports/OpenTwit-Web/entry/build/default/intermediates/binxo/default' from 'cacheBinxoNativeLibs' is not exists, just ignore.
[2026-09-18T20:46:46.484] [DEBUG] debug-file - env: daemon=false
[2026-09-18T20:46:47.014] [DEBUG] debug-file - App plugin prepare start...
[2026-09-18T20:46:46.592] [DEBUG] debug-file - hvigorfile, resolving /Users/abhi/Desktop/HarmonyOS Ports/OpenTwit-Web/hvigorfile.ts
[2026-09-18T20:46:47.088] [DEBUG] debug-file - Product 'default' build option initialized
[2026-09-18T20:46:47.088] [DEBUG] debug-file - Plugin build process completed
[2026-09-18T20:46:47.110] [DEBUG] debug-file - hvigorfile, no custom plugins were found in /Users/abhi/Desktop/HarmonyOS Ports/OpenTwit-Web/hvigorfile.ts
[2026-09-18T20:46:47.118] [DEBUG] debug-file - Module 'entry' target 'default' build option initialized
[2026-09-18T20:46:47.123] [DEBUG] debug-file - Module entry's total dependency: 0
[2026-09-18T20:46:47.121] [DEBUG] debug-file - Start to initialize dependency information.
[2026-09-18T20:46:47.137] [DEBUG] debug-file - runTaskFromQueue task cost before running: 551 ms 
[2026-09-18T20:46:47.140] [DEBUG] debug-file - entry : default@GeneratePkgContextInfo cost memory 0.5888748168945312
[2026-09-18T20:46:47.142] [DEBUG] debug-file - Incremental task entry:default@ProcessIntegratedHsp pre-execution cost: 1 ms .
[2026-09-18T20:46:47.143] [DEBUG] debug-file - runTaskFromQueue task cost before running: 556 ms 
[2026-09-18T20:46:47.144] [DEBUG] debug-file - entry : default@MakePackInfo cost memory 0.337249755859375
[2026-09-18T20:46:47.144] [DEBUG] debug-file - Task 'entry:default@SyscapTransform' cost while wrapping incremental declarations: 1 ms 
[2026-09-18T20:46:47.150] [DEBUG] debug-file - Incremental task entry:default@ProcessProfile pre-execution cost: 1 ms .
[2026-09-18T20:46:47.151] [DEBUG] debug-file - entry : default@ProcessRouterMap cost memory 0.138702392578125
[2026-09-18T20:46:47.152] [DEBUG] debug-file - entry : default@ProcessShareConfig cost memory 0.0888824462890625
[2026-09-18T20:46:47.153] [DEBUG] debug-file - entry:default@ProcessStartupConfig is not up-to-date, since the output file '/Users/abhi/Desktop/HarmonyOS Ports/OpenTwit-Web/entry/build/default/intermediates/startup/default/startup_config.json' does not exist.
[2026-09-18T20:46:47.153] [DEBUG] debug-file - runTaskFromQueue task cost before running: 566 ms 
[2026-09-18T20:46:47.154] [DEBUG] debug-file - Incremental task entry:default@ProcessResource pre-execution cost: 1 ms .
[2026-09-18T20:46:47.156] [DEBUG] debug-file - Incremental task entry:default@GenerateLoaderJson pre-execution cost: 1 ms .
[2026-09-18T20:46:47.157] [DEBUG] debug-file - entry : default@ProcessLibs cost memory 0.08001708984375
[2026-09-18T20:46:47.159] [DEBUG] debug-file - entry : default@CompileResource cost memory 0.3331451416015625
[2026-09-18T20:46:47.160] [DEBUG] debug-file - Task 'entry:default@DoNativeStrip' cost while wrapping incremental declarations: 1 ms 
[2026-09-18T20:46:47.161] [DEBUG] debug-file - Task 'entry:default@CompileArkTS' cost while wrapping incremental declarations: 1 ms 
[2026-09-18T20:46:47.137] [DEBUG] debug-file - Incremental task entry:default@CreateBuildProfile pre-execution cost: 1 ms .
[2026-09-18T20:46:47.131] [DEBUG] debug-file - Task 'entry:default@PreBuild' cost while wrapping incremental declarations: 1 ms 
[2026-09-18T20:46:47.135] [DEBUG] debug-file - Incremental task entry:default@GenerateMetadata pre-execution cost: 1 ms .
[2026-09-18T20:46:47.168] [DEBUG] debug-file - entry : default@BuildJS cost memory 0.1121673583984375
[2026-09-18T20:46:47.169] [DEBUG] debug-file - Task 'entry:default@CacheNativeLibs' cost while wrapping incremental declarations: 1 ms 
[2026-09-18T20:46:46.484] [DEBUG] debug-file - no-daemon, use the parent process.execArgv --max-old-space-size=8192,--max-semi-space-size=16,--expose-gc
[2026-09-18T20:46:47.014] [DEBUG] debug-file - App plugin prepare end...
[2026-09-18T20:46:47.088] [DEBUG] debug-file - End initialize project's product build option map with build mode 'debug'.
[2026-09-18T20:46:47.110] [DEBUG] debug-file - hvigorfile, resolve finished /Users/abhi/Desktop/HarmonyOS Ports/OpenTwit-Web/hvigorfile.ts
[2026-09-18T20:46:47.118] [DEBUG] debug-file - End initialize module-target build option map, moduleName=entry
[2026-09-18T20:46:47.137] [INFO] debug-file - Finished :entry:default@PreCheckSyscap... after 1 ms 
[2026-09-18T20:46:47.140] [DEBUG] debug-file - runTaskFromQueue task cost before running: 554 ms 
[2026-09-18T20:46:47.143] [DEBUG] debug-file - entry : default@ProcessIntegratedHsp cost memory 0.046966552734375
[2026-09-18T20:46:47.143] [INFO] debug-file - Finished :entry:default@BuildNativeWithCmake... after 1 ms 
[2026-09-18T20:46:47.144] [INFO] debug-file - UP-TO-DATE :entry:default@MakePackInfo...  
[2026-09-18T20:46:47.149] [DEBUG] debug-file - Incremental task entry:default@SyscapTransform pre-execution cost: 5 ms .
[2026-09-18T20:46:47.150] [DEBUG] debug-file - entry : default@ProcessProfile cost memory 0.11006927490234375
[2026-09-18T20:46:47.151] [INFO] debug-file - UP-TO-DATE :entry:default@ProcessRouterMap...  
[2026-09-18T20:46:47.152] [INFO] debug-file - UP-TO-DATE :entry:default@ProcessShareConfig...  
[2026-09-18T20:46:47.153] [INFO] debug-file - Finished :entry:default@BuildNativeWithNinja... after 1 ms 
[2026-09-18T20:46:47.154] [DEBUG] debug-file - entry : default@ProcessResource cost memory 0.11917877197265625
[2026-09-18T20:46:47.156] [DEBUG] debug-file - entry : default@GenerateLoaderJson cost memory 0.268585205078125
[2026-09-18T20:46:47.157] [INFO] debug-file - UP-TO-DATE :entry:default@ProcessLibs...  
[2026-09-18T20:46:47.159] [INFO] debug-file - UP-TO-DATE :entry:default@CompileResource...  
[2026-09-18T20:46:47.160] [DEBUG] debug-file - Incremental task entry:default@DoNativeStrip pre-execution cost: 1 ms .
[2026-09-18T20:46:47.162] [DEBUG] debug-file - entry:default@CompileArkTS is not up-to-date, since the input file '/Users/abhi/Desktop/HarmonyOS Ports/OpenTwit-Web/entry/src/main/ets' has been changed.
[2026-09-18T20:46:47.137] [DEBUG] debug-file - entry : default@CreateBuildProfile cost memory 0.0884857177734375
[2026-09-18T20:46:47.132] [DEBUG] debug-file - Incremental task entry:default@PreBuild pre-execution cost: 2 ms .
[2026-09-18T20:46:47.122] [DEBUG] debug-file - Module OpenTwit-Web Collected Dependency: 
[2026-09-18T20:46:47.168] [DEBUG] debug-file - runTaskFromQueue task cost before running: 582 ms 
[2026-09-18T20:46:47.169] [DEBUG] debug-file - Incremental task entry:default@CacheNativeLibs pre-execution cost: 1 ms .
[2026-09-18T20:46:47.135] [DEBUG] debug-file - entry : default@GenerateMetadata cost memory 0.07513427734375
[2026-09-18T20:46:47.153] [DEBUG] debug-file - Incremental task entry:default@ProcessStartupConfig pre-execution cost: 1 ms .
[2026-09-18T20:46:47.124] [DEBUG] debug-file - Configuration phase cost:533 ms 
[2026-09-18T20:46:47.118] [DEBUG] debug-file - Start initialize module-target build option map, moduleName=entry, buildMode=release
[2026-09-18T20:46:47.141] [INFO] debug-file - Finished :entry:default@GeneratePkgContextInfo... after 3 ms 
[2026-09-18T20:46:47.143] [DEBUG] debug-file - runTaskFromQueue task cost before running: 556 ms 
[2026-09-18T20:46:47.014] [DEBUG] debug-file - App plugin creating...
[2026-09-18T20:46:47.154] [DEBUG] debug-file - restool module names: entry; moduleName=entry, taskName=default@ProcessResource
[2026-09-18T20:46:47.155] [INFO] debug-file - UP-TO-DATE :entry:default@ProcessResource...  
[2026-09-18T20:46:47.157] [INFO] debug-file - UP-TO-DATE :entry:default@GenerateLoaderJson...  
[2026-09-18T20:46:47.158] [DEBUG] debug-file - restool module names: entry; moduleName=entry, taskName=default@CompileResource
[2026-09-18T20:46:47.160] [DEBUG] debug-file - entry : default@DoNativeStrip cost memory 0.06780242919921875
[2026-09-18T20:46:47.162] [DEBUG] debug-file - Incremental task entry:default@CompileArkTS pre-execution cost: 1 ms .
[2026-09-18T20:46:47.137] [INFO] debug-file - UP-TO-DATE :entry:default@CreateBuildProfile...  
[2026-09-18T20:46:47.133] [DEBUG] debug-file - entry : default@PreBuild cost memory 0.8224258422851562
[2026-09-18T20:46:47.122] [DEBUG] debug-file - Module OpenTwit-Web's total dependency: 0
[2026-09-18T20:46:47.168] [INFO] debug-file - Finished :entry:default@BuildJS... after 1 ms 
[2026-09-18T20:46:47.169] [DEBUG] debug-file - entry : default@CacheNativeLibs cost memory 0.083740234375
[2026-09-18T20:46:47.135] [INFO] debug-file - UP-TO-DATE :entry:default@GenerateMetadata...  
[2026-09-18T20:46:47.153] [DEBUG] debug-file - entry : default@ProcessStartupConfig cost memory 0.07415008544921875
[2026-09-18T20:46:47.125] [DEBUG] debug-file - Configuration task cost before running: 538 ms 
[2026-09-18T20:46:47.118] [DEBUG] debug-file - Target 'default' config initialized
[2026-09-18T20:46:47.141] [DEBUG] debug-file - Executing task :entry:default@GeneratePkgSdkInfo
[2026-09-18T20:46:47.143] [INFO] debug-file - Finished :entry:default@ProcessIntegratedHsp... after 1 ms 
[2026-09-18T20:46:47.110] [DEBUG] debug-file - hvigorfile, resolving /Users/abhi/Desktop/HarmonyOS Ports/OpenTwit-Web/entry/hvigorfile.ts
[2026-09-18T20:46:47.151] [INFO] debug-file - UP-TO-DATE :entry:default@ProcessProfile...  
[2026-09-18T20:46:47.149] [DEBUG] debug-file - entry : default@SyscapTransform cost memory 0.10764312744140625
[2026-09-18T20:46:47.160] [INFO] debug-file - UP-TO-DATE :entry:default@DoNativeStrip...  
[2026-09-18T20:46:47.165] [DEBUG] debug-file - build config:
[2026-09-18T20:46:47.133] [INFO] debug-file - UP-TO-DATE :entry:default@PreBuild...  
[2026-09-18T20:46:47.169] [INFO] debug-file - UP-TO-DATE :entry:default@CacheNativeLibs...  
[2026-09-18T20:46:47.135] [DEBUG] debug-file - Executing task :entry:default@ConfigureCmake
[2026-09-18T20:46:47.153] [DEBUG] debug-file - runTaskFromQueue task cost before running: 566 ms 
[2026-09-18T20:46:47.118] [DEBUG] debug-file - Module 'entry' target 'default' build option initialized
[2026-09-18T20:46:47.141] [DEBUG] debug-file - Task 'entry:default@GeneratePkgSdkInfo' cost while wrapping incremental declarations: 1 ms 
[2026-09-18T20:46:47.113] [DEBUG] debug-file - hvigorfile, require result:  { default: { system: [Function: hapTasks], plugins: [] } }
[2026-09-18T20:46:47.149] [INFO] debug-file - UP-TO-DATE :entry:default@SyscapTransform...  
[2026-09-18T20:46:47.165] [DEBUG] debug-file - {
  moduleType: 'entry',
  perf: 0,
  targetName: '.default',
  packageManagerType: 'ohpm',
  localPropertiesPath: '/Users/abhi/Desktop/HarmonyOS Ports/OpenTwit-Web/local.properties',
  isPreview: false,
  isOhosTest: false,
  isLocalTest: false,
  buildMode: 'Debug',
  hotReloadBuild: undefined,
  watchMode: 'false',
  aceProfilePath: '/Users/abhi/Desktop/HarmonyOS Ports/OpenTwit-Web/entry/build/default/intermediates/res/default/resources/base/profile',
  etsLoaderPath: '/Users/abhi/Developer/command-line-tools/sdk/default/openharmony/ets/build-tools/ets-loader',
  modulePath: '/Users/abhi/Desktop/HarmonyOS Ports/OpenTwit-Web/entry',
  testFrameworkPar: {
    testMode: undefined,
    coveragePathFilter: undefined,
    coverageMode: undefined
  },
  needCoverageInsert: false,
  debugLine: false,
  projectTopDir: '/Users/abhi/Desktop/HarmonyOS Ports/OpenTwit-Web',
  compileSdkVersion: 24,
  compatibleSdkVersion: 24,
  originCompatibleSdkVersion: 24,
  compatibleSdkVersionStage: undefined,
  bundleName: 'c***t',
  etsLoaderVersion: '6.1.1.125',
  etsLoaderReleaseType: 'Release',
  aotCompileMode: 'type',
  apPath: '/Users/abhi/Desktop/HarmonyOS Ports/OpenTwit-Web/entry/modules.ap',
  entryModuleName: 'entry',
  entryModuleVersion: '1.0.0',
  entryPackageName: 'entry',
  allModuleNameHash: 'a660c64699cc15ae89ec0a8db121631e43f9cac40a33c65ab3bb5b24a32a70f0',
  externalApiPaths: [],
  compilerTypes: [],
  isCrossplatform: false,
  hvigorPluginFile: undefined,
  compilePluginPath: undefined,
  buildGeneratedProfilePath: '/Users/abhi/Desktop/HarmonyOS Ports/OpenTwit-Web/entry/build/default/generated/profile/default',
  bundleType: 'app',
  arkTSVersion: undefined,
  apiVersion: 24,
  needCompleteSourcesMap: false,
  isFaMode: false,
  buildDir: '/Users/abhi/Desktop/HarmonyOS Ports/OpenTwit-Web/entry/build',
  deviceTypes: [ 'default', 'tablet' ],
  pkgContextInfo: undefined,
  ohPackagePathMap: {},
  dependencyAliasMap: {},
  permission: { requestPermissions: [ [Object] ], definePermissions: undefined },
  useGetCurrentBundleName: false,
  projectArkOption: undefined,
  sourceMapDir: undefined,
  branchElimination: false,
  transformLib: undefined,
  tsImportSendable: false,
  resolveConflictMode: true,
  depName2RootPath: {},
  depName2DepInfo: {},
  depName2OhExports: {},
  rootPathSet: [ '/Users/abhi/Desktop/HarmonyOS Ports/OpenTwit-Web' ],
  useNativeResolver: true,
  shouldEmitJs: true,
  useTscResolve: false,
  singleFileEmit: false,
  userProjectConfig: {
    autoLazyImport: false,
    allowEmptyBundleName: false,
    reExportCheckMode: 'noCheck',
    executionMode: 'memory',
    usePathPlaceholder: false,
    writeRollupCache: true,
    isExpandImportEnabled: false,
    expandImportExclude: '',
    lazyImportExclude: '',
    lazyImportInclude: '',
    ignoreCrossplatformCheck: false,
    isHarDeduplicateEnabled: false,
    skipOhModulesLint: false,
    enableStrictCheckOHModule: false,
    disableSendableCheckRules: [],
    useDeclarationFileSignature: false,
    customizedOptions: undefined,
    integratedHsp: false,
    isPreloadSoEnabled: false
  },
  executionMode: 'memory',
  arkCompileCachePath: '/Users/abhi/Desktop/HarmonyOS Ports/OpenTwit-Web/entry/build/default/cache/default/default@CompileArkTS/esmodule',
  autoLazyFilter: undefined,
  isHarDeduplicateEnabled: false,
  intermediateHarDuplicateDirPath: '/Users/abhi/Desktop/HarmonyOS Ports/OpenTwit-Web/entry/build/default/intermediates/har_duplicate/default',
  autoLazyImport: false,
  allowEmptyBundleName: false,
  reExportCheckMode: 'noCheck',
  usePathPlaceholder: false,
  writeRollupCache: true,
  isExpandImportEnabled: false,
  expandImportExclude: '',
  lazyImportExclude: '',
  lazyImportInclude: '',
  ignoreCrossplatformCheck: false,
  skipOhModulesLint: false,
  enableStrictCheckOHModule: false,
  disableSendableCheckRules: [],
  useDeclarationFileSignature: false,
  customizedOptions: undefined,
  integratedHsp: false,
  isPreloadSoEnabled: false,
  strictMode: undefined,
  useNormalizedOHMUrl: false,
  caseSensitiveCheck: false,
  strictCheckerOnly: false,
  aceModuleJsonPath: '/Users/abhi/Desktop/HarmonyOS Ports/OpenTwit-Web/entry/build/default/intermediates/res/default/ark_module.json',
  appResource: '/Users/abhi/Desktop/HarmonyOS Ports/OpenTwit-Web/entry/build/default/intermediates/res/default/ResourceTable.txt',
  rawFileResource: '/Users/abhi/Desktop/HarmonyOS Ports/OpenTwit-Web/entry/build/default/intermediates/res/default/resources/rawfile',
  resourceTableHash: 'd7a9236f79d294e315bc3d1b504e5b678296b83b90f2a4955d74858ab482ce10',
  runtimeOS: 'OpenHarmony',
  sdkInfo: 'true:24:6.1.1.125:Release',
  aceModuleRoot: '/Users/abhi/Desktop/HarmonyOS Ports/OpenTwit-Web/entry/src/main/ets',
  compileMode: 'esmodule',
  aceSuperVisualPath: '/Users/abhi/Desktop/HarmonyOS Ports/OpenTwit-Web/entry/src/main/supervisual',
  aceBuildJson: '/Users/abhi/Desktop/HarmonyOS Ports/OpenTwit-Web/entry/build/default/intermediates/loader/default/loader.json',
  cachePath: '/Users/abhi/Desktop/HarmonyOS Ports/OpenTwit-Web/entry/build/default/cache/default/default@CompileArkTS/esmodule/debug',
  aceModuleBuild: '/Users/abhi/Desktop/HarmonyOS Ports/OpenTwit-Web/entry/build/default/intermediates/loader_out/default/ets',
  supportChunks: true,
  declaredFilesPath: undefined,
  shouldCollectDirectImportees: false,
  isByteCodeHarOptimize: false,
  expandImportPath: undefined,
  resourceTableTs: '/Users/abhi/Desktop/HarmonyOS Ports/OpenTwit-Web/entry/build/default/generated/r/default/ResourceTable.ts',
  moduleMetaInfoFiles: [
    {
      filePath: '/Users/abhi/Desktop/HarmonyOS Ports/OpenTwit-Web/entry/build/default/generated/r/default/ResourceTable.ts',
      ohmurl: 'com.example.opentwit/entry/build/generated/r/ResourceTable'
    }
  ],
  pkgNameToPkgBriefInfo: {
    entry: {
      pkgRoot: '/Users/abhi/Desktop/HarmonyOS Ports/OpenTwit-Web/entry',
      originalSourceRoots: undefined,
      sourceRoots: [Array],
      pkgName: 'entry'
    }
  },
  projectModel: {
    '/Users/abhi/Desktop/HarmonyOS Ports/OpenTwit-Web/entry/src/main': {
      moduleName: 'entry',
      modulePkgPath: '/Users/abhi/Desktop/HarmonyOS Ports/OpenTwit-Web/entry',
      belongProjectPath: '/Users/abhi/Desktop/HarmonyOS Ports/OpenTwit-Web'
    },
    '/Users/abhi/Desktop/HarmonyOS Ports/OpenTwit-Web/entry': {
      moduleName: 'entry',
      modulePkgPath: '/Users/abhi/Desktop/HarmonyOS Ports/OpenTwit-Web/entry',
      belongProjectPath: '/Users/abhi/Desktop/HarmonyOS Ports/OpenTwit-Web'
    },
    '/Users/abhi/Desktop/HarmonyOS Ports/OpenTwit-Web': {
      moduleName: 'OpenTwit-Web',
      modulePkgPath: '/Users/abhi/Desktop/HarmonyOS Ports/OpenTwit-Web',
      belongProjectPath: '/Users/abhi/Desktop/HarmonyOS Ports/OpenTwit-Web'
    }
  },
  pkgJsonFileHash: '609e42aafe57c1140ce946bba289e7e1f03709e595812d94d07acc55c62a42dd',
  allModulePaths: [ '/Users/abhi/Desktop/HarmonyOS Ports/OpenTwit-Web/entry' ],
  routerMap: {},
  obfuscationOptions: undefined,
  byteCodeHarToDependencyKeys: undefined,
  compileBlockPkg: [],
  mockParams: {
    decorator: '@MockSetup',
    packageName: '@ohos/hamock',
    etsSourceRootPath: 'src/main/ets',
    mockConfigPath: undefined,
    mockConfigKey2ModuleInfo: {},
    source2ModuleIdMap: {}
  },
  copyCodeResourceEnable: true,
  copyCodeResourceExcludes: [],
  copyCodeResourceIncludes: undefined,
  uiTransformOptimization: false,
  sdkPath: '/Users/abhi/.ohos/sdk-remap',
  needPreloadSoFileSet: {},
  preloadSoFilePath: '/Users/abhi/Desktop/HarmonyOS Ports/OpenTwit-Web/entry/build/default/intermediates/preload/default/preload.json',
  useSourceHash: false,
  localModuleParamMap: {},
  otherPaths: {
    'entry/*': [ '../*', '../../../build/default/generated/profile/default/*' ]
  },
  collectImportersConfig: undefined
}
[2026-09-18T20:46:47.133] [DEBUG] debug-file - Executing task :entry:default@CreateModuleInfo
[2026-09-18T20:46:47.135] [DEBUG] debug-file - entry : default@ConfigureCmake cost memory 0.01206207275390625
[2026-09-18T20:46:47.153] [INFO] debug-file - Finished :entry:default@ProcessStartupConfig... after 1 ms 
[2026-09-18T20:46:47.118] [DEBUG] debug-file - End initialize module-target build option map, moduleName=entry
[2026-09-18T20:46:47.141] [DEBUG] debug-file - Incremental task entry:default@GeneratePkgSdkInfo pre-execution cost: 1 ms .
[2026-09-18T20:46:47.113] [DEBUG] debug-file - hvigorfile, binding system plugins [Function: hapTasks]
[2026-09-18T20:46:47.166] [DEBUG] debug-file - default@CompileArkTS work[0] is submitted.
[2026-09-18T20:46:47.133] [DEBUG] debug-file - Task 'entry:default@CreateModuleInfo' cost while wrapping incremental declarations: 1 ms 
[2026-09-18T20:46:47.135] [DEBUG] debug-file - runTaskFromQueue task cost before running: 548 ms 
[2026-09-18T20:46:47.118] [DEBUG] debug-file - Start initialize module-target build option map, moduleName=entry, buildMode=debug
[2026-09-18T20:46:47.141] [DEBUG] debug-file - entry : default@GeneratePkgSdkInfo cost memory 0.1013031005859375
[2026-09-18T20:46:47.113] [DEBUG] debug-file - Starting plugin build process
[2026-09-18T20:46:47.166] [DEBUG] debug-file - default@CompileArkTS work[0] is pushed to ready queue.
[2026-09-18T20:46:47.133] [DEBUG] debug-file - entry : default@CreateModuleInfo cost memory 0.035919189453125
[2026-09-18T20:46:47.135] [INFO] debug-file - Finished :entry:default@ConfigureCmake... after 1 ms 
[2026-09-18T20:46:47.118] [DEBUG] debug-file - Target 'default' config initialized
[2026-09-18T20:46:47.142] [INFO] debug-file - UP-TO-DATE :entry:default@GeneratePkgSdkInfo...  
[2026-09-18T20:46:47.113] [DEBUG] debug-file - Hap plugin creating...
[2026-09-18T20:46:47.166] [DEBUG] debug-file - A work dispatched to worker[9] failed because unable to get work from ready queue.
[2026-09-18T20:46:47.133] [DEBUG] debug-file - runTaskFromQueue task cost before running: 547 ms 
[2026-09-18T20:46:47.135] [DEBUG] debug-file - Executing task :entry:default@MergeProfile
[2026-09-18T20:46:47.118] [DEBUG] debug-file - Module 'entry' target 'default' build option initialized
[2026-09-18T20:46:47.166] [DEBUG] debug-file - A work dispatched to worker[8] failed because unable to get work from ready queue.
[2026-09-18T20:46:47.134] [INFO] debug-file - Finished :entry:default@CreateModuleInfo... after 1 ms 
[2026-09-18T20:46:47.136] [DEBUG] debug-file - Task 'entry:default@MergeProfile' cost while wrapping incremental declarations: 1 ms 
[2026-09-18T20:46:47.118] [DEBUG] debug-file - End initialize module-target build option map, moduleName=entry
[2026-09-18T20:46:47.166] [DEBUG] debug-file - A work dispatched to worker[7] failed because unable to get work from ready queue.
[2026-09-18T20:46:47.136] [DEBUG] debug-file - Incremental task entry:default@MergeProfile pre-execution cost: 1 ms .
[2026-09-18T20:46:47.118] [DEBUG] debug-file - Obtain build option for module 'entry' target 'default'in this build.
[2026-09-18T20:46:47.166] [DEBUG] debug-file - A work dispatched to worker[6] failed because unable to get work from ready queue.
[2026-09-18T20:46:47.136] [DEBUG] debug-file - entry : default@MergeProfile cost memory 0.1071014404296875
[2026-09-18T20:46:47.120] [DEBUG] debug-file - Module entry task initialization takes 2 ms 
[2026-09-18T20:46:47.166] [DEBUG] debug-file - A work dispatched to worker[5] failed because unable to get work from ready queue.
[2026-09-18T20:46:47.136] [INFO] debug-file - UP-TO-DATE :entry:default@MergeProfile...  
[2026-09-18T20:46:47.120] [DEBUG] debug-file - Hap plugin register hook start...
[2026-09-18T20:46:47.166] [DEBUG] debug-file - Create  resident worker with id: 4.
[2026-09-18T20:46:47.120] [DEBUG] debug-file - Hap plugin register hook end...
[2026-09-18T20:46:47.167] [DEBUG] debug-file - default@CompileArkTS work[0] has been dispatched to worker[4].
[2026-09-18T20:46:47.120] [DEBUG] debug-file - Plugin build process completed
[2026-09-18T20:46:47.167] [DEBUG] debug-file - default@CompileArkTS work[0] is dispatched.
[2026-09-18T20:46:47.120] [DEBUG] debug-file - hvigorfile, begin to bind custom plugins...
[2026-09-18T20:46:47.167] [DEBUG] debug-file - CopyResources startTime: 3592299532958
[2026-09-18T20:46:47.120] [DEBUG] debug-file - hvigorfile, no custom plugins were found in /Users/abhi/Desktop/HarmonyOS Ports/OpenTwit-Web/entry/hvigorfile.ts
[2026-09-18T20:46:47.167] [DEBUG] debug-file - default@CompileArkTS work[1] is submitted.
[2026-09-18T20:46:47.120] [DEBUG] debug-file - hvigorfile, resolve finished /Users/abhi/Desktop/HarmonyOS Ports/OpenTwit-Web/entry/hvigorfile.ts
[2026-09-18T20:46:47.167] [DEBUG] debug-file - default@CompileArkTS work[1] is pushed to ready queue.
[2026-09-18T20:46:47.167] [DEBUG] debug-file - A work dispatched to worker[9] failed because unable to get work from ready queue.
[2026-09-18T20:46:47.167] [DEBUG] debug-file - Create  resident worker with id: 8.
[2026-09-18T20:46:47.167] [DEBUG] debug-file - default@CompileArkTS work[1] has been dispatched to worker[8].
[2026-09-18T20:46:47.167] [DEBUG] debug-file - default@CompileArkTS work[1] is dispatched.
[2026-09-18T20:46:47.167] [DEBUG] debug-file - entry : default@CompileArkTS cost memory 1.6672744750976562
[2026-09-18T20:46:47.382] [DEBUG] debug-file - worker[8] has one work done.
[2026-09-18T20:46:47.382] [DEBUG] debug-file - CopyResources is end, endTime: 3592514753750
[2026-09-18T20:46:47.382] [DEBUG] debug-file - default@CompileArkTS work[1] done.
[2026-09-18T20:46:47.382] [DEBUG] debug-file - A work dispatched to worker[8] failed because unable to get work from ready queue.
[2026-09-18T20:46:49.516] [WARN] debug-file - [33mWARN: [33m[33mArkTS:WARN File: /Users/abhi/Desktop/HarmonyOS Ports/OpenTwit-Web/entry/src/main/ets/services/WebTimeline.ets:44:54
 Usage of 'ESObject' type is restricted (arkts-limited-esobj)
[39m[39m
[33mWARN: [33m[33mArkTS:WARN File: /Users/abhi/Desktop/HarmonyOS Ports/OpenTwit-Web/entry/src/main/ets/services/WebTimeline.ets:76:19
 Usage of 'ESObject' type is restricted (arkts-limited-esobj)
[39m[39m
[33mWARN: [33m[33mArkTS:WARN File: /Users/abhi/Desktop/HarmonyOS Ports/OpenTwit-Web/entry/src/main/ets/services/WebTimeline.ets:83:17
 Usage of 'ESObject' type is restricted (arkts-limited-esobj)
[39m[39m
[33mWARN: [33m[33mArkTS:WARN File: /Users/abhi/Desktop/HarmonyOS Ports/OpenTwit-Web/entry/src/main/ets/services/WebTimeline.ets:91:17
 Usage of 'ESObject' type is restricted (arkts-limited-esobj)
[39m[39m
[33mWARN: [33m[33mArkTS:WARN File: /Users/abhi/Desktop/HarmonyOS Ports/OpenTwit-Web/entry/src/main/ets/services/WebTimeline.ets:96:19
 Usage of 'ESObject' type is restricted (arkts-limited-esobj)
[39m[39m
[33mWARN: [33m[33mArkTS:WARN File: /Users/abhi/Desktop/HarmonyOS Ports/OpenTwit-Web/entry/src/main/ets/services/WebTimeline.ets:102:17
 Usage of 'ESObject' type is restricted (arkts-limited-esobj)
[39m[39m
[33mWARN: [33m[33mArkTS:WARN File: /Users/abhi/Desktop/HarmonyOS Ports/OpenTwit-Web/entry/src/main/ets/services/WebTimeline.ets:109:19
 Usage of 'ESObject' type is restricted (arkts-limited-esobj)
[39m[39m
[33mWARN: [33m[33mArkTS:WARN File: /Users/abhi/Desktop/HarmonyOS Ports/OpenTwit-Web/entry/src/main/ets/services/WebTimeline.ets:118:17
 Usage of 'ESObject' type is restricted (arkts-limited-esobj)
[39m[39m
[33mWARN: [33m[33mArkTS:WARN File: /Users/abhi/Desktop/HarmonyOS Ports/OpenTwit-Web/entry/src/main/ets/services/WebTimeline.ets:125:19
 Usage of 'ESObject' type is restricted (arkts-limited-esobj)
[39m[39m
[33mWARN: [33m[33mArkTS:WARN File: /Users/abhi/Desktop/HarmonyOS Ports/OpenTwit-Web/entry/src/main/ets/services/WebTimeline.ets:132:36
 Usage of 'ESObject' type is restricted (arkts-limited-esobj)
[39m[39m
[33mWARN: [33m[33mArkTS:WARN: For details about ArkTS syntax errors, see FAQs[39m[39m
[33mWARN: [33m[33mArkTS:WARN File: /Users/abhi/Desktop/HarmonyOS Ports/OpenTwit-Web/entry/src/main/ets/common/TokenStore.ets:9:18
 Function may throw exceptions. Special handling is required.
[39m[39m
[33mWARN: [33m[33mArkTS:WARN File: /Users/abhi/Desktop/HarmonyOS Ports/OpenTwit-Web/entry/src/main/ets/common/TokenStore.ets:14:11
 Function may throw exceptions. Special handling is required.
[39m[39m
[33mWARN: [33m[33mArkTS:WARN File: /Users/abhi/Desktop/HarmonyOS Ports/OpenTwit-Web/entry/src/main/ets/common/TokenStore.ets:15:11
 Function may throw exceptions. Special handling is required.
[39m[39m
[33mWARN: [33m[33mArkTS:WARN File: /Users/abhi/Desktop/HarmonyOS Ports/OpenTwit-Web/entry/src/main/ets/common/TokenStore.ets:20:18
 Function may throw exceptions. Special handling is required.
[39m[39m
[33mWARN: [33m[33mArkTS:WARN File: /Users/abhi/Desktop/HarmonyOS Ports/OpenTwit-Web/entry/src/main/ets/common/TokenStore.ets:25:11
 Function may throw exceptions. Special handling is required.
[39m[39m
[33mWARN: [33m[33mArkTS:WARN File: /Users/abhi/Desktop/HarmonyOS Ports/OpenTwit-Web/entry/src/main/ets/common/TokenStore.ets:26:11
 Function may throw exceptions. Special handling is required.
[39m[39m
[33mWARN: [33m[33mArkTS:WARN File: /Users/abhi/Desktop/HarmonyOS Ports/OpenTwit-Web/entry/src/main/ets/common/TokenStore.ets:31:18
 Function may throw exceptions. Special handling is required.
[39m[39m
[33mWARN: [33m[33mArkTS:WARN File: /Users/abhi/Desktop/HarmonyOS Ports/OpenTwit-Web/entry/src/main/ets/pages/Home.ets:19:58
 'getContext' has been deprecated.
[39m[39m
[33mWARN: [33m[33mArkTS:WARN File: /Users/abhi/Desktop/HarmonyOS Ports/OpenTwit-Web/entry/src/main/ets/pages/Explore.ets:16:57
 'getContext' has been deprecated.
[39m[39m
[33mWARN: [33m[33mArkTS:WARN File: /Users/abhi/Desktop/HarmonyOS Ports/OpenTwit-Web/entry/src/main/ets/pages/Notify.ets:14:57
 'getContext' has been deprecated.
[39m[39m
[33mWARN: [33m[33mArkTS:WARN File: /Users/abhi/Desktop/HarmonyOS Ports/OpenTwit-Web/entry/src/main/ets/pages/Messages.ets:13:57
 'getContext' has been deprecated.
[39m[39m
[33mWARN: [33m[33mArkTS:WARN File: /Users/abhi/Desktop/HarmonyOS Ports/OpenTwit-Web/entry/src/main/ets/pages/Profile.ets:11:49
 'getContext' has been deprecated.
[39m[39m
[33mWARN: [33m[33mArkTS:WARN File: /Users/abhi/Desktop/HarmonyOS Ports/OpenTwit-Web/entry/src/main/ets/pages/Profile.ets:77:22
 'pushUrl' has been deprecated.
[39m[39m
[33mWARN: [33m[33mArkTS:WARN File: /Users/abhi/Desktop/HarmonyOS Ports/OpenTwit-Web/entry/src/main/ets/pages/Login.ets:19:46
 'getContext' has been deprecated.
[39m[39m
[33mWARN: [33m[33mArkTS:WARN File: /Users/abhi/Desktop/HarmonyOS Ports/OpenTwit-Web/entry/src/main/ets/pages/Login.ets:23:18
 'pushUrl' has been deprecated.
[39m[39m

[2026-09-18T20:46:49.517] [DEBUG] debug-file - Ark compile task finished.finished time is 3594649192750
[2026-09-18T20:46:49.517] [DEBUG] debug-file - worker[4] has one work done.
[2026-09-18T20:46:49.517] [DEBUG] debug-file - default@CompileArkTS work[0] done.
[2026-09-18T20:46:49.519] [DEBUG] debug-file - Executing task :entry:default@PackageHap
[2026-09-18T20:46:49.517] [DEBUG] debug-file - A work dispatched to worker[4] failed because unable to get work from ready queue.
[2026-09-18T20:46:49.520] [DEBUG] debug-file - entry:default@PackageHap is not up-to-date, since the input file '/Users/abhi/Desktop/HarmonyOS Ports/OpenTwit-Web/entry/build/default/intermediates/loader_out/default/ets' has been changed.
[2026-09-18T20:46:49.518] [INFO] debug-file - Finished :entry:default@CompileArkTS... after 1 s 829 ms 
[2026-09-18T20:46:49.520] [DEBUG] debug-file - Incremental task entry:default@PackageHap pre-execution cost: 1 ms .
[2026-09-18T20:46:49.518] [DEBUG] debug-file - Executing task :entry:default@GeneratePkgModuleJson
[2026-09-18T20:46:49.521] [DEBUG] debug-file - default@PackageHap work[2] is submitted.
[2026-09-18T20:46:49.521] [DEBUG] debug-file - Use tool [/Users/abhi/.ohos/sdk-remap/24/toolchains/lib/app_packing_tool.jar]
 [
  'java',
  '-Dfile.encoding=utf-8',
  '-jar',
  '/Users/abhi/.ohos/sdk-remap/24/toolchains/lib/app_packing_tool.jar',
  '--mode',
  'hap',
  '--force',
  'true',
  '--lib-path',
  '/Users/abhi/Desktop/HarmonyOS Ports/OpenTwit-Web/entry/build/default/intermediates/stripped_native_libs/default',
  '--json-path',
  '/Users/abhi/Desktop/HarmonyOS Ports/OpenTwit-Web/entry/build/default/intermediates/package/default/module.json',
  '--resources-path',
  '/Users/abhi/Desktop/HarmonyOS Ports/OpenTwit-Web/entry/build/default/intermediates/res/default/resources',
  '--index-path',
  '/Users/abhi/Desktop/HarmonyOS Ports/OpenTwit-Web/entry/build/default/intermediates/res/default/resources.index',
  '--pack-info-path',
  '/Users/abhi/Desktop/HarmonyOS Ports/OpenTwit-Web/entry/build/default/outputs/default/pack.info',
  '--out-path',
  '/Users/abhi/Desktop/HarmonyOS Ports/OpenTwit-Web/entry/build/default/outputs/default/entry-default-unsigned.hap',
  '--rpcid-path',
  '/Users/abhi/Desktop/HarmonyOS Ports/OpenTwit-Web/entry/build/default/intermediates/syscap/default/rpcid.sc',
  '--ets-path',
  '/Users/abhi/Desktop/HarmonyOS Ports/OpenTwit-Web/entry/build/default/intermediates/loader_out/default/ets',
  '--pkg-sdk-info-path',
  '/Users/abhi/Desktop/HarmonyOS Ports/OpenTwit-Web/entry/build/default/intermediates/loader/default/pkgSdkInfo.json'
]
[2026-09-18T20:46:49.518] [DEBUG] debug-file - File: '/Users/abhi/Desktop/HarmonyOS Ports/OpenTwit-Web/entry/build/default/intermediates/preload/default/preload.json' from 'preloadSoJsonPath' is not exists, just ignore.
[2026-09-18T20:46:49.521] [DEBUG] debug-file - default@PackageHap work[2] is pushed to ready queue.
[2026-09-18T20:46:49.518] [DEBUG] debug-file - Error occurs while handling @Input 'shouldDeduplicateHar': The "data" argument must be of type string or an instance of Buffer, TypedArray, or DataView. Received undefined
[2026-09-18T20:46:49.521] [DEBUG] debug-file - A work dispatched to worker[9] failed because unable to get work from ready queue.
[2026-09-18T20:46:49.518] [DEBUG] debug-file - Task 'entry:default@GeneratePkgModuleJson' cost while wrapping incremental declarations: 1 ms 
[2026-09-18T20:46:49.521] [DEBUG] debug-file - default@PackageHap work[2] has been dispatched to worker[8].
[2026-09-18T20:46:49.518] [DEBUG] debug-file - Incremental task entry:default@GeneratePkgModuleJson pre-execution cost: 1 ms .
[2026-09-18T20:46:49.521] [DEBUG] debug-file - default@PackageHap work[2] is dispatched.
[2026-09-18T20:46:49.518] [DEBUG] debug-file - entry : default@GeneratePkgModuleJson cost memory 0.07323455810546875
[2026-09-18T20:46:49.522] [DEBUG] debug-file - entry : default@PackageHap cost memory 0.3884735107421875
[2026-09-18T20:46:49.518] [INFO] debug-file - UP-TO-DATE :entry:default@GeneratePkgModuleJson...  
[2026-09-18T20:46:49.519] [DEBUG] debug-file - Executing task :entry:default@ProcessCompiledResources
[2026-09-18T20:46:49.519] [DEBUG] debug-file - File: '/Users/abhi/Desktop/HarmonyOS Ports/OpenTwit-Web/entry/build/default/intermediates/preload/default/preload.json' from 'preloadSoJsonPath' is not exists, just ignore.
[2026-09-18T20:46:49.519] [DEBUG] debug-file - Task 'entry:default@ProcessCompiledResources' cost while wrapping incremental declarations: 1 ms 
[2026-09-18T20:46:49.519] [DEBUG] debug-file - entry : default@ProcessCompiledResources cost memory 0.0454559326171875
[2026-09-18T20:46:49.519] [DEBUG] debug-file - runTaskFromQueue task cost before running: 2 s 932 ms 
[2026-09-18T20:46:49.519] [INFO] debug-file - Finished :entry:default@ProcessCompiledResources... after 1 ms 
[2026-09-18T20:46:49.561] [DEBUG] debug-file - current process  memoryUsage: {
  rss: 800735232,
  heapTotal: 81297408,
  heapUsed: 55786360,
  external: 2409006,
  arrayBuffers: 255552
} os memoryUsage :15.941146850585938
[2026-09-18T20:46:49.795] [DEBUG] debug-file - worker[8] has one work done.
[2026-09-18T20:46:49.795] [DEBUG] debug-file - default@PackageHap work[2] done.
[2026-09-18T20:46:49.799] [DEBUG] debug-file - Executing task :entry:default@SignHap
[2026-09-18T20:46:49.796] [DEBUG] debug-file - Executing task :entry:default@PackingCheck
[2026-09-18T20:46:49.801] [ERROR] debug-file - Failed :entry:default@SignHap... 
[2026-09-18T20:46:49.795] [DEBUG] debug-file - A work dispatched to worker[8] failed because unable to get work from ready queue.
[2026-09-18T20:46:49.798] [DEBUG] debug-file - entry : default@PackingCheck cost memory 0.701629638671875
[2026-09-18T20:46:49.801] [DEBUG] debug-file - hvigor build process will be closed with an error.
[2026-09-18T20:46:49.795] [INFO] debug-file - Finished :entry:default@PackageHap... after 237 ms 
[2026-09-18T20:46:49.798] [DEBUG] debug-file - runTaskFromQueue task cost before running: 3 s 211 ms 
[2026-09-18T20:46:49.808] [ERROR] debug-file - [31m00303116 Configuration Error
Error Message: The length of the storePassword or keyPassword field in the signature configuration is less than 32. At file: /Users/abhi/Desktop/HarmonyOS Ports/OpenTwit-Web/build-profile.json5

* Try the following:
  > Re-execute sign your app/atomic service automatically：clear the signingConfigs field in the /Users/abhi/Desktop/HarmonyOS Ports/OpenTwit-Web/build-profile.json5 file and go to Project Structure > Project > Signing Configs and apply the signature material
  > Verify if signingConfigs is overridden in the project-level and module-level hvigorfile.ts. If so, use the error message to ensure the configuration is correct.
[39m

[31m* Try:
> Run with --stacktrace option to get the stack trace.
> Run with --debug option to get more log output.

[2026-09-18T20:46:49.798] [INFO] debug-file - Finished :entry:default@PackingCheck... after 3 ms 
[2026-09-18T20:46:49.808] [DEBUG] debug-file - ERROR: stacktrace = AdaptorError: [31m00303116 Configuration Error
Error Message: The length of the storePassword or keyPassword field in the signature configuration is less than 32. At file: /Users/abhi/Desktop/HarmonyOS Ports/OpenTwit-Web/build-profile.json5

* Try the following:
  > Re-execute sign your app/atomic service automatically：clear the signingConfigs field in the /Users/abhi/Desktop/HarmonyOS Ports/OpenTwit-Web/build-profile.json5 file and go to Project Structure > Project > Signing Configs and apply the signature material
  > Verify if signingConfigs is overridden in the project-level and module-level hvigorfile.ts. If so, use the error message to ensure the configuration is correct.
[39m
    at OhosLogger.printErrorExit (/Users/abhi/Developer/command-line-tools/hvigor/hvigor/src/base/log/hvigor-log.js:1:5087)
    at DecipherUtil.decryptPwd (/Users/abhi/.hvigor/project_caches/0947245c615fa1be5fb4a847626f95c7/workspace/node_modules/.pnpm/@ohos+hvigor-ohos-plugin@6.24.2/node_modules/@ohos/hvigor-ohos-plugin/src/utils/decipher-util.js:1:506)
    at HapSignCommandBuilder.getKeyStorePwd (/Users/abhi/.hvigor/project_caches/0947245c615fa1be5fb4a847626f95c7/workspace/node_modules/.pnpm/@ohos+hvigor-ohos-plugin@6.24.2/node_modules/@ohos/hvigor-ohos-plugin/src/tasks/sign/command-builder-impl/common-sign-command-builder.js:1:1341)
    at HapSignCommandBuilder.initCommandParams (/Users/abhi/.hvigor/project_caches/0947245c615fa1be5fb4a847626f95c7/workspace/node_modules/.pnpm/@ohos+hvigor-ohos-plugin@6.24.2/node_modules/@ohos/hvigor-ohos-plugin/src/tasks/sign/command-builder-impl/hap-sign-command-builder.js:1:771)
    at HapSignCommandBuilder.getSignCommand (/Users/abhi/.hvigor/project_caches/0947245c615fa1be5fb4a847626f95c7/workspace/node_modules/.pnpm/@ohos+hvigor-ohos-plugin@6.24.2/node_modules/@ohos/hvigor-ohos-plugin/src/tasks/sign/command-builder-impl/common-sign-command-builder.js:1:1053)
    at SignUtil.executeSign (/Users/abhi/.hvigor/project_caches/0947245c615fa1be5fb4a847626f95c7/workspace/node_modules/.pnpm/@ohos+hvigor-ohos-plugin@6.24.2/node_modules/@ohos/hvigor-ohos-plugin/src/tasks/sign/sign-util.js:1:4163)
    at SignUtil.sign (/Users/abhi/.hvigor/project_caches/0947245c615fa1be5fb4a847626f95c7/workspace/node_modules/.pnpm/@ohos+hvigor-ohos-plugin@6.24.2/node_modules/@ohos/hvigor-ohos-plugin/src/tasks/sign/sign-util.js:1:2319)
    at SignHap.doTaskAction (/Users/abhi/.hvigor/project_caches/0947245c615fa1be5fb4a847626f95c7/workspace/node_modules/.pnpm/@ohos+hvigor-ohos-plugin@6.24.2/node_modules/@ohos/hvigor-ohos-plugin/src/tasks/sign-hap.js:1:1763)
    at SignHap.<anonymous> (/Users/abhi/.hvigor/project_caches/0947245c615fa1be5fb4a847626f95c7/workspace/node_modules/.pnpm/@ohos+hvigor-ohos-plugin@6.24.2/node_modules/@ohos/hvigor-ohos-plugin/src/tasks/task/ohos-module-task.js:1:2137)
    at async SignHap.execute (/Users/abhi/Developer/command-line-tools/hvigor/hvigor/src/base/external/task/core-task-impl.js:1:2258)
[2026-09-18T20:46:49.808] [ERROR] debug-file - AdaptorError: [31m00303116 Configuration Error
Error Message: The length of the storePassword or keyPassword field in the signature configuration is less than 32. At file: /Users/abhi/Desktop/HarmonyOS Ports/OpenTwit-Web/build-profile.json5

* Try the following:
  > Re-execute sign your app/atomic service automatically：clear the signingConfigs field in the /Users/abhi/Desktop/HarmonyOS Ports/OpenTwit-Web/build-profile.json5 file and go to Project Structure > Project > Signing Configs and apply the signature material
  > Verify if signingConfigs is overridden in the project-level and module-level hvigorfile.ts. If so, use the error message to ensure the configuration is correct.
[39m
    at OhosLogger.printErrorExit (/Users/abhi/Developer/command-line-tools/hvigor/hvigor/src/base/log/hvigor-log.js:1:5087)
    at DecipherUtil.decryptPwd (/Users/abhi/.hvigor/project_caches/0947245c615fa1be5fb4a847626f95c7/workspace/node_modules/.pnpm/@ohos+hvigor-ohos-plugin@6.24.2/node_modules/@ohos/hvigor-ohos-plugin/src/utils/decipher-util.js:1:506)
    at HapSignCommandBuilder.getKeyStorePwd (/Users/abhi/.hvigor/project_caches/0947245c615fa1be5fb4a847626f95c7/workspace/node_modules/.pnpm/@ohos+hvigor-ohos-plugin@6.24.2/node_modules/@ohos/hvigor-ohos-plugin/src/tasks/sign/command-builder-impl/common-sign-command-builder.js:1:1341)
    at HapSignCommandBuilder.initCommandParams (/Users/abhi/.hvigor/project_caches/0947245c615fa1be5fb4a847626f95c7/workspace/node_modules/.pnpm/@ohos+hvigor-ohos-plugin@6.24.2/node_modules/@ohos/hvigor-ohos-plugin/src/tasks/sign/command-builder-impl/hap-sign-command-builder.js:1:771)
    at HapSignCommandBuilder.getSignCommand (/Users/abhi/.hvigor/project_caches/0947245c615fa1be5fb4a847626f95c7/workspace/node_modules/.pnpm/@ohos+hvigor-ohos-plugin@6.24.2/node_modules/@ohos/hvigor-ohos-plugin/src/tasks/sign/command-builder-impl/common-sign-command-builder.js:1:1053)
    at SignUtil.executeSign (/Users/abhi/.hvigor/project_caches/0947245c615fa1be5fb4a847626f95c7/workspace/node_modules/.pnpm/@ohos+hvigor-ohos-plugin@6.24.2/node_modules/@ohos/hvigor-ohos-plugin/src/tasks/sign/sign-util.js:1:4163)
    at SignUtil.sign (/Users/abhi/.hvigor/project_caches/0947245c615fa1be5fb4a847626f95c7/workspace/node_modules/.pnpm/@ohos+hvigor-ohos-plugin@6.24.2/node_modules/@ohos/hvigor-ohos-plugin/src/tasks/sign/sign-util.js:1:2319)
    at SignHap.doTaskAction (/Users/abhi/.hvigor/project_caches/0947245c615fa1be5fb4a847626f95c7/workspace/node_modules/.pnpm/@ohos+hvigor-ohos-plugin@6.24.2/node_modules/@ohos/hvigor-ohos-plugin/src/tasks/sign-hap.js:1:1763)
    at SignHap.<anonymous> (/Users/abhi/.hvigor/project_caches/0947245c615fa1be5fb4a847626f95c7/workspace/node_modules/.pnpm/@ohos+hvigor-ohos-plugin@6.24.2/node_modules/@ohos/hvigor-ohos-plugin/src/tasks/task/ohos-module-task.js:1:2137)
    at async SignHap.execute (/Users/abhi/Developer/command-line-tools/hvigor/hvigor/src/base/external/task/core-task-impl.js:1:2258)
[2026-09-18T20:46:49.809] [ERROR] debug-file - BUILD FAILED in 3 s 222 ms 
[2026-09-18T20:46:49.809] [DEBUG] debug-file - There is no need to refresh cache, since the incremental task entry:default@PreBuild is up-to-date.
[2026-09-18T20:46:49.809] [DEBUG] debug-file - Update task entry:default@CreateModuleInfo output file:/Users/abhi/Desktop/HarmonyOS Ports/OpenTwit-Web/entry/build/default/generated/profile/default/ModuleInfo.ts cache.
[2026-09-18T20:46:49.809] [DEBUG] debug-file - Incremental task entry:default@CreateModuleInfo post-execution cost:1 ms .
[2026-09-18T20:46:49.809] [DEBUG] debug-file - There is no need to refresh cache, since the incremental task entry:default@GenerateMetadata is up-to-date.
[2026-09-18T20:46:49.809] [DEBUG] debug-file - There is no need to refresh cache, since the incremental task entry:default@MergeProfile is up-to-date.
[2026-09-18T20:46:49.809] [DEBUG] debug-file - There is no need to refresh cache, since the incremental task entry:default@CreateBuildProfile is up-to-date.
[2026-09-18T20:46:49.809] [DEBUG] debug-file - Update task entry:default@GeneratePkgContextInfo output file:/Users/abhi/Desktop/HarmonyOS Ports/OpenTwit-Web/entry/build/default/intermediates/loader/default/pkgContextInfo.json cache.
[2026-09-18T20:46:49.809] [DEBUG] debug-file - Incremental task entry:default@GeneratePkgContextInfo post-execution cost:1 ms .
[2026-09-18T20:46:49.809] [DEBUG] debug-file - There is no need to refresh cache, since the incremental task entry:default@GeneratePkgSdkInfo is up-to-date.
[2026-09-18T20:46:49.809] [DEBUG] debug-file - Update task entry:default@ProcessIntegratedHsp output file:/Users/abhi/Desktop/HarmonyOS Ports/OpenTwit-Web/build/cache/default/integrated_hsp/integratedHspCache.json cache.
[2026-09-18T20:46:49.809] [DEBUG] debug-file - Incremental task entry:default@ProcessIntegratedHsp post-execution cost:1 ms .
[2026-09-18T20:46:49.809] [DEBUG] debug-file - There is no need to refresh cache, since the incremental task entry:default@MakePackInfo is up-to-date.
[2026-09-18T20:46:49.809] [DEBUG] debug-file - There is no need to refresh cache, since the incremental task entry:default@SyscapTransform is up-to-date.
[2026-09-18T20:46:49.809] [DEBUG] debug-file - There is no need to refresh cache, since the incremental task entry:default@ProcessProfile is up-to-date.
[2026-09-18T20:46:49.809] [DEBUG] debug-file - There is no need to refresh cache, since the incremental task entry:default@ProcessRouterMap is up-to-date.
[2026-09-18T20:46:49.809] [DEBUG] debug-file - There is no need to refresh cache, since the incremental task entry:default@ProcessShareConfig is up-to-date.
[2026-09-18T20:46:49.809] [DEBUG] debug-file - Update task entry:default@ProcessStartupConfig output file:/Users/abhi/Desktop/HarmonyOS Ports/OpenTwit-Web/entry/build/default/intermediates/startup/default/startup_config.json cache.
[2026-09-18T20:46:49.810] [DEBUG] debug-file - Incremental task entry:default@ProcessStartupConfig post-execution cost:1 ms .
[2026-09-18T20:46:49.810] [DEBUG] debug-file - There is no need to refresh cache, since the incremental task entry:default@ProcessResource is up-to-date.
[2026-09-18T20:46:49.810] [DEBUG] debug-file - There is no need to refresh cache, since the incremental task entry:default@GenerateLoaderJson is up-to-date.
[2026-09-18T20:46:49.810] [DEBUG] debug-file - There is no need to refresh cache, since the incremental task entry:default@ProcessLibs is up-to-date.
[2026-09-18T20:46:49.810] [DEBUG] debug-file - There is no need to refresh cache, since the incremental task entry:default@CompileResource is up-to-date.
[2026-09-18T20:46:49.810] [DEBUG] debug-file - There is no need to refresh cache, since the incremental task entry:default@DoNativeStrip is up-to-date.
[2026-09-18T20:46:49.810] [DEBUG] debug-file - Update task entry:default@CompileArkTS input file:/Users/abhi/Desktop/HarmonyOS Ports/OpenTwit-Web/entry/build/default/intermediates/loader/default cache by regenerate.
[2026-09-18T20:46:49.810] [DEBUG] debug-file - Update task entry:default@CompileArkTS input file:/Users/abhi/Desktop/HarmonyOS Ports/OpenTwit-Web/entry/build/default/intermediates/res/default/ResourceTable.txt cache by regenerate.
[2026-09-18T20:46:49.810] [DEBUG] debug-file - Update task entry:default@CompileArkTS input file:/Users/abhi/Desktop/HarmonyOS Ports/OpenTwit-Web/entry/build/default/intermediates/res/default/ark_module.json cache by regenerate.
[2026-09-18T20:46:49.810] [DEBUG] debug-file - Update task entry:default@CompileArkTS input file:/Users/abhi/Desktop/HarmonyOS Ports/OpenTwit-Web/entry/build/default/intermediates/res/default/resources/base/profile cache by regenerate.
[2026-09-18T20:46:49.810] [DEBUG] debug-file - Update task entry:default@CompileArkTS input file:/Users/abhi/Desktop/HarmonyOS Ports/OpenTwit-Web/entry/src/main/ets cache from map.
[2026-09-18T20:46:49.810] [DEBUG] debug-file - Update task entry:default@CompileArkTS input file:/Users/abhi/Desktop/HarmonyOS Ports/OpenTwit-Web/entry/build/default/generated/profile/default/BuildProfile.ets cache by regenerate.
[2026-09-18T20:46:49.810] [DEBUG] debug-file - Update task entry:default@CompileArkTS output file:/Users/abhi/Desktop/HarmonyOS Ports/OpenTwit-Web/entry/build/default/intermediates/loader_out/default/ets cache.
[2026-09-18T20:46:49.810] [DEBUG] debug-file - Incremental task entry:default@CompileArkTS post-execution cost:1 ms .
[2026-09-18T20:46:49.810] [DEBUG] debug-file - Update task entry:default@BuildJS input file:/Users/abhi/Desktop/HarmonyOS Ports/OpenTwit-Web/entry/build/default/intermediates/loader/default cache by regenerate.
[2026-09-18T20:46:49.810] [DEBUG] debug-file - Update task entry:default@BuildJS input file:/Users/abhi/Desktop/HarmonyOS Ports/OpenTwit-Web/entry/build/default/intermediates/res/default/ResourceTable.txt cache by regenerate.
[2026-09-18T20:46:49.810] [DEBUG] debug-file - Update task entry:default@BuildJS input file:/Users/abhi/Desktop/HarmonyOS Ports/OpenTwit-Web/entry/build/default/intermediates/res/default/ark_module.json cache by regenerate.
[2026-09-18T20:46:49.810] [DEBUG] debug-file - Update task entry:default@BuildJS input file:/Users/abhi/Desktop/HarmonyOS Ports/OpenTwit-Web/entry/build/default/intermediates/res/default/resources/base/profile cache by regenerate.
[2026-09-18T20:46:49.810] [DEBUG] debug-file - Update task entry:default@BuildJS output file:/Users/abhi/Desktop/HarmonyOS Ports/OpenTwit-Web/entry/build/default/intermediates/loader_out/default/js cache.
[2026-09-18T20:46:49.810] [DEBUG] debug-file - Incremental task entry:default@BuildJS post-execution cost:1 ms .
[2026-09-18T20:46:49.810] [DEBUG] debug-file - There is no need to refresh cache, since the incremental task entry:default@CacheNativeLibs is up-to-date.
[2026-09-18T20:46:49.810] [DEBUG] debug-file - There is no need to refresh cache, since the incremental task entry:default@GeneratePkgModuleJson is up-to-date.
[2026-09-18T20:46:49.810] [DEBUG] debug-file - Incremental task entry:default@ProcessCompiledResources post-execution cost:1 ms .
[2026-09-18T20:46:49.810] [DEBUG] debug-file - Update task entry:default@PackageHap input file:/Users/abhi/Desktop/HarmonyOS Ports/OpenTwit-Web/entry/build/default/intermediates/stripped_native_libs/default cache by regenerate.
[2026-09-18T20:46:49.811] [DEBUG] debug-file - Update task entry:default@PackageHap input file:/Users/abhi/Desktop/HarmonyOS Ports/OpenTwit-Web/entry/build/default/intermediates/res/default/module.json cache by regenerate.
[2026-09-18T20:46:49.811] [DEBUG] debug-file - Update task entry:default@PackageHap input file:/Users/abhi/Desktop/HarmonyOS Ports/OpenTwit-Web/entry/build/default/intermediates/res/default/resources cache by regenerate.
[2026-09-18T20:46:49.811] [DEBUG] debug-file - Update task entry:default@PackageHap input file:/Users/abhi/Desktop/HarmonyOS Ports/OpenTwit-Web/entry/build/default/intermediates/res/default/resources.index cache by regenerate.
[2026-09-18T20:46:49.811] [DEBUG] debug-file - Update task entry:default@PackageHap input file:/Users/abhi/Desktop/HarmonyOS Ports/OpenTwit-Web/entry/build/default/outputs/default/pack.info cache by regenerate.
[2026-09-18T20:46:49.811] [DEBUG] debug-file - Update task entry:default@PackageHap input file:/Users/abhi/Desktop/HarmonyOS Ports/OpenTwit-Web/entry/build/default/intermediates/syscap/default/rpcid.sc cache by regenerate.
[2026-09-18T20:46:49.811] [DEBUG] debug-file - Update task entry:default@PackageHap input file:/Users/abhi/Desktop/HarmonyOS Ports/OpenTwit-Web/entry/build/default/intermediates/loader_out/default/ets cache from map.
[2026-09-18T20:46:49.811] [DEBUG] debug-file - Update task entry:default@PackageHap input file:/Users/abhi/Desktop/HarmonyOS Ports/OpenTwit-Web/entry/build/default/intermediates/loader/default/pkgSdkInfo.json cache by regenerate.
[2026-09-18T20:46:49.811] [DEBUG] debug-file - Update task entry:default@PackageHap input file:/Users/abhi/Desktop/HarmonyOS Ports/OpenTwit-Web/entry/build/default/intermediates/loader_out/default/ets/sourceMaps.map cache by regenerate.
[2026-09-18T20:46:49.811] [DEBUG] debug-file - Update task entry:default@PackageHap input file:/Users/abhi/Desktop/HarmonyOS Ports/OpenTwit-Web/entry/build/default/generated/profile/default/BuildProfile.ets cache by regenerate.
[2026-09-18T20:46:49.811] [DEBUG] debug-file - Update task entry:default@PackageHap output file:/Users/abhi/Desktop/HarmonyOS Ports/OpenTwit-Web/entry/build/default/outputs/default/entry-default-unsigned.hap cache.
[2026-09-18T20:46:49.811] [DEBUG] debug-file - Update task entry:default@PackageHap output file:/Users/abhi/Desktop/HarmonyOS Ports/OpenTwit-Web/entry/build/default/intermediates/source_map/default/sourceMaps.map cache.
[2026-09-18T20:46:49.811] [DEBUG] debug-file - Update task entry:default@PackageHap output file:/Users/abhi/Desktop/HarmonyOS Ports/OpenTwit-Web/entry/build/default/outputs/default/mapping/sourceMaps.map cache.
[2026-09-18T20:46:49.811] [DEBUG] debug-file - Incremental task entry:default@PackageHap post-execution cost:1 ms .
[2026-09-18T20:46:49.811] [DEBUG] debug-file - Update task entry:default@SignHap input file:/Users/abhi/.ohos/config/debug.cer cache by regenerate.
[2026-09-18T20:46:49.811] [DEBUG] debug-file - Update task entry:default@SignHap input file:/Users/abhi/.ohos/config/debug.p7b cache by regenerate.
[2026-09-18T20:46:49.811] [DEBUG] debug-file - Update task entry:default@SignHap input file:/Users/abhi/.ohos/config/debug.p12 cache by regenerate.
[2026-09-18T20:46:49.811] [DEBUG] debug-file - Update task entry:default@SignHap input file:/Users/abhi/Desktop/HarmonyOS Ports/OpenTwit-Web/entry/build/default/outputs/default/entry-default-unsigned.hap cache by regenerate.
[2026-09-18T20:46:49.811] [DEBUG] debug-file - Update task entry:default@SignHap output file:/Users/abhi/Desktop/HarmonyOS Ports/OpenTwit-Web/entry/build/default/outputs/default/entry-default-signed.hap cache.
[2026-09-18T20:46:49.811] [DEBUG] debug-file - Incremental task entry:default@SignHap post-execution cost:1 ms .
[2026-09-18T20:46:49.815] [DEBUG] debug-file - Current worker pool is stopped or closed.
[2026-09-18T20:46:49.815] [DEBUG] debug-file - Clear worker 0.
[2026-09-18T20:46:49.815] [DEBUG] debug-file - Worker 0 has been cleared.
[2026-09-18T20:46:49.815] [DEBUG] debug-file - Current idle worker size: 3.
[2026-09-18T20:46:49.815] [DEBUG] debug-file - Current busy worker size: 0.
[2026-09-18T20:46:49.815] [DEBUG] debug-file - Clear worker 1.
[2026-09-18T20:46:49.815] [DEBUG] debug-file - Worker 1 has been cleared.
[2026-09-18T20:46:49.816] [DEBUG] debug-file - Current idle worker size: 2.
[2026-09-18T20:46:49.816] [DEBUG] debug-file - Current busy worker size: 0.
[2026-09-18T20:46:49.816] [DEBUG] debug-file - Clear worker 4.
[2026-09-18T20:46:49.816] [DEBUG] debug-file - Worker 4 has been cleared.
[2026-09-18T20:46:49.816] [DEBUG] debug-file - Current idle worker size: 1.
[2026-09-18T20:46:49.816] [DEBUG] debug-file - Current busy worker size: 0.
[2026-09-18T20:46:49.816] [DEBUG] debug-file - Clear worker 8.
[2026-09-18T20:46:49.816] [DEBUG] debug-file - Worker 8 has been cleared.
[2026-09-18T20:46:49.816] [DEBUG] debug-file - Current idle worker size: 0.
[2026-09-18T20:46:49.816] [DEBUG] debug-file - Current busy worker size: 0.
[2026-09-18T20:46:49.816] [DEBUG] debug-file - hvigor build process will be closed.
[2026-09-18T20:46:49.817] [DEBUG] debug-file - Current worker pool is terminated.
[2026-09-18T20:46:49.817] [DEBUG] debug-file - worker[0] exits with exit code 1.
[2026-09-18T20:46:49.817] [DEBUG] debug-file - worker[1] exits with exit code 1.
[2026-09-18T20:46:49.818] [DEBUG] debug-file - worker[8] exits with exit code 1.
[2026-09-18T20:46:49.825] [DEBUG] debug-file - worker[4] exits with exit code 1.
[2026-09-18T20:49:03.091] [DEBUG] debug-file - env: nodejsVersion=v18.20.1
[2026-09-18T20:49:03.198] [DEBUG] debug-file - Hvigor init with startParameters:{
  hvigorfileTypeCheck: false,
  parallelExecution: true,
  incrementalExecution: true,
  printStackTrace: false,
  daemon: false,
  analyze: 0,
  logLevel: Level { level: 20000, levelStr: 'INFO', colour: 'green' },
  optimizationStrategy: 'memory',
  hotCompile: undefined,
  hotReloadBuild: undefined,
  customizedParam: undefined
}
[2026-09-18T20:49:03.625] [DEBUG] debug-file - hvigorfile, require result:  { default: { system: [Function: appTasks], plugins: [] } }
[2026-09-18T20:49:03.625] [DEBUG] debug-file - Starting plugin build process
[2026-09-18T20:49:03.699] [DEBUG] debug-file - App plugin register hook start...
[2026-09-18T20:49:03.701] [DEBUG] debug-file - Obtain build option for product 'default'in this build.
[2026-09-18T20:49:03.703] [DEBUG] debug-file - Start recording SDK configuration permission data.
[2026-09-18T20:49:03.722] [DEBUG] debug-file - Project task initialization takes 3 ms 
[2026-09-18T20:49:03.725] [DEBUG] debug-file - failed to load cangjie to dynamically generate schemas: Error: Cannot find module '@ohos/cangjie-build-support/index'
Require stack:
- /Users/abhi/.hvigor/project_caches/0947245c615fa1be5fb4a847626f95c7/workspace/node_modules/.pnpm/@ohos+hvigor-ohos-plugin@6.24.2/node_modules/@ohos/hvigor-ohos-plugin/src/plugin/hooks/cangjie-register.js
- /Users/abhi/.hvigor/project_caches/0947245c615fa1be5fb4a847626f95c7/workspace/node_modules/.pnpm/@ohos+hvigor-ohos-plugin@6.24.2/node_modules/@ohos/hvigor-ohos-plugin/src/plugin/strategy/stage-init-strategy.js
- /Users/abhi/.hvigor/project_caches/0947245c615fa1be5fb4a847626f95c7/workspace/node_modules/.pnpm/@ohos+hvigor-ohos-plugin@6.24.2/node_modules/@ohos/hvigor-ohos-plugin/src/plugin/builder/abstract-plugin-builder.js
- /Users/abhi/.hvigor/project_caches/0947245c615fa1be5fb4a847626f95c7/workspace/node_modules/.pnpm/@ohos+hvigor-ohos-plugin@6.24.2/node_modules/@ohos/hvigor-ohos-plugin/src/plugin/builder/app-plugin-builder.js
- /Users/abhi/.hvigor/project_caches/0947245c615fa1be5fb4a847626f95c7/workspace/node_modules/.pnpm/@ohos+hvigor-ohos-plugin@6.24.2/node_modules/@ohos/hvigor-ohos-plugin/src/plugin/factory/plugin-factory.js
- /Users/abhi/.hvigor/project_caches/0947245c615fa1be5fb4a847626f95c7/workspace/node_modules/.pnpm/@ohos+hvigor-ohos-plugin@6.24.2/node_modules/@ohos/hvigor-ohos-plugin/index.js
- /Users/abhi/Desktop/HarmonyOS Ports/OpenTwit-Web/hvigorfile.ts
- /Users/abhi/Developer/command-line-tools/hvigor/hvigor/src/base/internal/lifecycle/configuration.js
- /Users/abhi/Developer/command-line-tools/hvigor/hvigor/src/base/boot/index.js
- /Users/abhi/Developer/command-line-tools/hvigor/hvigor/src/cli/main/cli.js
- /Users/abhi/Developer/command-line-tools/hvigor/hvigor/bin/hvigor.js
[2026-09-18T20:49:03.730] [DEBUG] debug-file - Start initialize module-target build option map, moduleName=entry, buildMode=debug
[2026-09-18T20:49:03.733] [DEBUG] debug-file - project has submodules:entry
[2026-09-18T20:49:03.733] [DEBUG] debug-file - start to load updatedOhPackageInfo to the disk
[2026-09-18T20:49:03.735] [DEBUG] debug-file - Start to initialize dependency information.
[2026-09-18T20:49:03.738] [DEBUG] debug-file - Since there is no instance or instance is terminated, create a new worker pool.
[2026-09-18T20:49:03.738] [DEBUG] debug-file - Create  resident worker with id: 0.
[2026-09-18T20:49:03.741] [DEBUG] debug-file - Executing task :entry:default@PreBuild
[2026-09-18T20:49:03.700] [DEBUG] debug-file - Start initialize project's product build option map with build mode debug.
[2026-09-18T20:49:03.749] [DEBUG] debug-file - Executing task :entry:default@CreateBuildProfile
[2026-09-18T20:49:03.750] [DEBUG] debug-file - Executing task :entry:default@PreCheckSyscap
[2026-09-18T20:49:03.750] [DEBUG] debug-file - Executing task :entry:default@GeneratePkgContextInfo
[2026-09-18T20:49:03.754] [DEBUG] debug-file - Executing task :entry:default@ProcessIntegratedHsp
[2026-09-18T20:49:03.755] [DEBUG] debug-file - Executing task :entry:default@BuildNativeWithCmake
[2026-09-18T20:49:03.755] [DEBUG] debug-file - Executing task :entry:default@MakePackInfo
[2026-09-18T20:49:03.756] [DEBUG] debug-file - Executing task :entry:default@SyscapTransform
[2026-09-18T20:49:03.762] [DEBUG] debug-file - Executing task :entry:default@ProcessProfile
[2026-09-18T20:49:03.763] [DEBUG] debug-file - Executing task :entry:default@ProcessRouterMap
[2026-09-18T20:49:03.764] [DEBUG] debug-file - Executing task :entry:default@ProcessShareConfig
[2026-09-18T20:49:03.764] [DEBUG] debug-file - Executing task :entry:default@ProcessStartupConfig
[2026-09-18T20:49:03.765] [DEBUG] debug-file - Executing task :entry:default@BuildNativeWithNinja
[2026-09-18T20:49:03.766] [DEBUG] debug-file - Executing task :entry:default@ProcessResource
[2026-09-18T20:49:03.767] [DEBUG] debug-file - Executing task :entry:default@GenerateLoaderJson
[2026-09-18T20:49:03.769] [DEBUG] debug-file - Executing task :entry:default@ProcessLibs
[2026-09-18T20:49:03.770] [DEBUG] debug-file - Executing task :entry:default@CompileResource
[2026-09-18T20:49:03.772] [DEBUG] debug-file - Executing task :entry:default@DoNativeStrip
[2026-09-18T20:49:03.747] [DEBUG] debug-file - Executing task :entry:default@GenerateMetadata
[2026-09-18T20:49:03.772] [DEBUG] debug-file - Executing task :entry:default@CompileArkTS
[2026-09-18T20:49:03.779] [DEBUG] debug-file - Executing task :entry:default@BuildJS
[2026-09-18T20:49:03.780] [DEBUG] debug-file - Executing task :entry:default@CacheNativeLibs
[2026-09-18T20:49:03.092] [DEBUG] debug-file - env: hvigor-config.json5 content = {
  modelVersion: '5.0.0',
  hvigorVersion: '6.24.2',
  dependencies: { '@ohos/hvigor-ohos-plugin': '6.24.2' }
}
[2026-09-18T20:49:03.200] [DEBUG] debug-file - Cache service initialization finished in 2 ms 
[2026-09-18T20:49:03.625] [DEBUG] debug-file - hvigorfile, binding system plugins [Function: appTasks]
[2026-09-18T20:49:03.626] [DEBUG] debug-file - App plugin prepare start...
[2026-09-18T20:49:03.700] [DEBUG] debug-file - App plugin register hook end...
[2026-09-18T20:49:03.702] [DEBUG] debug-file - /Users/abhi/Desktop/HarmonyOS Ports/OpenTwit-Web/build/cache/default/remote_hsp/remoteHspCache.json not exists.
[2026-09-18T20:49:03.719] [DEBUG] debug-file - Sdk init in 17 ms 
[2026-09-18T20:49:03.722] [DEBUG] debug-file - hvigorfile, begin to bind custom plugins...
[2026-09-18T20:49:03.730] [DEBUG] debug-file - Target 'default' config initialized
[2026-09-18T20:49:03.734] [DEBUG] debug-file - load to the disk finished
[2026-09-18T20:49:03.735] [DEBUG] debug-file - Module entry Collected Dependency: 
[2026-09-18T20:49:03.738] [DEBUG] debug-file - Worker pool is initialized with config:  {
  minPoolNum: 2,
  maxPoolNum: undefined,
  maxCoreSize: undefined,
  cacheCapacity: undefined,
  cacheTtl: undefined
}
[2026-09-18T20:49:03.739] [DEBUG] debug-file - Create  resident worker with id: 1.
[2026-09-18T20:49:03.741] [WARN] debug-file - The project has not explicitly set the 'targetSdkVersion' version at build-profile.json5. It is recommended to configure it. Reference: https://developer.huawei.com/consumer/en/doc/harmonyos-guides/ide-hvigor-build-profile-app#section45865492619
[2026-09-18T20:49:03.700] [DEBUG] debug-file - Picking option from product 'default' with build mode 'debug'.
[2026-09-18T20:49:03.749] [DEBUG] debug-file - Task 'entry:default@CreateBuildProfile' cost while wrapping incremental declarations: 1 ms 
[2026-09-18T20:49:03.750] [DEBUG] debug-file - entry : default@PreCheckSyscap cost memory 0.01557159423828125
[2026-09-18T20:49:03.753] [DEBUG] debug-file - Task 'entry:default@GeneratePkgContextInfo' cost while wrapping incremental declarations: 1 ms 
[2026-09-18T20:49:03.755] [DEBUG] debug-file - entry:default@ProcessIntegratedHsp is not up-to-date, since the output file '/Users/abhi/Desktop/HarmonyOS Ports/OpenTwit-Web/build/cache/default/integrated_hsp/integratedHspCache.json' does not exist.
[2026-09-18T20:49:03.755] [DEBUG] debug-file - entry : default@BuildNativeWithCmake cost memory 0.01372528076171875
[2026-09-18T20:49:03.756] [DEBUG] debug-file - Incremental task entry:default@MakePackInfo pre-execution cost: 1 ms .
[2026-09-18T20:49:03.756] [DEBUG] debug-file - File: '/Users/abhi/Desktop/HarmonyOS Ports/OpenTwit-Web/entry/src/main/syscap.json' from 'sysCapJsonPath' is not exists, just ignore.
[2026-09-18T20:49:03.762] [DEBUG] debug-file - Task 'entry:default@ProcessProfile' cost while wrapping incremental declarations: 1 ms 
[2026-09-18T20:49:03.765] [DEBUG] debug-file - entry : default@BuildNativeWithNinja cost memory 0.01860809326171875
[2026-09-18T20:49:03.766] [DEBUG] debug-file - Task 'entry:default@ProcessResource' cost while wrapping incremental declarations: 1 ms 
[2026-09-18T20:49:03.767] [DEBUG] debug-file - Task 'entry:default@GenerateLoaderJson' cost while wrapping incremental declarations: 1 ms 
[2026-09-18T20:49:03.769] [DEBUG] debug-file - Incremental task entry:default@ProcessLibs pre-execution cost: 1 ms .
[2026-09-18T20:49:03.763] [DEBUG] debug-file - Incremental task entry:default@ProcessRouterMap pre-execution cost: 1 ms .
[2026-09-18T20:49:03.772] [DEBUG] debug-file - File: '/Users/abhi/Desktop/HarmonyOS Ports/OpenTwit-Web/entry/build/default/intermediates/binxo/default' from 'doBinxoNativeLibs' is not exists, just ignore.
[2026-09-18T20:49:03.747] [DEBUG] debug-file - Task 'entry:default@GenerateMetadata' cost while wrapping incremental declarations: 1 ms 
[2026-09-18T20:49:03.764] [DEBUG] debug-file - Task 'entry:default@ProcessStartupConfig' cost while wrapping incremental declarations: 1 ms 
[2026-09-18T20:49:03.771] [DEBUG] debug-file - Incremental task entry:default@CompileResource pre-execution cost: 2 ms .
[2026-09-18T20:49:03.764] [DEBUG] debug-file - Incremental task entry:default@ProcessShareConfig pre-execution cost: 1 ms .
[2026-09-18T20:49:03.773] [DEBUG] debug-file - obfuscationOptions: undefined
[2026-09-18T20:49:03.779] [DEBUG] debug-file - Task 'entry:default@BuildJS' cost while wrapping incremental declarations: 1 ms 
[2026-09-18T20:49:03.780] [DEBUG] debug-file - File: '/Users/abhi/Desktop/HarmonyOS Ports/OpenTwit-Web/entry/build/default/intermediates/binxo/default' from 'cacheBinxoNativeLibs' is not exists, just ignore.
[2026-09-18T20:49:03.092] [DEBUG] debug-file - env: daemon=false
[2026-09-18T20:49:03.200] [DEBUG] debug-file - hvigorfile, resolving /Users/abhi/Desktop/HarmonyOS Ports/OpenTwit-Web/hvigorfile.ts
[2026-09-18T20:49:03.626] [DEBUG] debug-file - App plugin prepare end...
[2026-09-18T20:49:03.700] [DEBUG] debug-file - Plugin build process completed
[2026-09-18T20:49:03.722] [DEBUG] debug-file - hvigorfile, no custom plugins were found in /Users/abhi/Desktop/HarmonyOS Ports/OpenTwit-Web/hvigorfile.ts
[2026-09-18T20:49:03.730] [DEBUG] debug-file - Module 'entry' target 'default' build option initialized
[2026-09-18T20:49:03.734] [DEBUG] debug-file - Start to initialize dependency information.
[2026-09-18T20:49:03.743] [DEBUG] debug-file - Task 'entry:default@PreBuild' cost while wrapping incremental declarations: 1 ms 
[2026-09-18T20:49:03.700] [DEBUG] debug-file - Product 'default' build option initialized
[2026-09-18T20:49:03.749] [DEBUG] debug-file - Incremental task entry:default@CreateBuildProfile pre-execution cost: 1 ms .
[2026-09-18T20:49:03.750] [DEBUG] debug-file - runTaskFromQueue task cost before running: 554 ms 
[2026-09-18T20:49:03.753] [DEBUG] debug-file - entry : default@GeneratePkgContextInfo cost memory 0.46320343017578125
[2026-09-18T20:49:03.755] [DEBUG] debug-file - Incremental task entry:default@ProcessIntegratedHsp pre-execution cost: 1 ms .
[2026-09-18T20:49:03.755] [DEBUG] debug-file - runTaskFromQueue task cost before running: 560 ms 
[2026-09-18T20:49:03.756] [DEBUG] debug-file - entry : default@MakePackInfo cost memory 0.09438323974609375
[2026-09-18T20:49:03.756] [DEBUG] debug-file - Task 'entry:default@SyscapTransform' cost while wrapping incremental declarations: 1 ms 
[2026-09-18T20:49:03.762] [DEBUG] debug-file - Incremental task entry:default@ProcessProfile pre-execution cost: 1 ms .
[2026-09-18T20:49:03.765] [DEBUG] debug-file - runTaskFromQueue task cost before running: 570 ms 
[2026-09-18T20:49:03.766] [DEBUG] debug-file - Incremental task entry:default@ProcessResource pre-execution cost: 1 ms .
[2026-09-18T20:49:03.768] [DEBUG] debug-file - Incremental task entry:default@GenerateLoaderJson pre-execution cost: 1 ms .
[2026-09-18T20:49:03.769] [DEBUG] debug-file - entry : default@ProcessLibs cost memory 0.08152008056640625
[2026-09-18T20:49:03.763] [DEBUG] debug-file - entry : default@ProcessRouterMap cost memory 0.38742828369140625
[2026-09-18T20:49:03.772] [DEBUG] debug-file - Task 'entry:default@DoNativeStrip' cost while wrapping incremental declarations: 1 ms 
[2026-09-18T20:49:03.747] [DEBUG] debug-file - Incremental task entry:default@GenerateMetadata pre-execution cost: 1 ms .
[2026-09-18T20:49:03.765] [DEBUG] debug-file - entry:default@ProcessStartupConfig is not up-to-date, since the output file '/Users/abhi/Desktop/HarmonyOS Ports/OpenTwit-Web/entry/build/default/intermediates/startup/default/startup_config.json' does not exist.
[2026-09-18T20:49:03.771] [DEBUG] debug-file - entry : default@CompileResource cost memory 0.337493896484375
[2026-09-18T20:49:03.764] [DEBUG] debug-file - entry : default@ProcessShareConfig cost memory 0.0900421142578125
[2026-09-18T20:49:03.773] [DEBUG] debug-file - Task 'entry:default@CompileArkTS' cost while wrapping incremental declarations: 1 ms 
[2026-09-18T20:49:03.780] [DEBUG] debug-file - entry : default@BuildJS cost memory 0.11224365234375
[2026-09-18T20:49:03.780] [DEBUG] debug-file - Task 'entry:default@CacheNativeLibs' cost while wrapping incremental declarations: 1 ms 
[2026-09-18T20:49:03.092] [DEBUG] debug-file - no-daemon, use the parent process.execArgv --max-old-space-size=8192,--max-semi-space-size=16,--expose-gc
[2026-09-18T20:49:03.735] [DEBUG] debug-file - Module entry's total dependency: 0
[2026-09-18T20:49:03.626] [DEBUG] debug-file - App plugin creating...
[2026-09-18T20:49:03.722] [DEBUG] debug-file - hvigorfile, resolve finished /Users/abhi/Desktop/HarmonyOS Ports/OpenTwit-Web/hvigorfile.ts
[2026-09-18T20:49:03.730] [DEBUG] debug-file - End initialize module-target build option map, moduleName=entry
[2026-09-18T20:49:03.734] [DEBUG] debug-file - Module OpenTwit-Web Collected Dependency: 
[2026-09-18T20:49:03.745] [DEBUG] debug-file - Incremental task entry:default@PreBuild pre-execution cost: 2 ms .
[2026-09-18T20:49:03.753] [DEBUG] debug-file - runTaskFromQueue task cost before running: 557 ms 
[2026-09-18T20:49:03.755] [DEBUG] debug-file - entry : default@ProcessIntegratedHsp cost memory 0.04705810546875
[2026-09-18T20:49:03.755] [INFO] debug-file - Finished :entry:default@BuildNativeWithCmake... after 1 ms 
[2026-09-18T20:49:03.756] [INFO] debug-file - UP-TO-DATE :entry:default@MakePackInfo...  
[2026-09-18T20:49:03.761] [DEBUG] debug-file - Incremental task entry:default@SyscapTransform pre-execution cost: 5 ms .
[2026-09-18T20:49:03.762] [DEBUG] debug-file - entry : default@ProcessProfile cost memory 0.11234283447265625
[2026-09-18T20:49:03.765] [INFO] debug-file - Finished :entry:default@BuildNativeWithNinja... after 1 ms 
[2026-09-18T20:49:03.766] [DEBUG] debug-file - entry : default@ProcessResource cost memory 0.121490478515625
[2026-09-18T20:49:03.768] [DEBUG] debug-file - entry : default@GenerateLoaderJson cost memory 0.27459716796875
[2026-09-18T20:49:03.769] [INFO] debug-file - UP-TO-DATE :entry:default@ProcessLibs...  
[2026-09-18T20:49:03.763] [INFO] debug-file - UP-TO-DATE :entry:default@ProcessRouterMap...  
[2026-09-18T20:49:03.772] [DEBUG] debug-file - Incremental task entry:default@DoNativeStrip pre-execution cost: 1 ms .
[2026-09-18T20:49:03.747] [DEBUG] debug-file - entry : default@GenerateMetadata cost memory 0.07703399658203125
[2026-09-18T20:49:03.765] [DEBUG] debug-file - Incremental task entry:default@ProcessStartupConfig pre-execution cost: 1 ms .
[2026-09-18T20:49:03.771] [INFO] debug-file - UP-TO-DATE :entry:default@CompileResource...  
[2026-09-18T20:49:03.764] [INFO] debug-file - UP-TO-DATE :entry:default@ProcessShareConfig...  
[2026-09-18T20:49:03.774] [DEBUG] debug-file - entry:default@CompileArkTS is not up-to-date, since the input file '/Users/abhi/Desktop/HarmonyOS Ports/OpenTwit-Web/entry/src/main/ets' has been changed.
[2026-09-18T20:49:03.780] [DEBUG] debug-file - runTaskFromQueue task cost before running: 584 ms 
[2026-09-18T20:49:03.781] [DEBUG] debug-file - Incremental task entry:default@CacheNativeLibs pre-execution cost: 1 ms .
[2026-09-18T20:49:03.736] [DEBUG] debug-file - Configuration phase cost:537 ms 
[2026-09-18T20:49:03.722] [DEBUG] debug-file - hvigorfile, resolving /Users/abhi/Desktop/HarmonyOS Ports/OpenTwit-Web/entry/hvigorfile.ts
[2026-09-18T20:49:03.730] [DEBUG] debug-file - Start initialize module-target build option map, moduleName=entry, buildMode=release
[2026-09-18T20:49:03.734] [DEBUG] debug-file - Module OpenTwit-Web's total dependency: 0
[2026-09-18T20:49:03.745] [DEBUG] debug-file - entry : default@PreBuild cost memory 0.6145401000976562
[2026-09-18T20:49:03.753] [INFO] debug-file - Finished :entry:default@GeneratePkgContextInfo... after 3 ms 
[2026-09-18T20:49:03.755] [DEBUG] debug-file - runTaskFromQueue task cost before running: 559 ms 
[2026-09-18T20:49:03.749] [DEBUG] debug-file - entry : default@CreateBuildProfile cost memory 0.09131622314453125
[2026-09-18T20:49:03.761] [DEBUG] debug-file - entry : default@SyscapTransform cost memory 0.10947418212890625
[2026-09-18T20:49:03.750] [INFO] debug-file - Finished :entry:default@PreCheckSyscap... after 1 ms 
[2026-09-18T20:49:03.700] [DEBUG] debug-file - End initialize project's product build option map with build mode 'debug'.
[2026-09-18T20:49:03.763] [INFO] debug-file - UP-TO-DATE :entry:default@ProcessProfile...  
[2026-09-18T20:49:03.765] [DEBUG] debug-file - restool module names: entry; moduleName=entry, taskName=default@ProcessResource
[2026-09-18T20:49:03.767] [INFO] debug-file - UP-TO-DATE :entry:default@ProcessResource...  
[2026-09-18T20:49:03.769] [INFO] debug-file - UP-TO-DATE :entry:default@GenerateLoaderJson...  
[2026-09-18T20:49:03.772] [DEBUG] debug-file - entry : default@DoNativeStrip cost memory 0.06919097900390625
[2026-09-18T20:49:03.770] [DEBUG] debug-file - restool module names: entry; moduleName=entry, taskName=default@CompileResource
[2026-09-18T20:49:03.747] [INFO] debug-file - UP-TO-DATE :entry:default@GenerateMetadata...  
[2026-09-18T20:49:03.765] [DEBUG] debug-file - entry : default@ProcessStartupConfig cost memory 0.0744476318359375
[2026-09-18T20:49:03.774] [DEBUG] debug-file - Incremental task entry:default@CompileArkTS pre-execution cost: 1 ms .
[2026-09-18T20:49:03.780] [INFO] debug-file - Finished :entry:default@BuildJS... after 1 ms 
[2026-09-18T20:49:03.781] [DEBUG] debug-file - entry : default@CacheNativeLibs cost memory 0.08533477783203125
[2026-09-18T20:49:03.737] [DEBUG] debug-file - Configuration task cost before running: 542 ms 
[2026-09-18T20:49:03.725] [DEBUG] debug-file - hvigorfile, require result:  { default: { system: [Function: hapTasks], plugins: [] } }
[2026-09-18T20:49:03.730] [DEBUG] debug-file - Target 'default' config initialized
[2026-09-18T20:49:03.745] [INFO] debug-file - UP-TO-DATE :entry:default@PreBuild...  
[2026-09-18T20:49:03.753] [DEBUG] debug-file - Executing task :entry:default@GeneratePkgSdkInfo
[2026-09-18T20:49:03.755] [INFO] debug-file - Finished :entry:default@ProcessIntegratedHsp... after 1 ms 
[2026-09-18T20:49:03.749] [INFO] debug-file - UP-TO-DATE :entry:default@CreateBuildProfile...  
[2026-09-18T20:49:03.761] [INFO] debug-file - UP-TO-DATE :entry:default@SyscapTransform...  
[2026-09-18T20:49:03.747] [DEBUG] debug-file - Executing task :entry:default@ConfigureCmake
[2026-09-18T20:49:03.765] [DEBUG] debug-file - runTaskFromQueue task cost before running: 569 ms 
[2026-09-18T20:49:03.777] [DEBUG] debug-file - build config:
[2026-09-18T20:49:03.781] [INFO] debug-file - UP-TO-DATE :entry:default@CacheNativeLibs...  
[2026-09-18T20:49:03.725] [DEBUG] debug-file - hvigorfile, binding system plugins [Function: hapTasks]
[2026-09-18T20:49:03.730] [DEBUG] debug-file - Module 'entry' target 'default' build option initialized
[2026-09-18T20:49:03.746] [DEBUG] debug-file - Executing task :entry:default@CreateModuleInfo
[2026-09-18T20:49:03.754] [DEBUG] debug-file - Task 'entry:default@GeneratePkgSdkInfo' cost while wrapping incremental declarations: 1 ms 
[2026-09-18T20:49:03.747] [DEBUG] debug-file - entry : default@ConfigureCmake cost memory 0.0120849609375
[2026-09-18T20:49:03.765] [INFO] debug-file - Finished :entry:default@ProcessStartupConfig... after 1 ms 
[2026-09-18T20:49:03.777] [DEBUG] debug-file - {
  moduleType: 'entry',
  perf: 0,
  targetName: '.default',
  packageManagerType: 'ohpm',
  localPropertiesPath: '/Users/abhi/Desktop/HarmonyOS Ports/OpenTwit-Web/local.properties',
  isPreview: false,
  isOhosTest: false,
  isLocalTest: false,
  buildMode: 'Debug',
  hotReloadBuild: undefined,
  watchMode: 'false',
  aceProfilePath: '/Users/abhi/Desktop/HarmonyOS Ports/OpenTwit-Web/entry/build/default/intermediates/res/default/resources/base/profile',
  etsLoaderPath: '/Users/abhi/Developer/command-line-tools/sdk/default/openharmony/ets/build-tools/ets-loader',
  modulePath: '/Users/abhi/Desktop/HarmonyOS Ports/OpenTwit-Web/entry',
  testFrameworkPar: {
    testMode: undefined,
    coveragePathFilter: undefined,
    coverageMode: undefined
  },
  needCoverageInsert: false,
  debugLine: false,
  projectTopDir: '/Users/abhi/Desktop/HarmonyOS Ports/OpenTwit-Web',
  compileSdkVersion: 24,
  compatibleSdkVersion: 24,
  originCompatibleSdkVersion: 24,
  compatibleSdkVersionStage: undefined,
  bundleName: 'c***t',
  etsLoaderVersion: '6.1.1.125',
  etsLoaderReleaseType: 'Release',
  aotCompileMode: 'type',
  apPath: '/Users/abhi/Desktop/HarmonyOS Ports/OpenTwit-Web/entry/modules.ap',
  entryModuleName: 'entry',
  entryModuleVersion: '1.0.0',
  entryPackageName: 'entry',
  allModuleNameHash: 'a660c64699cc15ae89ec0a8db121631e43f9cac40a33c65ab3bb5b24a32a70f0',
  externalApiPaths: [],
  compilerTypes: [],
  isCrossplatform: false,
  hvigorPluginFile: undefined,
  compilePluginPath: undefined,
  buildGeneratedProfilePath: '/Users/abhi/Desktop/HarmonyOS Ports/OpenTwit-Web/entry/build/default/generated/profile/default',
  bundleType: 'app',
  arkTSVersion: undefined,
  apiVersion: 24,
  needCompleteSourcesMap: false,
  isFaMode: false,
  buildDir: '/Users/abhi/Desktop/HarmonyOS Ports/OpenTwit-Web/entry/build',
  deviceTypes: [ 'default', 'tablet' ],
  pkgContextInfo: undefined,
  ohPackagePathMap: {},
  dependencyAliasMap: {},
  permission: { requestPermissions: [ [Object] ], definePermissions: undefined },
  useGetCurrentBundleName: false,
  projectArkOption: undefined,
  sourceMapDir: undefined,
  branchElimination: false,
  transformLib: undefined,
  tsImportSendable: false,
  resolveConflictMode: true,
  depName2RootPath: {},
  depName2DepInfo: {},
  depName2OhExports: {},
  rootPathSet: [ '/Users/abhi/Desktop/HarmonyOS Ports/OpenTwit-Web' ],
  useNativeResolver: true,
  shouldEmitJs: true,
  useTscResolve: false,
  singleFileEmit: false,
  userProjectConfig: {
    autoLazyImport: false,
    allowEmptyBundleName: false,
    reExportCheckMode: 'noCheck',
    executionMode: 'memory',
    usePathPlaceholder: false,
    writeRollupCache: true,
    isExpandImportEnabled: false,
    expandImportExclude: '',
    lazyImportExclude: '',
    lazyImportInclude: '',
    ignoreCrossplatformCheck: false,
    isHarDeduplicateEnabled: false,
    skipOhModulesLint: false,
    enableStrictCheckOHModule: false,
    disableSendableCheckRules: [],
    useDeclarationFileSignature: false,
    customizedOptions: undefined,
    integratedHsp: false,
    isPreloadSoEnabled: false
  },
  executionMode: 'memory',
  arkCompileCachePath: '/Users/abhi/Desktop/HarmonyOS Ports/OpenTwit-Web/entry/build/default/cache/default/default@CompileArkTS/esmodule',
  autoLazyFilter: undefined,
  isHarDeduplicateEnabled: false,
  intermediateHarDuplicateDirPath: '/Users/abhi/Desktop/HarmonyOS Ports/OpenTwit-Web/entry/build/default/intermediates/har_duplicate/default',
  autoLazyImport: false,
  allowEmptyBundleName: false,
  reExportCheckMode: 'noCheck',
  usePathPlaceholder: false,
  writeRollupCache: true,
  isExpandImportEnabled: false,
  expandImportExclude: '',
  lazyImportExclude: '',
  lazyImportInclude: '',
  ignoreCrossplatformCheck: false,
  skipOhModulesLint: false,
  enableStrictCheckOHModule: false,
  disableSendableCheckRules: [],
  useDeclarationFileSignature: false,
  customizedOptions: undefined,
  integratedHsp: false,
  isPreloadSoEnabled: false,
  strictMode: undefined,
  useNormalizedOHMUrl: false,
  caseSensitiveCheck: false,
  strictCheckerOnly: false,
  aceModuleJsonPath: '/Users/abhi/Desktop/HarmonyOS Ports/OpenTwit-Web/entry/build/default/intermediates/res/default/ark_module.json',
  appResource: '/Users/abhi/Desktop/HarmonyOS Ports/OpenTwit-Web/entry/build/default/intermediates/res/default/ResourceTable.txt',
  rawFileResource: '/Users/abhi/Desktop/HarmonyOS Ports/OpenTwit-Web/entry/build/default/intermediates/res/default/resources/rawfile',
  resourceTableHash: 'd7a9236f79d294e315bc3d1b504e5b678296b83b90f2a4955d74858ab482ce10',
  runtimeOS: 'OpenHarmony',
  sdkInfo: 'true:24:6.1.1.125:Release',
  aceModuleRoot: '/Users/abhi/Desktop/HarmonyOS Ports/OpenTwit-Web/entry/src/main/ets',
  compileMode: 'esmodule',
  aceSuperVisualPath: '/Users/abhi/Desktop/HarmonyOS Ports/OpenTwit-Web/entry/src/main/supervisual',
  aceBuildJson: '/Users/abhi/Desktop/HarmonyOS Ports/OpenTwit-Web/entry/build/default/intermediates/loader/default/loader.json',
  cachePath: '/Users/abhi/Desktop/HarmonyOS Ports/OpenTwit-Web/entry/build/default/cache/default/default@CompileArkTS/esmodule/debug',
  aceModuleBuild: '/Users/abhi/Desktop/HarmonyOS Ports/OpenTwit-Web/entry/build/default/intermediates/loader_out/default/ets',
  supportChunks: true,
  declaredFilesPath: undefined,
  shouldCollectDirectImportees: false,
  isByteCodeHarOptimize: false,
  expandImportPath: undefined,
  resourceTableTs: '/Users/abhi/Desktop/HarmonyOS Ports/OpenTwit-Web/entry/build/default/generated/r/default/ResourceTable.ts',
  moduleMetaInfoFiles: [
    {
      filePath: '/Users/abhi/Desktop/HarmonyOS Ports/OpenTwit-Web/entry/build/default/generated/r/default/ResourceTable.ts',
      ohmurl: 'com.example.opentwit/entry/build/generated/r/ResourceTable'
    }
  ],
  pkgNameToPkgBriefInfo: {
    entry: {
      pkgRoot: '/Users/abhi/Desktop/HarmonyOS Ports/OpenTwit-Web/entry',
      originalSourceRoots: undefined,
      sourceRoots: [Array],
      pkgName: 'entry'
    }
  },
  projectModel: {
    '/Users/abhi/Desktop/HarmonyOS Ports/OpenTwit-Web/entry/src/main': {
      moduleName: 'entry',
      modulePkgPath: '/Users/abhi/Desktop/HarmonyOS Ports/OpenTwit-Web/entry',
      belongProjectPath: '/Users/abhi/Desktop/HarmonyOS Ports/OpenTwit-Web'
    },
    '/Users/abhi/Desktop/HarmonyOS Ports/OpenTwit-Web/entry': {
      moduleName: 'entry',
      modulePkgPath: '/Users/abhi/Desktop/HarmonyOS Ports/OpenTwit-Web/entry',
      belongProjectPath: '/Users/abhi/Desktop/HarmonyOS Ports/OpenTwit-Web'
    },
    '/Users/abhi/Desktop/HarmonyOS Ports/OpenTwit-Web': {
      moduleName: 'OpenTwit-Web',
      modulePkgPath: '/Users/abhi/Desktop/HarmonyOS Ports/OpenTwit-Web',
      belongProjectPath: '/Users/abhi/Desktop/HarmonyOS Ports/OpenTwit-Web'
    }
  },
  pkgJsonFileHash: '609e42aafe57c1140ce946bba289e7e1f03709e595812d94d07acc55c62a42dd',
  allModulePaths: [ '/Users/abhi/Desktop/HarmonyOS Ports/OpenTwit-Web/entry' ],
  routerMap: {},
  obfuscationOptions: undefined,
  byteCodeHarToDependencyKeys: undefined,
  compileBlockPkg: [],
  mockParams: {
    decorator: '@MockSetup',
    packageName: '@ohos/hamock',
    etsSourceRootPath: 'src/main/ets',
    mockConfigPath: undefined,
    mockConfigKey2ModuleInfo: {},
    source2ModuleIdMap: {}
  },
  copyCodeResourceEnable: true,
  copyCodeResourceExcludes: [],
  copyCodeResourceIncludes: undefined,
  uiTransformOptimization: false,
  sdkPath: '/Users/abhi/.ohos/sdk-remap',
  needPreloadSoFileSet: {},
  preloadSoFilePath: '/Users/abhi/Desktop/HarmonyOS Ports/OpenTwit-Web/entry/build/default/intermediates/preload/default/preload.json',
  useSourceHash: false,
  localModuleParamMap: {},
  otherPaths: {
    'entry/*': [ '../*', '../../../build/default/generated/profile/default/*' ]
  },
  collectImportersConfig: undefined
}
[2026-09-18T20:49:03.725] [DEBUG] debug-file - Starting plugin build process
[2026-09-18T20:49:03.730] [DEBUG] debug-file - End initialize module-target build option map, moduleName=entry
[2026-09-18T20:49:03.746] [DEBUG] debug-file - Task 'entry:default@CreateModuleInfo' cost while wrapping incremental declarations: 1 ms 
[2026-09-18T20:49:03.754] [DEBUG] debug-file - Incremental task entry:default@GeneratePkgSdkInfo pre-execution cost: 1 ms .
[2026-09-18T20:49:03.747] [DEBUG] debug-file - runTaskFromQueue task cost before running: 552 ms 
[2026-09-18T20:49:03.778] [DEBUG] debug-file - default@CompileArkTS work[0] is submitted.
[2026-09-18T20:49:03.772] [INFO] debug-file - UP-TO-DATE :entry:default@DoNativeStrip...  
[2026-09-18T20:49:03.725] [DEBUG] debug-file - Hap plugin creating...
[2026-09-18T20:49:03.730] [DEBUG] debug-file - Start initialize module-target build option map, moduleName=entry, buildMode=debug
[2026-09-18T20:49:03.746] [DEBUG] debug-file - entry : default@CreateModuleInfo cost memory 0.03598785400390625
[2026-09-18T20:49:03.754] [DEBUG] debug-file - entry : default@GeneratePkgSdkInfo cost memory 0.1025848388671875
[2026-09-18T20:49:03.747] [INFO] debug-file - Finished :entry:default@ConfigureCmake... after 1 ms 
[2026-09-18T20:49:03.778] [DEBUG] debug-file - default@CompileArkTS work[0] is pushed to ready queue.
[2026-09-18T20:49:03.730] [DEBUG] debug-file - Target 'default' config initialized
[2026-09-18T20:49:03.746] [DEBUG] debug-file - runTaskFromQueue task cost before running: 550 ms 
[2026-09-18T20:49:03.754] [INFO] debug-file - UP-TO-DATE :entry:default@GeneratePkgSdkInfo...  
[2026-09-18T20:49:03.748] [DEBUG] debug-file - Executing task :entry:default@MergeProfile
[2026-09-18T20:49:03.778] [DEBUG] debug-file - A work dispatched to worker[9] failed because unable to get work from ready queue.
[2026-09-18T20:49:03.730] [DEBUG] debug-file - Module 'entry' target 'default' build option initialized
[2026-09-18T20:49:03.746] [INFO] debug-file - Finished :entry:default@CreateModuleInfo... after 1 ms 
[2026-09-18T20:49:03.748] [DEBUG] debug-file - Task 'entry:default@MergeProfile' cost while wrapping incremental declarations: 1 ms 
[2026-09-18T20:49:03.778] [DEBUG] debug-file - A work dispatched to worker[8] failed because unable to get work from ready queue.
[2026-09-18T20:49:03.730] [DEBUG] debug-file - End initialize module-target build option map, moduleName=entry
[2026-09-18T20:49:03.748] [DEBUG] debug-file - Incremental task entry:default@MergeProfile pre-execution cost: 1 ms .
[2026-09-18T20:49:03.778] [DEBUG] debug-file - A work dispatched to worker[7] failed because unable to get work from ready queue.
[2026-09-18T20:49:03.731] [DEBUG] debug-file - Obtain build option for module 'entry' target 'default'in this build.
[2026-09-18T20:49:03.748] [DEBUG] debug-file - entry : default@MergeProfile cost memory 0.1125030517578125
[2026-09-18T20:49:03.778] [DEBUG] debug-file - A work dispatched to worker[6] failed because unable to get work from ready queue.
[2026-09-18T20:49:03.732] [DEBUG] debug-file - Module entry task initialization takes 2 ms 
[2026-09-18T20:49:03.749] [INFO] debug-file - UP-TO-DATE :entry:default@MergeProfile...  
[2026-09-18T20:49:03.778] [DEBUG] debug-file - A work dispatched to worker[5] failed because unable to get work from ready queue.
[2026-09-18T20:49:03.732] [DEBUG] debug-file - Hap plugin register hook start...
[2026-09-18T20:49:03.778] [DEBUG] debug-file - Create  resident worker with id: 4.
[2026-09-18T20:49:03.732] [DEBUG] debug-file - Hap plugin register hook end...
[2026-09-18T20:49:03.778] [DEBUG] debug-file - default@CompileArkTS work[0] has been dispatched to worker[4].
[2026-09-18T20:49:03.733] [DEBUG] debug-file - Plugin build process completed
[2026-09-18T20:49:03.779] [DEBUG] debug-file - default@CompileArkTS work[0] is dispatched.
[2026-09-18T20:49:03.733] [DEBUG] debug-file - hvigorfile, begin to bind custom plugins...
[2026-09-18T20:49:03.779] [DEBUG] debug-file - CopyResources startTime: 3728910265458
[2026-09-18T20:49:03.733] [DEBUG] debug-file - hvigorfile, no custom plugins were found in /Users/abhi/Desktop/HarmonyOS Ports/OpenTwit-Web/entry/hvigorfile.ts
[2026-09-18T20:49:03.779] [DEBUG] debug-file - default@CompileArkTS work[1] is submitted.
[2026-09-18T20:49:03.733] [DEBUG] debug-file - hvigorfile, resolve finished /Users/abhi/Desktop/HarmonyOS Ports/OpenTwit-Web/entry/hvigorfile.ts
[2026-09-18T20:49:03.779] [DEBUG] debug-file - default@CompileArkTS work[1] is pushed to ready queue.
[2026-09-18T20:49:03.779] [DEBUG] debug-file - A work dispatched to worker[9] failed because unable to get work from ready queue.
[2026-09-18T20:49:03.779] [DEBUG] debug-file - Create  resident worker with id: 8.
[2026-09-18T20:49:03.779] [DEBUG] debug-file - default@CompileArkTS work[1] has been dispatched to worker[8].
[2026-09-18T20:49:03.779] [DEBUG] debug-file - default@CompileArkTS work[1] is dispatched.
[2026-09-18T20:49:03.779] [DEBUG] debug-file - entry : default@CompileArkTS cost memory 1.891998291015625
[2026-09-18T20:49:03.993] [DEBUG] debug-file - worker[8] has one work done.
[2026-09-18T20:49:03.993] [DEBUG] debug-file - CopyResources is end, endTime: 3729125165166
[2026-09-18T20:49:03.994] [DEBUG] debug-file - default@CompileArkTS work[1] done.
[2026-09-18T20:49:03.994] [DEBUG] debug-file - A work dispatched to worker[8] failed because unable to get work from ready queue.
[2026-09-18T20:49:06.143] [WARN] debug-file - [33mWARN: [33m[33mArkTS:WARN File: /Users/abhi/Desktop/HarmonyOS Ports/OpenTwit-Web/entry/src/main/ets/services/WebTimeline.ets:44:54
 Usage of 'ESObject' type is restricted (arkts-limited-esobj)
[39m[39m
[33mWARN: [33m[33mArkTS:WARN File: /Users/abhi/Desktop/HarmonyOS Ports/OpenTwit-Web/entry/src/main/ets/services/WebTimeline.ets:76:19
 Usage of 'ESObject' type is restricted (arkts-limited-esobj)
[39m[39m
[33mWARN: [33m[33mArkTS:WARN File: /Users/abhi/Desktop/HarmonyOS Ports/OpenTwit-Web/entry/src/main/ets/services/WebTimeline.ets:83:17
 Usage of 'ESObject' type is restricted (arkts-limited-esobj)
[39m[39m
[33mWARN: [33m[33mArkTS:WARN File: /Users/abhi/Desktop/HarmonyOS Ports/OpenTwit-Web/entry/src/main/ets/services/WebTimeline.ets:91:17
 Usage of 'ESObject' type is restricted (arkts-limited-esobj)
[39m[39m
[33mWARN: [33m[33mArkTS:WARN File: /Users/abhi/Desktop/HarmonyOS Ports/OpenTwit-Web/entry/src/main/ets/services/WebTimeline.ets:96:19
 Usage of 'ESObject' type is restricted (arkts-limited-esobj)
[39m[39m
[33mWARN: [33m[33mArkTS:WARN File: /Users/abhi/Desktop/HarmonyOS Ports/OpenTwit-Web/entry/src/main/ets/services/WebTimeline.ets:102:17
 Usage of 'ESObject' type is restricted (arkts-limited-esobj)
[39m[39m
[33mWARN: [33m[33mArkTS:WARN File: /Users/abhi/Desktop/HarmonyOS Ports/OpenTwit-Web/entry/src/main/ets/services/WebTimeline.ets:109:19
 Usage of 'ESObject' type is restricted (arkts-limited-esobj)
[39m[39m
[33mWARN: [33m[33mArkTS:WARN File: /Users/abhi/Desktop/HarmonyOS Ports/OpenTwit-Web/entry/src/main/ets/services/WebTimeline.ets:118:17
 Usage of 'ESObject' type is restricted (arkts-limited-esobj)
[39m[39m
[33mWARN: [33m[33mArkTS:WARN File: /Users/abhi/Desktop/HarmonyOS Ports/OpenTwit-Web/entry/src/main/ets/services/WebTimeline.ets:125:19
 Usage of 'ESObject' type is restricted (arkts-limited-esobj)
[39m[39m
[33mWARN: [33m[33mArkTS:WARN File: /Users/abhi/Desktop/HarmonyOS Ports/OpenTwit-Web/entry/src/main/ets/services/WebTimeline.ets:132:36
 Usage of 'ESObject' type is restricted (arkts-limited-esobj)
[39m[39m
[33mWARN: [33m[33mArkTS:WARN: For details about ArkTS syntax errors, see FAQs[39m[39m
[33mWARN: [33m[33mArkTS:WARN File: /Users/abhi/Desktop/HarmonyOS Ports/OpenTwit-Web/entry/src/main/ets/common/TokenStore.ets:9:18
 Function may throw exceptions. Special handling is required.
[39m[39m
[33mWARN: [33m[33mArkTS:WARN File: /Users/abhi/Desktop/HarmonyOS Ports/OpenTwit-Web/entry/src/main/ets/common/TokenStore.ets:14:11
 Function may throw exceptions. Special handling is required.
[39m[39m
[33mWARN: [33m[33mArkTS:WARN File: /Users/abhi/Desktop/HarmonyOS Ports/OpenTwit-Web/entry/src/main/ets/common/TokenStore.ets:15:11
 Function may throw exceptions. Special handling is required.
[39m[39m
[33mWARN: [33m[33mArkTS:WARN File: /Users/abhi/Desktop/HarmonyOS Ports/OpenTwit-Web/entry/src/main/ets/common/TokenStore.ets:20:18
 Function may throw exceptions. Special handling is required.
[39m[39m
[33mWARN: [33m[33mArkTS:WARN File: /Users/abhi/Desktop/HarmonyOS Ports/OpenTwit-Web/entry/src/main/ets/common/TokenStore.ets:25:11
 Function may throw exceptions. Special handling is required.
[39m[39m
[33mWARN: [33m[33mArkTS:WARN File: /Users/abhi/Desktop/HarmonyOS Ports/OpenTwit-Web/entry/src/main/ets/common/TokenStore.ets:26:11
 Function may throw exceptions. Special handling is required.
[39m[39m
[33mWARN: [33m[33mArkTS:WARN File: /Users/abhi/Desktop/HarmonyOS Ports/OpenTwit-Web/entry/src/main/ets/common/TokenStore.ets:31:18
 Function may throw exceptions. Special handling is required.
[39m[39m
[33mWARN: [33m[33mArkTS:WARN File: /Users/abhi/Desktop/HarmonyOS Ports/OpenTwit-Web/entry/src/main/ets/pages/Home.ets:19:58
 'getContext' has been deprecated.
[39m[39m
[33mWARN: [33m[33mArkTS:WARN File: /Users/abhi/Desktop/HarmonyOS Ports/OpenTwit-Web/entry/src/main/ets/pages/Explore.ets:16:57
 'getContext' has been deprecated.
[39m[39m
[33mWARN: [33m[33mArkTS:WARN File: /Users/abhi/Desktop/HarmonyOS Ports/OpenTwit-Web/entry/src/main/ets/pages/Notify.ets:14:57
 'getContext' has been deprecated.
[39m[39m
[33mWARN: [33m[33mArkTS:WARN File: /Users/abhi/Desktop/HarmonyOS Ports/OpenTwit-Web/entry/src/main/ets/pages/Messages.ets:13:57
 'getContext' has been deprecated.
[39m[39m
[33mWARN: [33m[33mArkTS:WARN File: /Users/abhi/Desktop/HarmonyOS Ports/OpenTwit-Web/entry/src/main/ets/pages/Profile.ets:11:49
 'getContext' has been deprecated.
[39m[39m
[33mWARN: [33m[33mArkTS:WARN File: /Users/abhi/Desktop/HarmonyOS Ports/OpenTwit-Web/entry/src/main/ets/pages/Profile.ets:79:22
 'pushUrl' has been deprecated.
[39m[39m
[33mWARN: [33m[33mArkTS:WARN File: /Users/abhi/Desktop/HarmonyOS Ports/OpenTwit-Web/entry/src/main/ets/pages/Login.ets:19:46
 'getContext' has been deprecated.
[39m[39m
[33mWARN: [33m[33mArkTS:WARN File: /Users/abhi/Desktop/HarmonyOS Ports/OpenTwit-Web/entry/src/main/ets/pages/Login.ets:23:18
 'pushUrl' has been deprecated.
[39m[39m

[2026-09-18T20:49:06.143] [DEBUG] debug-file - Ark compile task finished.finished time is 3731275042083
[2026-09-18T20:49:06.144] [DEBUG] debug-file - worker[4] has one work done.
[2026-09-18T20:49:06.144] [DEBUG] debug-file - default@CompileArkTS work[0] done.
[2026-09-18T20:49:06.146] [DEBUG] debug-file - Executing task :entry:default@PackageHap
[2026-09-18T20:49:06.144] [DEBUG] debug-file - A work dispatched to worker[4] failed because unable to get work from ready queue.
[2026-09-18T20:49:06.147] [DEBUG] debug-file - entry:default@PackageHap is not up-to-date, since the input file '/Users/abhi/Desktop/HarmonyOS Ports/OpenTwit-Web/entry/build/default/intermediates/loader_out/default/ets' has been changed.
[2026-09-18T20:49:06.145] [INFO] debug-file - Finished :entry:default@CompileArkTS... after 1 s 836 ms 
[2026-09-18T20:49:06.147] [DEBUG] debug-file - Incremental task entry:default@PackageHap pre-execution cost: 1 ms .
[2026-09-18T20:49:06.145] [DEBUG] debug-file - Executing task :entry:default@GeneratePkgModuleJson
[2026-09-18T20:49:06.148] [DEBUG] debug-file - default@PackageHap work[2] is submitted.
[2026-09-18T20:49:06.148] [DEBUG] debug-file - Use tool [/Users/abhi/.ohos/sdk-remap/24/toolchains/lib/app_packing_tool.jar]
 [
  'java',
  '-Dfile.encoding=utf-8',
  '-jar',
  '/Users/abhi/.ohos/sdk-remap/24/toolchains/lib/app_packing_tool.jar',
  '--mode',
  'hap',
  '--force',
  'true',
  '--lib-path',
  '/Users/abhi/Desktop/HarmonyOS Ports/OpenTwit-Web/entry/build/default/intermediates/stripped_native_libs/default',
  '--json-path',
  '/Users/abhi/Desktop/HarmonyOS Ports/OpenTwit-Web/entry/build/default/intermediates/package/default/module.json',
  '--resources-path',
  '/Users/abhi/Desktop/HarmonyOS Ports/OpenTwit-Web/entry/build/default/intermediates/res/default/resources',
  '--index-path',
  '/Users/abhi/Desktop/HarmonyOS Ports/OpenTwit-Web/entry/build/default/intermediates/res/default/resources.index',
  '--pack-info-path',
  '/Users/abhi/Desktop/HarmonyOS Ports/OpenTwit-Web/entry/build/default/outputs/default/pack.info',
  '--out-path',
  '/Users/abhi/Desktop/HarmonyOS Ports/OpenTwit-Web/entry/build/default/outputs/default/entry-default-unsigned.hap',
  '--rpcid-path',
  '/Users/abhi/Desktop/HarmonyOS Ports/OpenTwit-Web/entry/build/default/intermediates/syscap/default/rpcid.sc',
  '--ets-path',
  '/Users/abhi/Desktop/HarmonyOS Ports/OpenTwit-Web/entry/build/default/intermediates/loader_out/default/ets',
  '--pkg-sdk-info-path',
  '/Users/abhi/Desktop/HarmonyOS Ports/OpenTwit-Web/entry/build/default/intermediates/loader/default/pkgSdkInfo.json'
]
[2026-09-18T20:49:06.145] [DEBUG] debug-file - File: '/Users/abhi/Desktop/HarmonyOS Ports/OpenTwit-Web/entry/build/default/intermediates/preload/default/preload.json' from 'preloadSoJsonPath' is not exists, just ignore.
[2026-09-18T20:49:06.148] [DEBUG] debug-file - default@PackageHap work[2] is pushed to ready queue.
[2026-09-18T20:49:06.145] [DEBUG] debug-file - Error occurs while handling @Input 'shouldDeduplicateHar': The "data" argument must be of type string or an instance of Buffer, TypedArray, or DataView. Received undefined
[2026-09-18T20:49:06.148] [DEBUG] debug-file - A work dispatched to worker[9] failed because unable to get work from ready queue.
[2026-09-18T20:49:06.145] [DEBUG] debug-file - Task 'entry:default@GeneratePkgModuleJson' cost while wrapping incremental declarations: 1 ms 
[2026-09-18T20:49:06.148] [DEBUG] debug-file - default@PackageHap work[2] has been dispatched to worker[8].
[2026-09-18T20:49:06.145] [DEBUG] debug-file - Incremental task entry:default@GeneratePkgModuleJson pre-execution cost: 1 ms .
[2026-09-18T20:49:06.148] [DEBUG] debug-file - default@PackageHap work[2] is dispatched.
[2026-09-18T20:49:06.145] [DEBUG] debug-file - entry : default@GeneratePkgModuleJson cost memory 0.30747222900390625
[2026-09-18T20:49:06.148] [DEBUG] debug-file - entry : default@PackageHap cost memory 0.38986968994140625
[2026-09-18T20:49:06.145] [INFO] debug-file - UP-TO-DATE :entry:default@GeneratePkgModuleJson...  
[2026-09-18T20:49:06.146] [DEBUG] debug-file - Executing task :entry:default@ProcessCompiledResources
[2026-09-18T20:49:06.146] [DEBUG] debug-file - File: '/Users/abhi/Desktop/HarmonyOS Ports/OpenTwit-Web/entry/build/default/intermediates/preload/default/preload.json' from 'preloadSoJsonPath' is not exists, just ignore.
[2026-09-18T20:49:06.146] [DEBUG] debug-file - Task 'entry:default@ProcessCompiledResources' cost while wrapping incremental declarations: 1 ms 
[2026-09-18T20:49:06.146] [DEBUG] debug-file - entry : default@ProcessCompiledResources cost memory 0.045501708984375
[2026-09-18T20:49:06.146] [DEBUG] debug-file - runTaskFromQueue task cost before running: 2 s 950 ms 
[2026-09-18T20:49:06.146] [INFO] debug-file - Finished :entry:default@ProcessCompiledResources... after 1 ms 
[2026-09-18T20:49:06.187] [DEBUG] debug-file - current process  memoryUsage: {
  rss: 805240832,
  heapTotal: 81297408,
  heapUsed: 55738640,
  external: 2409006,
  arrayBuffers: 255552
} os memoryUsage :15.937652587890625
[2026-09-18T20:49:06.427] [DEBUG] debug-file - worker[8] has one work done.
[2026-09-18T20:49:06.427] [DEBUG] debug-file - default@PackageHap work[2] done.
[2026-09-18T20:49:06.428] [DEBUG] debug-file - Executing task :entry:default@PackingCheck
[2026-09-18T20:49:06.431] [DEBUG] debug-file - Executing task :entry:default@SignHap
[2026-09-18T20:49:06.433] [ERROR] debug-file - Failed :entry:default@SignHap... 
[2026-09-18T20:49:06.427] [DEBUG] debug-file - A work dispatched to worker[8] failed because unable to get work from ready queue.
[2026-09-18T20:49:06.430] [DEBUG] debug-file - entry : default@PackingCheck cost memory 0.47190093994140625
[2026-09-18T20:49:06.433] [DEBUG] debug-file - hvigor build process will be closed with an error.
[2026-09-18T20:49:06.427] [INFO] debug-file - Finished :entry:default@PackageHap... after 244 ms 
[2026-09-18T20:49:06.430] [DEBUG] debug-file - runTaskFromQueue task cost before running: 3 s 235 ms 
[2026-09-18T20:49:06.442] [ERROR] debug-file - [31m00303116 Configuration Error
Error Message: The length of the storePassword or keyPassword field in the signature configuration is less than 32. At file: /Users/abhi/Desktop/HarmonyOS Ports/OpenTwit-Web/build-profile.json5

* Try the following:
  > Re-execute sign your app/atomic service automatically：clear the signingConfigs field in the /Users/abhi/Desktop/HarmonyOS Ports/OpenTwit-Web/build-profile.json5 file and go to Project Structure > Project > Signing Configs and apply the signature material
  > Verify if signingConfigs is overridden in the project-level and module-level hvigorfile.ts. If so, use the error message to ensure the configuration is correct.
[39m

[31m* Try:
> Run with --stacktrace option to get the stack trace.
> Run with --debug option to get more log output.

[2026-09-18T20:49:06.430] [INFO] debug-file - Finished :entry:default@PackingCheck... after 3 ms 
[2026-09-18T20:49:06.442] [DEBUG] debug-file - ERROR: stacktrace = AdaptorError: [31m00303116 Configuration Error
Error Message: The length of the storePassword or keyPassword field in the signature configuration is less than 32. At file: /Users/abhi/Desktop/HarmonyOS Ports/OpenTwit-Web/build-profile.json5

* Try the following:
  > Re-execute sign your app/atomic service automatically：clear the signingConfigs field in the /Users/abhi/Desktop/HarmonyOS Ports/OpenTwit-Web/build-profile.json5 file and go to Project Structure > Project > Signing Configs and apply the signature material
  > Verify if signingConfigs is overridden in the project-level and module-level hvigorfile.ts. If so, use the error message to ensure the configuration is correct.
[39m
    at OhosLogger.printErrorExit (/Users/abhi/Developer/command-line-tools/hvigor/hvigor/src/base/log/hvigor-log.js:1:5087)
    at DecipherUtil.decryptPwd (/Users/abhi/.hvigor/project_caches/0947245c615fa1be5fb4a847626f95c7/workspace/node_modules/.pnpm/@ohos+hvigor-ohos-plugin@6.24.2/node_modules/@ohos/hvigor-ohos-plugin/src/utils/decipher-util.js:1:506)
    at HapSignCommandBuilder.getKeyStorePwd (/Users/abhi/.hvigor/project_caches/0947245c615fa1be5fb4a847626f95c7/workspace/node_modules/.pnpm/@ohos+hvigor-ohos-plugin@6.24.2/node_modules/@ohos/hvigor-ohos-plugin/src/tasks/sign/command-builder-impl/common-sign-command-builder.js:1:1341)
    at HapSignCommandBuilder.initCommandParams (/Users/abhi/.hvigor/project_caches/0947245c615fa1be5fb4a847626f95c7/workspace/node_modules/.pnpm/@ohos+hvigor-ohos-plugin@6.24.2/node_modules/@ohos/hvigor-ohos-plugin/src/tasks/sign/command-builder-impl/hap-sign-command-builder.js:1:771)
    at HapSignCommandBuilder.getSignCommand (/Users/abhi/.hvigor/project_caches/0947245c615fa1be5fb4a847626f95c7/workspace/node_modules/.pnpm/@ohos+hvigor-ohos-plugin@6.24.2/node_modules/@ohos/hvigor-ohos-plugin/src/tasks/sign/command-builder-impl/common-sign-command-builder.js:1:1053)
    at SignUtil.executeSign (/Users/abhi/.hvigor/project_caches/0947245c615fa1be5fb4a847626f95c7/workspace/node_modules/.pnpm/@ohos+hvigor-ohos-plugin@6.24.2/node_modules/@ohos/hvigor-ohos-plugin/src/tasks/sign/sign-util.js:1:4163)
    at SignUtil.sign (/Users/abhi/.hvigor/project_caches/0947245c615fa1be5fb4a847626f95c7/workspace/node_modules/.pnpm/@ohos+hvigor-ohos-plugin@6.24.2/node_modules/@ohos/hvigor-ohos-plugin/src/tasks/sign/sign-util.js:1:2319)
    at SignHap.doTaskAction (/Users/abhi/.hvigor/project_caches/0947245c615fa1be5fb4a847626f95c7/workspace/node_modules/.pnpm/@ohos+hvigor-ohos-plugin@6.24.2/node_modules/@ohos/hvigor-ohos-plugin/src/tasks/sign-hap.js:1:1763)
    at SignHap.<anonymous> (/Users/abhi/.hvigor/project_caches/0947245c615fa1be5fb4a847626f95c7/workspace/node_modules/.pnpm/@ohos+hvigor-ohos-plugin@6.24.2/node_modules/@ohos/hvigor-ohos-plugin/src/tasks/task/ohos-module-task.js:1:2137)
    at async SignHap.execute (/Users/abhi/Developer/command-line-tools/hvigor/hvigor/src/base/external/task/core-task-impl.js:1:2258)
[2026-09-18T20:49:06.442] [ERROR] debug-file - AdaptorError: [31m00303116 Configuration Error
Error Message: The length of the storePassword or keyPassword field in the signature configuration is less than 32. At file: /Users/abhi/Desktop/HarmonyOS Ports/OpenTwit-Web/build-profile.json5

* Try the following:
  > Re-execute sign your app/atomic service automatically：clear the signingConfigs field in the /Users/abhi/Desktop/HarmonyOS Ports/OpenTwit-Web/build-profile.json5 file and go to Project Structure > Project > Signing Configs and apply the signature material
  > Verify if signingConfigs is overridden in the project-level and module-level hvigorfile.ts. If so, use the error message to ensure the configuration is correct.
[39m
    at OhosLogger.printErrorExit (/Users/abhi/Developer/command-line-tools/hvigor/hvigor/src/base/log/hvigor-log.js:1:5087)
    at DecipherUtil.decryptPwd (/Users/abhi/.hvigor/project_caches/0947245c615fa1be5fb4a847626f95c7/workspace/node_modules/.pnpm/@ohos+hvigor-ohos-plugin@6.24.2/node_modules/@ohos/hvigor-ohos-plugin/src/utils/decipher-util.js:1:506)
    at HapSignCommandBuilder.getKeyStorePwd (/Users/abhi/.hvigor/project_caches/0947245c615fa1be5fb4a847626f95c7/workspace/node_modules/.pnpm/@ohos+hvigor-ohos-plugin@6.24.2/node_modules/@ohos/hvigor-ohos-plugin/src/tasks/sign/command-builder-impl/common-sign-command-builder.js:1:1341)
    at HapSignCommandBuilder.initCommandParams (/Users/abhi/.hvigor/project_caches/0947245c615fa1be5fb4a847626f95c7/workspace/node_modules/.pnpm/@ohos+hvigor-ohos-plugin@6.24.2/node_modules/@ohos/hvigor-ohos-plugin/src/tasks/sign/command-builder-impl/hap-sign-command-builder.js:1:771)
    at HapSignCommandBuilder.getSignCommand (/Users/abhi/.hvigor/project_caches/0947245c615fa1be5fb4a847626f95c7/workspace/node_modules/.pnpm/@ohos+hvigor-ohos-plugin@6.24.2/node_modules/@ohos/hvigor-ohos-plugin/src/tasks/sign/command-builder-impl/common-sign-command-builder.js:1:1053)
    at SignUtil.executeSign (/Users/abhi/.hvigor/project_caches/0947245c615fa1be5fb4a847626f95c7/workspace/node_modules/.pnpm/@ohos+hvigor-ohos-plugin@6.24.2/node_modules/@ohos/hvigor-ohos-plugin/src/tasks/sign/sign-util.js:1:4163)
    at SignUtil.sign (/Users/abhi/.hvigor/project_caches/0947245c615fa1be5fb4a847626f95c7/workspace/node_modules/.pnpm/@ohos+hvigor-ohos-plugin@6.24.2/node_modules/@ohos/hvigor-ohos-plugin/src/tasks/sign/sign-util.js:1:2319)
    at SignHap.doTaskAction (/Users/abhi/.hvigor/project_caches/0947245c615fa1be5fb4a847626f95c7/workspace/node_modules/.pnpm/@ohos+hvigor-ohos-plugin@6.24.2/node_modules/@ohos/hvigor-ohos-plugin/src/tasks/sign-hap.js:1:1763)
    at SignHap.<anonymous> (/Users/abhi/.hvigor/project_caches/0947245c615fa1be5fb4a847626f95c7/workspace/node_modules/.pnpm/@ohos+hvigor-ohos-plugin@6.24.2/node_modules/@ohos/hvigor-ohos-plugin/src/tasks/task/ohos-module-task.js:1:2137)
    at async SignHap.execute (/Users/abhi/Developer/command-line-tools/hvigor/hvigor/src/base/external/task/core-task-impl.js:1:2258)
[2026-09-18T20:49:06.442] [ERROR] debug-file - BUILD FAILED in 3 s 246 ms 
[2026-09-18T20:49:06.442] [DEBUG] debug-file - There is no need to refresh cache, since the incremental task entry:default@PreBuild is up-to-date.
[2026-09-18T20:49:06.442] [DEBUG] debug-file - Update task entry:default@CreateModuleInfo output file:/Users/abhi/Desktop/HarmonyOS Ports/OpenTwit-Web/entry/build/default/generated/profile/default/ModuleInfo.ts cache.
[2026-09-18T20:49:06.442] [DEBUG] debug-file - Incremental task entry:default@CreateModuleInfo post-execution cost:1 ms .
[2026-09-18T20:49:06.442] [DEBUG] debug-file - There is no need to refresh cache, since the incremental task entry:default@GenerateMetadata is up-to-date.
[2026-09-18T20:49:06.442] [DEBUG] debug-file - There is no need to refresh cache, since the incremental task entry:default@MergeProfile is up-to-date.
[2026-09-18T20:49:06.442] [DEBUG] debug-file - There is no need to refresh cache, since the incremental task entry:default@CreateBuildProfile is up-to-date.
[2026-09-18T20:49:06.442] [DEBUG] debug-file - Update task entry:default@GeneratePkgContextInfo output file:/Users/abhi/Desktop/HarmonyOS Ports/OpenTwit-Web/entry/build/default/intermediates/loader/default/pkgContextInfo.json cache.
[2026-09-18T20:49:06.442] [DEBUG] debug-file - Incremental task entry:default@GeneratePkgContextInfo post-execution cost:1 ms .
[2026-09-18T20:49:06.442] [DEBUG] debug-file - There is no need to refresh cache, since the incremental task entry:default@GeneratePkgSdkInfo is up-to-date.
[2026-09-18T20:49:06.443] [DEBUG] debug-file - Update task entry:default@ProcessIntegratedHsp output file:/Users/abhi/Desktop/HarmonyOS Ports/OpenTwit-Web/build/cache/default/integrated_hsp/integratedHspCache.json cache.
[2026-09-18T20:49:06.443] [DEBUG] debug-file - Incremental task entry:default@ProcessIntegratedHsp post-execution cost:1 ms .
[2026-09-18T20:49:06.443] [DEBUG] debug-file - There is no need to refresh cache, since the incremental task entry:default@MakePackInfo is up-to-date.
[2026-09-18T20:49:06.443] [DEBUG] debug-file - There is no need to refresh cache, since the incremental task entry:default@SyscapTransform is up-to-date.
[2026-09-18T20:49:06.443] [DEBUG] debug-file - There is no need to refresh cache, since the incremental task entry:default@ProcessProfile is up-to-date.
[2026-09-18T20:49:06.443] [DEBUG] debug-file - There is no need to refresh cache, since the incremental task entry:default@ProcessRouterMap is up-to-date.
[2026-09-18T20:49:06.443] [DEBUG] debug-file - There is no need to refresh cache, since the incremental task entry:default@ProcessShareConfig is up-to-date.
[2026-09-18T20:49:06.443] [DEBUG] debug-file - Update task entry:default@ProcessStartupConfig output file:/Users/abhi/Desktop/HarmonyOS Ports/OpenTwit-Web/entry/build/default/intermediates/startup/default/startup_config.json cache.
[2026-09-18T20:49:06.443] [DEBUG] debug-file - Incremental task entry:default@ProcessStartupConfig post-execution cost:1 ms .
[2026-09-18T20:49:06.443] [DEBUG] debug-file - There is no need to refresh cache, since the incremental task entry:default@ProcessResource is up-to-date.
[2026-09-18T20:49:06.443] [DEBUG] debug-file - There is no need to refresh cache, since the incremental task entry:default@GenerateLoaderJson is up-to-date.
[2026-09-18T20:49:06.443] [DEBUG] debug-file - There is no need to refresh cache, since the incremental task entry:default@ProcessLibs is up-to-date.
[2026-09-18T20:49:06.443] [DEBUG] debug-file - There is no need to refresh cache, since the incremental task entry:default@CompileResource is up-to-date.
[2026-09-18T20:49:06.443] [DEBUG] debug-file - There is no need to refresh cache, since the incremental task entry:default@DoNativeStrip is up-to-date.
[2026-09-18T20:49:06.443] [DEBUG] debug-file - Update task entry:default@CompileArkTS input file:/Users/abhi/Desktop/HarmonyOS Ports/OpenTwit-Web/entry/build/default/intermediates/loader/default cache by regenerate.
[2026-09-18T20:49:06.443] [DEBUG] debug-file - Update task entry:default@CompileArkTS input file:/Users/abhi/Desktop/HarmonyOS Ports/OpenTwit-Web/entry/build/default/intermediates/res/default/ResourceTable.txt cache by regenerate.
[2026-09-18T20:49:06.443] [DEBUG] debug-file - Update task entry:default@CompileArkTS input file:/Users/abhi/Desktop/HarmonyOS Ports/OpenTwit-Web/entry/build/default/intermediates/res/default/ark_module.json cache by regenerate.
[2026-09-18T20:49:06.443] [DEBUG] debug-file - Update task entry:default@CompileArkTS input file:/Users/abhi/Desktop/HarmonyOS Ports/OpenTwit-Web/entry/build/default/intermediates/res/default/resources/base/profile cache by regenerate.
[2026-09-18T20:49:06.443] [DEBUG] debug-file - Update task entry:default@CompileArkTS input file:/Users/abhi/Desktop/HarmonyOS Ports/OpenTwit-Web/entry/src/main/ets cache from map.
[2026-09-18T20:49:06.443] [DEBUG] debug-file - Update task entry:default@CompileArkTS input file:/Users/abhi/Desktop/HarmonyOS Ports/OpenTwit-Web/entry/build/default/generated/profile/default/BuildProfile.ets cache by regenerate.
[2026-09-18T20:49:06.443] [DEBUG] debug-file - Update task entry:default@CompileArkTS output file:/Users/abhi/Desktop/HarmonyOS Ports/OpenTwit-Web/entry/build/default/intermediates/loader_out/default/ets cache.
[2026-09-18T20:49:06.443] [DEBUG] debug-file - Incremental task entry:default@CompileArkTS post-execution cost:1 ms .
[2026-09-18T20:49:06.443] [DEBUG] debug-file - Update task entry:default@BuildJS input file:/Users/abhi/Desktop/HarmonyOS Ports/OpenTwit-Web/entry/build/default/intermediates/loader/default cache by regenerate.
[2026-09-18T20:49:06.443] [DEBUG] debug-file - Update task entry:default@BuildJS input file:/Users/abhi/Desktop/HarmonyOS Ports/OpenTwit-Web/entry/build/default/intermediates/res/default/ResourceTable.txt cache by regenerate.
[2026-09-18T20:49:06.443] [DEBUG] debug-file - Update task entry:default@BuildJS input file:/Users/abhi/Desktop/HarmonyOS Ports/OpenTwit-Web/entry/build/default/intermediates/res/default/ark_module.json cache by regenerate.
[2026-09-18T20:49:06.443] [DEBUG] debug-file - Update task entry:default@BuildJS input file:/Users/abhi/Desktop/HarmonyOS Ports/OpenTwit-Web/entry/build/default/intermediates/res/default/resources/base/profile cache by regenerate.
[2026-09-18T20:49:06.443] [DEBUG] debug-file - Update task entry:default@BuildJS output file:/Users/abhi/Desktop/HarmonyOS Ports/OpenTwit-Web/entry/build/default/intermediates/loader_out/default/js cache.
[2026-09-18T20:49:06.444] [DEBUG] debug-file - Incremental task entry:default@BuildJS post-execution cost:1 ms .
[2026-09-18T20:49:06.444] [DEBUG] debug-file - There is no need to refresh cache, since the incremental task entry:default@CacheNativeLibs is up-to-date.
[2026-09-18T20:49:06.444] [DEBUG] debug-file - There is no need to refresh cache, since the incremental task entry:default@GeneratePkgModuleJson is up-to-date.
[2026-09-18T20:49:06.444] [DEBUG] debug-file - Incremental task entry:default@ProcessCompiledResources post-execution cost:1 ms .
[2026-09-18T20:49:06.444] [DEBUG] debug-file - Update task entry:default@PackageHap input file:/Users/abhi/Desktop/HarmonyOS Ports/OpenTwit-Web/entry/build/default/intermediates/stripped_native_libs/default cache by regenerate.
[2026-09-18T20:49:06.444] [DEBUG] debug-file - Update task entry:default@PackageHap input file:/Users/abhi/Desktop/HarmonyOS Ports/OpenTwit-Web/entry/build/default/intermediates/res/default/module.json cache by regenerate.
[2026-09-18T20:49:06.444] [DEBUG] debug-file - Update task entry:default@PackageHap input file:/Users/abhi/Desktop/HarmonyOS Ports/OpenTwit-Web/entry/build/default/intermediates/res/default/resources cache by regenerate.
[2026-09-18T20:49:06.444] [DEBUG] debug-file - Update task entry:default@PackageHap input file:/Users/abhi/Desktop/HarmonyOS Ports/OpenTwit-Web/entry/build/default/intermediates/res/default/resources.index cache by regenerate.
[2026-09-18T20:49:06.444] [DEBUG] debug-file - Update task entry:default@PackageHap input file:/Users/abhi/Desktop/HarmonyOS Ports/OpenTwit-Web/entry/build/default/outputs/default/pack.info cache by regenerate.
[2026-09-18T20:49:06.444] [DEBUG] debug-file - Update task entry:default@PackageHap input file:/Users/abhi/Desktop/HarmonyOS Ports/OpenTwit-Web/entry/build/default/intermediates/syscap/default/rpcid.sc cache by regenerate.
[2026-09-18T20:49:06.444] [DEBUG] debug-file - Update task entry:default@PackageHap input file:/Users/abhi/Desktop/HarmonyOS Ports/OpenTwit-Web/entry/build/default/intermediates/loader_out/default/ets cache from map.
[2026-09-18T20:49:06.444] [DEBUG] debug-file - Update task entry:default@PackageHap input file:/Users/abhi/Desktop/HarmonyOS Ports/OpenTwit-Web/entry/build/default/intermediates/loader/default/pkgSdkInfo.json cache by regenerate.
[2026-09-18T20:49:06.444] [DEBUG] debug-file - Update task entry:default@PackageHap input file:/Users/abhi/Desktop/HarmonyOS Ports/OpenTwit-Web/entry/build/default/intermediates/loader_out/default/ets/sourceMaps.map cache by regenerate.
[2026-09-18T20:49:06.444] [DEBUG] debug-file - Update task entry:default@PackageHap input file:/Users/abhi/Desktop/HarmonyOS Ports/OpenTwit-Web/entry/build/default/generated/profile/default/BuildProfile.ets cache by regenerate.
[2026-09-18T20:49:06.444] [DEBUG] debug-file - Update task entry:default@PackageHap output file:/Users/abhi/Desktop/HarmonyOS Ports/OpenTwit-Web/entry/build/default/outputs/default/entry-default-unsigned.hap cache.
[2026-09-18T20:49:06.444] [DEBUG] debug-file - Update task entry:default@PackageHap output file:/Users/abhi/Desktop/HarmonyOS Ports/OpenTwit-Web/entry/build/default/intermediates/source_map/default/sourceMaps.map cache.
[2026-09-18T20:49:06.444] [DEBUG] debug-file - Update task entry:default@PackageHap output file:/Users/abhi/Desktop/HarmonyOS Ports/OpenTwit-Web/entry/build/default/outputs/default/mapping/sourceMaps.map cache.
[2026-09-18T20:49:06.444] [DEBUG] debug-file - Incremental task entry:default@PackageHap post-execution cost:1 ms .
[2026-09-18T20:49:06.444] [DEBUG] debug-file - Update task entry:default@SignHap input file:/Users/abhi/.ohos/config/debug.cer cache by regenerate.
[2026-09-18T20:49:06.444] [DEBUG] debug-file - Update task entry:default@SignHap input file:/Users/abhi/.ohos/config/debug.p7b cache by regenerate.
[2026-09-18T20:49:06.444] [DEBUG] debug-file - Update task entry:default@SignHap input file:/Users/abhi/.ohos/config/debug.p12 cache by regenerate.
[2026-09-18T20:49:06.444] [DEBUG] debug-file - Update task entry:default@SignHap input file:/Users/abhi/Desktop/HarmonyOS Ports/OpenTwit-Web/entry/build/default/outputs/default/entry-default-unsigned.hap cache by regenerate.
[2026-09-18T20:49:06.444] [DEBUG] debug-file - Update task entry:default@SignHap output file:/Users/abhi/Desktop/HarmonyOS Ports/OpenTwit-Web/entry/build/default/outputs/default/entry-default-signed.hap cache.
[2026-09-18T20:49:06.444] [DEBUG] debug-file - Incremental task entry:default@SignHap post-execution cost:1 ms .
[2026-09-18T20:49:06.448] [DEBUG] debug-file - Current worker pool is stopped or closed.
[2026-09-18T20:49:06.449] [DEBUG] debug-file - Clear worker 0.
[2026-09-18T20:49:06.449] [DEBUG] debug-file - Worker 0 has been cleared.
[2026-09-18T20:49:06.449] [DEBUG] debug-file - Current idle worker size: 3.
[2026-09-18T20:49:06.449] [DEBUG] debug-file - Current busy worker size: 0.
[2026-09-18T20:49:06.449] [DEBUG] debug-file - Clear worker 1.
[2026-09-18T20:49:06.449] [DEBUG] debug-file - Worker 1 has been cleared.
[2026-09-18T20:49:06.449] [DEBUG] debug-file - Current idle worker size: 2.
[2026-09-18T20:49:06.449] [DEBUG] debug-file - Current busy worker size: 0.
[2026-09-18T20:49:06.449] [DEBUG] debug-file - Clear worker 4.
[2026-09-18T20:49:06.449] [DEBUG] debug-file - Worker 4 has been cleared.
[2026-09-18T20:49:06.449] [DEBUG] debug-file - Current idle worker size: 1.
[2026-09-18T20:49:06.449] [DEBUG] debug-file - Current busy worker size: 0.
[2026-09-18T20:49:06.449] [DEBUG] debug-file - Clear worker 8.
[2026-09-18T20:49:06.449] [DEBUG] debug-file - Worker 8 has been cleared.
[2026-09-18T20:49:06.449] [DEBUG] debug-file - Current idle worker size: 0.
[2026-09-18T20:49:06.449] [DEBUG] debug-file - Current busy worker size: 0.
[2026-09-18T20:49:06.449] [DEBUG] debug-file - hvigor build process will be closed.
[2026-09-18T20:49:06.450] [DEBUG] debug-file - Current worker pool is terminated.
[2026-09-18T20:49:06.451] [DEBUG] debug-file - worker[0] exits with exit code 1.
[2026-09-18T20:49:06.451] [DEBUG] debug-file - worker[1] exits with exit code 1.
[2026-09-18T20:49:06.452] [DEBUG] debug-file - worker[8] exits with exit code 1.
[2026-09-18T20:49:06.460] [DEBUG] debug-file - worker[4] exits with exit code 1.
